invoice_id,customer_id,subscription_id,invoice_date,service_period_end,invoice_amount,refund_amount,payment_date,invoice_status
I00001,C0001,S0001,7/1/2025,7/31/2025,10800,0,7/31/2025,Paid
I00002,C0001,S0001,7/1/2026,7/31/2026,10800,0,7/22/2026,Paid
I00003,C0002,S0002,7/1/2025,7/31/2025,2400,0,7/8/2025,Paid
I00004,C0002,S0002,8/1/2025,8/31/2025,2400,0,9/3/2025,Paid
I00005,C0002,S0002,9/1/2025,9/30/2025,2400,0,9/25/2025,Paid
I00006,C0002,S0002,10/1/2025,10/31/2025,2400,0,10/22/2025,Paid
I00007,C0002,S0002,11/1/2025,11/30/2025,2400,0,11/23/2025,Paid
I00008,C0002,S0002,12/1/2025,12/31/2025,2400,0,1/7/2026,Paid
I00009,C0002,S0002,1/1/2026,1/31/2026,2400,0,2/7/2026,Paid
I00010,C0002,S0002,2/1/2026,2/28/2026,2400,0,3/9/2026,Paid
I00011,C0002,S0002,3/1/2026,3/31/2026,2400,0,3/20/2026,Paid
I00012,C0002,S0002,4/1/2026,4/30/2026,2400,0,4/19/2026,Paid
I00013,C0002,S0002,5/1/2026,5/31/2026,2400,0,5/14/2026,Paid
I00014,C0002,S0002,6/1/2026,6/30/2026,2400,0,6/12/2026,Paid
I00015,C0002,S0002,7/1/2026,7/31/2026,2400,0,8/2/2026,Paid
I00016,C0003,S0003,10/1/2025,10/31/2025,900,0,10/20/2025,Paid
I00017,C0003,S0003,11/1/2025,11/30/2025,900,0,11/28/2025,Paid
I00018,C0003,S0003,12/1/2025,12/31/2025,900,0,,Open
I00019,C0003,S0003,1/1/2026,1/31/2026,900,0,2/4/2026,Paid
I00020,C0003,S0003,2/1/2026,2/28/2026,900,0,2/22/2026,Paid
I00021,C0003,S0003,3/1/2026,3/31/2026,900,0,3/14/2026,Paid
I00022,C0003,S0003,4/1/2026,4/30/2026,900,0,5/6/2026,Paid
I00023,C0003,S0003,5/1/2026,5/31/2026,900,0,6/9/2026,Paid
I00024,C0003,S0003,6/1/2026,6/30/2026,900,0,6/30/2026,Paid
I00025,C0003,S0003,7/1/2026,7/31/2026,900,0,7/8/2026,Paid
I00026,C0004,S0004,1/1/2026,1/31/2026,10800,0,1/20/2026,Paid
I00027,C0005,S0005,8/1/2025,8/31/2025,6200,0,8/8/2025,Paid
I00028,C0005,S0005,9/1/2025,9/30/2025,6200,0,10/3/2025,Paid
I00029,C0005,S0005,10/1/2025,10/31/2025,6200,0,11/9/2025,Paid
I00030,C0005,S0005,11/1/2025,11/30/2025,6200,0,11/15/2025,Paid
I00031,C0005,S0005,12/1/2025,12/31/2025,6200,0,12/28/2025,Paid
I00032,C0005,S0005,1/1/2026,1/31/2026,6200,0,1/30/2026,Paid
I00033,C0005,S0005,2/1/2026,2/28/2026,6200,0,2/11/2026,Paid
I00034,C0005,S0005,3/1/2026,3/31/2026,6200,0,3/14/2026,Paid
I00035,C0005,S0005,4/1/2026,4/30/2026,6200,0,5/2/2026,Paid
I00036,C0005,S0005,5/1/2026,5/31/2026,6200,0,6/5/2026,Paid
I00037,C0005,S0005,6/1/2026,6/30/2026,6200,0,6/26/2026,Paid
I00038,C0005,S0005,7/1/2026,7/31/2026,6200,0,7/13/2026,Paid
I00039,C0006,S0006,5/1/2025,5/31/2025,6200,0,5/15/2025,Paid
I00040,C0006,S0006,6/1/2025,6/30/2025,6200,0,7/6/2025,Paid
I00041,C0006,S0006,7/1/2025,7/31/2025,6200,0,8/11/2025,Paid
I00042,C0006,S0006,8/1/2025,8/31/2025,6200,0,9/8/2025,Paid
I00043,C0006,S0006,9/1/2025,9/30/2025,6200,0,10/5/2025,Paid
I00044,C0006,S0006,10/1/2025,10/31/2025,6200,0,10/22/2025,Paid
I00045,C0006,S0006,11/1/2025,11/30/2025,6200,0,12/9/2025,Paid
I00046,C0006,S0006,12/1/2025,12/31/2025,6200,0,1/7/2026,Paid
I00047,C0006,S0006,1/1/2026,1/31/2026,6200,0,2/6/2026,Paid
I00048,C0006,S0006,2/1/2026,2/28/2026,6200,0,2/25/2026,Paid
I00049,C0006,S0006,3/1/2026,3/31/2026,6200,0,4/5/2026,Paid
I00050,C0006,S0006,4/1/2026,4/30/2026,6200,0,4/30/2026,Paid
I00051,C0006,S0006,5/1/2026,5/31/2026,6200,1989,5/8/2026,Paid
I00052,C0006,S0006,6/1/2026,6/30/2026,6200,0,6/30/2026,Paid
I00053,C0006,S0006,7/1/2026,7/31/2026,6200,0,8/5/2026,Paid
I00054,C0007,S0007,8/1/2025,8/31/2025,2400,0,8/8/2025,Paid
I00055,C0007,S0007,9/1/2025,9/30/2025,2400,0,9/28/2025,Paid
I00056,C0007,S0007,10/1/2025,10/31/2025,2400,0,10/31/2025,Paid
I00057,C0007,S0007,11/1/2025,11/30/2025,2400,0,11/30/2025,Paid
I00058,C0007,S0007,12/1/2025,12/31/2025,2400,0,12/19/2025,Paid
I00059,C0007,S0007,1/1/2026,1/31/2026,2400,0,1/15/2026,Paid
I00060,C0007,S0007,2/1/2026,2/28/2026,2400,0,3/1/2026,Paid
I00061,C0007,S0007,3/1/2026,3/31/2026,2400,0,3/22/2026,Paid
I00062,C0008,S0008,6/1/2025,6/30/2025,900,0,6/21/2025,Paid
I00063,C0008,S0008,7/1/2025,7/31/2025,900,0,8/7/2025,Paid
I00064,C0008,S0008,8/1/2025,8/31/2025,900,0,8/9/2025,Paid
I00065,C0008,S0008,9/1/2025,9/30/2025,900,0,10/12/2025,Paid
I00066,C0008,S0008,10/1/2025,10/31/2025,900,0,11/1/2025,Paid
I00067,C0008,S0008,11/1/2025,11/30/2025,900,0,11/11/2025,Paid
I00068,C0008,S0008,12/1/2025,12/31/2025,900,0,12/28/2025,Paid
I00069,C0008,S0008,1/1/2026,1/31/2026,900,0,1/16/2026,Paid
I00070,C0008,S0008,2/1/2026,2/28/2026,900,0,2/8/2026,Paid
I00071,C0008,S0008,3/1/2026,3/31/2026,900,0,3/23/2026,Paid
I00072,C0008,S0008,4/1/2026,4/30/2026,900,0,4/15/2026,Paid
I00073,C0010,S0010,7/1/2025,7/31/2025,900,0,7/14/2025,Paid
I00074,C0010,S0010,8/1/2025,8/31/2025,900,0,8/23/2025,Paid
I00075,C0010,S0010,9/1/2025,9/30/2025,900,0,9/22/2025,Paid
I00076,C0010,S0010,10/1/2025,10/31/2025,900,0,10/17/2025,Paid
I00077,C0010,S0010,11/1/2025,11/30/2025,900,0,12/6/2025,Paid
I00078,C0010,S0010,12/1/2025,12/31/2025,900,0,12/12/2025,Paid
I00079,C0010,S0010,1/1/2026,1/31/2026,900,0,1/27/2026,Paid
I00080,C0010,S0010,2/1/2026,2/28/2026,900,0,3/8/2026,Paid
I00081,C0010,S0010,3/1/2026,3/31/2026,900,0,4/8/2026,Paid
I00082,C0010,S0010,4/1/2026,4/30/2026,900,0,4/25/2026,Paid
I00083,C0010,S0010,5/1/2026,5/31/2026,900,0,5/30/2026,Paid
I00084,C0010,S0010,6/1/2026,6/30/2026,900,0,6/13/2026,Paid
I00085,C0010,S0010,7/1/2026,7/31/2026,900,0,7/17/2026,Paid
I00086,C0011,S0011,6/1/2025,6/30/2025,2400,0,6/26/2025,Paid
I00087,C0011,S0011,7/1/2025,7/31/2025,2400,0,7/9/2025,Paid
I00088,C0011,S0011,8/1/2025,8/31/2025,2400,0,8/18/2025,Paid
I00089,C0011,S0011,9/1/2025,9/30/2025,2400,0,9/15/2025,Paid
I00090,C0011,S0011,10/1/2025,10/31/2025,2400,0,10/31/2025,Paid
I00091,C0011,S0011,11/1/2025,11/30/2025,2400,0,11/24/2025,Paid
I00092,C0011,S0011,12/1/2025,12/31/2025,2400,0,12/26/2025,Paid
I00093,C0011,S0011,1/1/2026,1/31/2026,2400,0,2/11/2026,Paid
I00094,C0011,S0011,2/1/2026,2/28/2026,2400,0,,Open
I00095,C0011,S0011,3/1/2026,3/31/2026,2400,0,3/13/2026,Paid
I00096,C0011,S0011,4/1/2026,4/30/2026,2400,0,4/28/2026,Paid
I00097,C0011,S0011,5/1/2026,5/31/2026,2400,1086,6/6/2026,Paid
I00098,C0011,S0011,6/1/2026,6/30/2026,2400,0,7/9/2026,Paid
I00099,C0011,S0011,7/1/2026,7/31/2026,2400,0,7/24/2026,Paid
I00100,C0012,S0012,2/1/2025,2/28/2025,900,0,2/24/2025,Paid
I00101,C0012,S0012,3/1/2025,3/31/2025,900,0,4/3/2025,Paid
I00102,C0012,S0012,4/1/2025,4/30/2025,900,0,5/9/2025,Paid
I00103,C0012,S0012,5/1/2025,5/31/2025,900,0,5/28/2025,Paid
I00104,C0012,S0012,6/1/2025,6/30/2025,900,0,6/14/2025,Paid
I00105,C0012,S0012,7/1/2025,7/31/2025,900,0,8/10/2025,Paid
I00106,C0012,S0012,8/1/2025,8/31/2025,900,0,9/4/2025,Paid
I00107,C0012,S0012,9/1/2025,9/30/2025,900,0,9/17/2025,Paid
I00108,C0012,S0012,10/1/2025,10/31/2025,900,0,10/10/2025,Paid
I00109,C0012,S0012,11/1/2025,11/30/2025,900,0,12/9/2025,Paid
I00110,C0012,S0012,12/1/2025,12/31/2025,900,289,12/15/2025,Paid
I00111,C0012,S0012,1/1/2026,1/31/2026,900,0,1/24/2026,Paid
I00112,C0012,S0012,2/1/2026,2/28/2026,900,0,3/13/2026,Paid
I00113,C0012,S0012,3/1/2026,3/31/2026,900,0,3/18/2026,Paid
I00114,C0012,S0012,4/1/2026,4/30/2026,900,0,5/3/2026,Paid
I00115,C0012,S0012,5/1/2026,5/31/2026,900,0,,Open
I00116,C0012,S0012,6/1/2026,6/30/2026,900,0,6/23/2026,Paid
I00117,C0012,S0012,7/1/2026,7/31/2026,900,0,7/15/2026,Paid
I00118,C0013,S0013,7/1/2025,7/31/2025,900,0,7/15/2025,Paid
I00119,C0013,S0013,8/1/2025,8/31/2025,900,0,9/10/2025,Paid
I00120,C0013,S0013,9/1/2025,9/30/2025,900,0,10/2/2025,Paid
I00121,C0013,S0013,10/1/2025,10/31/2025,900,0,10/24/2025,Paid
I00122,C0013,S0013,11/1/2025,11/30/2025,900,0,11/25/2025,Paid
I00123,C0013,S0013,12/1/2025,12/31/2025,900,0,12/31/2025,Paid
I00124,C0013,S0013,1/1/2026,1/31/2026,900,0,1/12/2026,Paid
I00125,C0013,S0013,2/1/2026,2/28/2026,900,0,3/2/2026,Paid
I00126,C0013,S0013,3/1/2026,3/31/2026,900,0,3/26/2026,Paid
I00127,C0013,S0013,4/1/2026,4/30/2026,900,0,4/30/2026,Paid
I00128,C0013,S0013,5/1/2026,5/31/2026,900,0,,Open
I00129,C0013,S0013,6/1/2026,6/30/2026,900,0,6/24/2026,Paid
I00130,C0013,S0013,7/1/2026,7/31/2026,900,0,8/8/2026,Paid
I00131,C0014,S0014,3/1/2026,3/31/2026,28800,0,3/8/2026,Paid
I00132,C0015,S0015,12/1/2025,12/31/2025,2400,0,12/24/2025,Paid
I00133,C0015,S0015,1/1/2026,1/31/2026,2400,0,2/5/2026,Paid
I00134,C0015,S0015,2/1/2026,2/28/2026,2400,0,3/5/2026,Paid
I00135,C0015,S0015,3/1/2026,3/31/2026,2400,0,,Open
I00136,C0015,S0015,4/1/2026,4/30/2026,2400,0,,Open
I00137,C0015,S0015,5/1/2026,5/31/2026,2400,0,5/18/2026,Paid
I00138,C0015,S0015,6/1/2026,6/30/2026,2400,0,6/27/2026,Paid
I00139,C0015,S0015,7/1/2026,7/31/2026,2400,0,7/16/2026,Paid
I00140,C0016,S0016,5/1/2025,5/31/2025,900,0,5/30/2025,Paid
I00141,C0016,S0016,6/1/2025,6/30/2025,900,0,6/26/2025,Paid
I00142,C0016,S0016,7/1/2025,7/31/2025,900,0,7/23/2025,Paid
I00143,C0016,S0016,8/1/2025,8/31/2025,900,0,8/16/2025,Paid
I00144,C0016,S0016,9/1/2025,9/30/2025,900,0,10/12/2025,Paid
I00145,C0016,S0016,10/1/2025,10/31/2025,900,0,,Open
I00146,C0016,S0016,11/1/2025,11/30/2025,900,0,11/15/2025,Paid
I00147,C0016,S0016,12/1/2025,12/31/2025,900,0,12/14/2025,Paid
I00148,C0016,S0016,1/1/2026,1/31/2026,900,0,1/18/2026,Paid
I00149,C0016,S0016,2/1/2026,2/28/2026,900,0,3/6/2026,Paid
I00150,C0016,S0016,3/1/2026,3/31/2026,900,0,3/22/2026,Paid
I00151,C0016,S0016,4/1/2026,4/30/2026,900,0,,Open
I00152,C0016,S0016,5/1/2026,5/31/2026,900,0,6/9/2026,Paid
I00153,C0016,S0016,6/1/2026,6/30/2026,900,0,6/16/2026,Paid
I00154,C0016,S0016,7/1/2026,7/31/2026,900,0,7/9/2026,Paid
I00155,C0018,S0018,3/1/2026,3/31/2026,28800,0,3/15/2026,Paid
I00156,C0019,S0019,2/1/2026,2/28/2026,900,0,2/22/2026,Paid
I00157,C0019,S0019,3/1/2026,3/31/2026,900,0,3/21/2026,Paid
I00158,C0019,S0019,4/1/2026,4/30/2026,900,0,,Open
I00159,C0019,S0019,5/1/2026,5/31/2026,900,0,5/26/2026,Paid
I00160,C0019,S0019,6/1/2026,6/30/2026,900,0,7/2/2026,Paid
I00161,C0019,S0019,7/1/2026,7/31/2026,900,0,7/25/2026,Paid
I00162,C0020,S0020,4/1/2026,4/30/2026,900,0,5/7/2026,Paid
I00163,C0020,S0020,5/1/2026,5/31/2026,900,0,5/27/2026,Paid
I00164,C0020,S0020,6/1/2026,6/30/2026,900,0,7/8/2026,Paid
I00165,C0020,S0020,7/1/2026,7/31/2026,900,0,7/17/2026,Paid
I00166,C0021,S0021,2/1/2025,2/28/2025,2400,0,3/10/2025,Paid
I00167,C0021,S0021,3/1/2025,3/31/2025,2400,0,4/10/2025,Paid
I00168,C0021,S0021,4/1/2025,4/30/2025,2400,0,5/5/2025,Paid
I00169,C0021,S0021,5/1/2025,5/31/2025,2400,0,5/17/2025,Paid
I00170,C0021,S0021,6/1/2025,6/30/2025,2400,0,6/28/2025,Paid
I00171,C0021,S0021,7/1/2025,7/31/2025,2400,0,8/3/2025,Paid
I00172,C0021,S0021,8/1/2025,8/31/2025,2400,0,9/2/2025,Paid
I00173,C0021,S0021,9/1/2025,9/30/2025,2400,0,9/24/2025,Paid
I00174,C0022,S0022,4/1/2026,4/30/2026,900,0,4/11/2026,Paid
I00175,C0022,S0022,5/1/2026,5/31/2026,900,0,5/11/2026,Paid
I00176,C0022,S0022,6/1/2026,6/30/2026,900,0,6/13/2026,Paid
I00177,C0022,S0022,7/1/2026,7/31/2026,900,0,8/6/2026,Paid
I00178,C0023,S0023,4/1/2026,4/30/2026,2400,0,5/4/2026,Paid
I00179,C0023,S0023,5/1/2026,5/31/2026,2400,0,5/15/2026,Paid
I00180,C0023,S0023,6/1/2026,6/30/2026,2400,0,6/18/2026,Paid
I00181,C0023,S0023,7/1/2026,7/31/2026,2400,0,7/19/2026,Paid
I00182,C0025,S0025,10/1/2025,10/31/2025,900,0,11/7/2025,Paid
I00183,C0025,S0025,11/1/2025,11/30/2025,900,0,11/20/2025,Paid
I00184,C0025,S0025,12/1/2025,12/31/2025,900,0,1/4/2026,Paid
I00185,C0025,S0025,1/1/2026,1/31/2026,900,0,1/20/2026,Paid
I00186,C0025,S0025,2/1/2026,2/28/2026,900,0,2/27/2026,Paid
I00187,C0025,S0025,3/1/2026,3/31/2026,900,0,3/28/2026,Paid
I00188,C0025,S0025,4/1/2026,4/30/2026,900,0,4/30/2026,Paid
I00189,C0025,S0025,5/1/2026,5/31/2026,900,0,5/30/2026,Paid
I00190,C0025,S0025,6/1/2026,6/30/2026,900,0,7/7/2026,Paid
I00191,C0025,S0025,7/1/2026,7/31/2026,900,0,7/18/2026,Paid
I00192,C0026,S0026,6/1/2026,6/30/2026,900,0,6/15/2026,Paid
I00193,C0026,S0026,7/1/2026,7/31/2026,900,0,7/29/2026,Paid
I00194,C0027,S0027,10/1/2025,10/31/2025,900,0,11/11/2025,Paid
I00195,C0027,S0027,11/1/2025,11/30/2025,900,0,12/7/2025,Paid
I00196,C0027,S0027,12/1/2025,12/31/2025,900,0,1/8/2026,Paid
I00197,C0027,S0027,1/1/2026,1/31/2026,900,0,1/30/2026,Paid
I00198,C0027,S0027,2/1/2026,2/28/2026,900,0,3/6/2026,Paid
I00199,C0027,S0027,3/1/2026,3/31/2026,900,0,3/29/2026,Paid
I00200,C0027,S0027,4/1/2026,4/30/2026,900,0,4/10/2026,Paid
I00201,C0027,S0027,5/1/2026,5/31/2026,900,0,5/28/2026,Paid
I00202,C0028,S0028,9/1/2025,9/30/2025,900,0,9/29/2025,Paid
I00203,C0028,S0028,10/1/2025,10/31/2025,900,0,10/15/2025,Paid
I00204,C0028,S0028,11/1/2025,11/30/2025,900,0,11/21/2025,Paid
I00205,C0028,S0028,12/1/2025,12/31/2025,900,0,1/9/2026,Paid
I00206,C0028,S0028,1/1/2026,1/31/2026,900,0,1/24/2026,Paid
I00207,C0028,S0028,2/1/2026,2/28/2026,900,0,2/11/2026,Paid
I00208,C0028,S0028,3/1/2026,3/31/2026,900,0,3/20/2026,Paid
I00209,C0028,S0028,4/1/2026,4/30/2026,900,0,4/8/2026,Paid
I00210,C0028,S0028,5/1/2026,5/31/2026,900,0,5/31/2026,Paid
I00211,C0028,S0028,6/1/2026,6/30/2026,900,0,6/23/2026,Paid
I00212,C0028,S0028,7/1/2026,7/31/2026,900,0,,Open
I00213,C0029,S0029,3/1/2025,3/31/2025,900,0,3/18/2025,Paid
I00214,C0029,S0029,4/1/2025,4/30/2025,900,0,5/9/2025,Paid
I00215,C0029,S0029,5/1/2025,5/31/2025,900,0,5/11/2025,Paid
I00216,C0029,S0029,6/1/2025,6/30/2025,900,0,7/4/2025,Paid
I00217,C0029,S0029,7/1/2025,7/31/2025,900,0,8/11/2025,Paid
I00218,C0029,S0029,8/1/2025,8/31/2025,900,0,8/25/2025,Paid
I00219,C0029,S0029,9/1/2025,9/30/2025,900,0,10/4/2025,Paid
I00220,C0029,S0029,10/1/2025,10/31/2025,900,0,11/5/2025,Paid
I00221,C0029,S0029,11/1/2025,11/30/2025,900,0,12/7/2025,Paid
I00222,C0029,S0029,12/1/2025,12/31/2025,900,0,12/9/2025,Paid
I00223,C0029,S0029,1/1/2026,1/31/2026,900,0,2/5/2026,Paid
I00224,C0029,S0029,2/1/2026,2/28/2026,900,0,2/23/2026,Paid
I00225,C0029,S0029,3/1/2026,3/31/2026,900,0,4/6/2026,Paid
I00226,C0029,S0029,4/1/2026,4/30/2026,900,0,4/22/2026,Paid
I00227,C0029,S0029,5/1/2026,5/31/2026,900,0,5/27/2026,Paid
I00228,C0029,S0029,6/1/2026,6/30/2026,900,0,6/29/2026,Paid
I00229,C0029,S0029,7/1/2026,7/31/2026,900,0,7/12/2026,Paid
I00230,C0030,S0030,10/1/2025,10/31/2025,6200,0,11/8/2025,Paid
I00231,C0030,S0030,11/1/2025,11/30/2025,6200,0,11/22/2025,Paid
I00232,C0030,S0030,12/1/2025,12/31/2025,6200,0,12/8/2025,Paid
I00233,C0030,S0030,1/1/2026,1/31/2026,6200,0,1/24/2026,Paid
I00234,C0030,S0030,2/1/2026,2/28/2026,6200,0,3/9/2026,Paid
I00235,C0030,S0030,3/1/2026,3/31/2026,6200,0,4/4/2026,Paid
I00236,C0030,S0030,4/1/2026,4/30/2026,6200,0,5/6/2026,Paid
I00237,C0030,S0030,5/1/2026,5/31/2026,6200,0,5/19/2026,Paid
I00238,C0030,S0030,6/1/2026,6/30/2026,6200,0,7/11/2026,Paid
I00239,C0030,S0030,7/1/2026,7/31/2026,6200,0,8/2/2026,Paid
I00240,C0031,S0031,4/1/2025,4/30/2025,900,0,5/6/2025,Paid
I00241,C0031,S0031,5/1/2025,5/31/2025,900,0,5/30/2025,Paid
I00242,C0031,S0031,6/1/2025,6/30/2025,900,0,6/30/2025,Paid
I00243,C0031,S0031,7/1/2025,7/31/2025,900,0,7/26/2025,Paid
I00244,C0031,S0031,8/1/2025,8/31/2025,900,0,8/26/2025,Paid
I00245,C0031,S0031,9/1/2025,9/30/2025,900,0,10/1/2025,Paid
I00246,C0031,S0031,10/1/2025,10/31/2025,900,0,11/9/2025,Paid
I00247,C0031,S0031,11/1/2025,11/30/2025,900,0,11/10/2025,Paid
I00248,C0031,S0031,12/1/2025,12/31/2025,900,0,12/18/2025,Paid
I00249,C0031,S0031,1/1/2026,1/31/2026,900,0,1/16/2026,Paid
I00250,C0031,S0031,2/1/2026,2/28/2026,900,0,2/17/2026,Paid
I00251,C0031,S0031,3/1/2026,3/31/2026,900,0,3/10/2026,Paid
I00252,C0031,S0031,4/1/2026,4/30/2026,900,0,4/8/2026,Paid
I00253,C0031,S0031,5/1/2026,5/31/2026,900,0,5/26/2026,Paid
I00254,C0031,S0031,6/1/2026,6/30/2026,900,0,6/16/2026,Paid
I00255,C0031,S0031,7/1/2026,7/31/2026,900,0,7/26/2026,Paid
I00256,C0032,S0032,8/1/2025,8/31/2025,10800,0,8/20/2025,Paid
I00257,C0033,S0033,9/1/2025,9/30/2025,900,0,10/12/2025,Paid
I00258,C0033,S0033,10/1/2025,10/31/2025,900,0,10/28/2025,Paid
I00259,C0033,S0033,11/1/2025,11/30/2025,900,0,11/24/2025,Paid
I00260,C0033,S0033,12/1/2025,12/31/2025,900,0,1/6/2026,Paid
I00261,C0033,S0033,1/1/2026,1/31/2026,900,0,1/13/2026,Paid
I00262,C0033,S0033,2/1/2026,2/28/2026,900,0,,Open
I00263,C0033,S0033,3/1/2026,3/31/2026,900,0,4/4/2026,Paid
I00264,C0033,S0033,4/1/2026,4/30/2026,900,0,4/16/2026,Paid
I00265,C0033,S0033,5/1/2026,5/31/2026,900,0,5/29/2026,Paid
I00266,C0033,S0033,6/1/2026,6/30/2026,900,0,6/13/2026,Paid
I00267,C0033,S0033,7/1/2026,7/31/2026,900,0,7/18/2026,Paid
I00268,C0034,S0034,12/1/2025,12/31/2025,900,0,1/2/2026,Paid
I00269,C0034,S0034,1/1/2026,1/31/2026,900,0,1/31/2026,Paid
I00270,C0034,S0034,2/1/2026,2/28/2026,900,0,2/24/2026,Paid
I00271,C0034,S0034,3/1/2026,3/31/2026,900,0,4/8/2026,Paid
I00272,C0034,S0034,4/1/2026,4/30/2026,900,0,4/29/2026,Paid
I00273,C0034,S0034,5/1/2026,5/31/2026,900,0,6/10/2026,Paid
I00274,C0034,S0034,6/1/2026,6/30/2026,900,0,6/26/2026,Paid
I00275,C0034,S0034,7/1/2026,7/31/2026,900,0,8/1/2026,Paid
I00276,C0035,S0035,3/1/2025,3/31/2025,900,0,3/29/2025,Paid
I00277,C0035,S0035,4/1/2025,4/30/2025,900,0,5/2/2025,Paid
I00278,C0035,S0035,5/1/2025,5/31/2025,900,0,5/24/2025,Paid
I00279,C0035,S0035,6/1/2025,6/30/2025,900,0,7/12/2025,Paid
I00280,C0035,S0035,7/1/2025,7/31/2025,900,0,7/28/2025,Paid
I00281,C0035,S0035,8/1/2025,8/31/2025,900,0,9/9/2025,Paid
I00282,C0035,S0035,9/1/2025,9/30/2025,900,0,10/1/2025,Paid
I00283,C0035,S0035,10/1/2025,10/31/2025,900,0,10/21/2025,Paid
I00284,C0035,S0035,11/1/2025,11/30/2025,900,0,12/4/2025,Paid
I00285,C0035,S0035,12/1/2025,12/31/2025,900,0,,Open
I00286,C0036,S0036,5/1/2026,5/31/2026,2400,0,5/17/2026,Paid
I00287,C0036,S0036,6/1/2026,6/30/2026,2400,0,7/8/2026,Paid
I00288,C0036,S0036,7/1/2026,7/31/2026,2400,0,7/31/2026,Paid
I00289,C0037,S0037,6/1/2025,6/30/2025,10800,0,6/9/2025,Paid
I00290,C0037,S0037,6/1/2026,6/30/2026,10800,0,7/6/2026,Paid
I00291,C0038,S0038,9/1/2025,9/30/2025,6200,0,9/14/2025,Paid
I00292,C0038,S0038,10/1/2025,10/31/2025,6200,0,10/9/2025,Paid
I00293,C0038,S0038,11/1/2025,11/30/2025,6200,0,11/11/2025,Paid
I00294,C0038,S0038,12/1/2025,12/31/2025,6200,0,1/4/2026,Paid
I00295,C0038,S0038,1/1/2026,1/31/2026,6200,0,1/25/2026,Paid
I00296,C0038,S0038,2/1/2026,2/28/2026,6200,0,2/24/2026,Paid
I00297,C0038,S0038,3/1/2026,3/31/2026,6200,0,,Open
I00298,C0038,S0038,4/1/2026,4/30/2026,6200,0,5/12/2026,Paid
I00299,C0038,S0038,5/1/2026,5/31/2026,6200,0,5/21/2026,Paid
I00300,C0038,S0038,6/1/2026,6/30/2026,6200,0,6/15/2026,Paid
I00301,C0038,S0038,7/1/2026,7/31/2026,6200,0,8/9/2026,Paid
I00302,C0039,S0039,5/1/2026,5/31/2026,10800,0,6/10/2026,Paid
I00303,C0040,S0040,3/1/2025,3/31/2025,6200,0,4/4/2025,Paid
I00304,C0040,S0040,4/1/2025,4/30/2025,6200,0,4/27/2025,Paid
I00305,C0040,S0040,5/1/2025,5/31/2025,6200,0,5/23/2025,Paid
I00306,C0040,S0040,6/1/2025,6/30/2025,6200,0,7/8/2025,Paid
I00307,C0040,S0040,7/1/2025,7/31/2025,6200,0,8/3/2025,Paid
I00308,C0040,S0040,8/1/2025,8/31/2025,6200,2486,,Open
I00309,C0040,S0040,9/1/2025,9/30/2025,6200,0,9/28/2025,Paid
I00310,C0040,S0040,10/1/2025,10/31/2025,6200,0,10/13/2025,Paid
I00311,C0040,S0040,11/1/2025,11/30/2025,6200,0,11/21/2025,Paid
I00312,C0040,S0040,12/1/2025,12/31/2025,6200,0,12/16/2025,Paid
I00313,C0040,S0040,1/1/2026,1/31/2026,6200,0,2/1/2026,Paid
I00314,C0040,S0040,2/1/2026,2/28/2026,6200,0,3/5/2026,Paid
I00315,C0040,S0040,3/1/2026,3/31/2026,6200,0,3/22/2026,Paid
I00316,C0040,S0040,4/1/2026,4/30/2026,6200,0,4/15/2026,Paid
I00317,C0040,S0040,5/1/2026,5/31/2026,6200,0,5/13/2026,Paid
I00318,C0040,S0040,6/1/2026,6/30/2026,6200,0,6/26/2026,Paid
I00319,C0040,S0040,7/1/2026,7/31/2026,6200,0,7/8/2026,Paid
I00320,C0042,S0042,4/1/2026,4/30/2026,900,0,5/11/2026,Paid
I00321,C0042,S0042,5/1/2026,5/31/2026,900,0,6/7/2026,Paid
I00322,C0042,S0042,6/1/2026,6/30/2026,900,0,6/13/2026,Paid
I00323,C0042,S0042,7/1/2026,7/31/2026,900,0,8/5/2026,Paid
I00324,C0043,S0043,8/1/2025,8/31/2025,900,0,9/4/2025,Paid
I00325,C0043,S0043,9/1/2025,9/30/2025,900,0,9/30/2025,Paid
I00326,C0043,S0043,10/1/2025,10/31/2025,900,0,11/1/2025,Paid
I00327,C0043,S0043,11/1/2025,11/30/2025,900,0,11/30/2025,Paid
I00328,C0043,S0043,12/1/2025,12/31/2025,900,0,1/7/2026,Paid
I00329,C0043,S0043,1/1/2026,1/31/2026,900,0,2/6/2026,Paid
I00330,C0043,S0043,2/1/2026,2/28/2026,900,413,3/2/2026,Paid
I00331,C0043,S0043,3/1/2026,3/31/2026,900,0,3/15/2026,Paid
I00332,C0043,S0043,4/1/2026,4/30/2026,900,0,5/7/2026,Paid
I00333,C0043,S0043,5/1/2026,5/31/2026,900,0,5/14/2026,Paid
I00334,C0043,S0043,6/1/2026,6/30/2026,900,0,6/26/2026,Paid
I00335,C0043,S0043,7/1/2026,7/31/2026,900,0,7/13/2026,Paid
I00336,C0044,S0044,10/1/2025,10/31/2025,2400,0,10/25/2025,Paid
I00337,C0044,S0044,11/1/2025,11/30/2025,2400,0,11/18/2025,Paid
I00338,C0044,S0044,12/1/2025,12/31/2025,2400,0,12/12/2025,Paid
I00339,C0044,S0044,1/1/2026,1/31/2026,2400,0,1/13/2026,Paid
I00340,C0044,S0044,2/1/2026,2/28/2026,2400,0,2/18/2026,Paid
I00341,C0045,S0045,7/1/2025,7/31/2025,900,0,8/5/2025,Paid
I00342,C0045,S0045,8/1/2025,8/31/2025,900,403,9/6/2025,Paid
I00343,C0045,S0045,9/1/2025,9/30/2025,900,0,9/27/2025,Paid
I00344,C0045,S0045,10/1/2025,10/31/2025,900,0,10/27/2025,Paid
I00345,C0045,S0045,11/1/2025,11/30/2025,900,0,11/8/2025,Paid
I00346,C0045,S0045,12/1/2025,12/31/2025,900,0,12/24/2025,Paid
I00347,C0045,S0045,1/1/2026,1/31/2026,900,304,2/3/2026,Paid
I00348,C0045,S0045,2/1/2026,2/28/2026,900,0,2/28/2026,Paid
I00349,C0045,S0045,3/1/2026,3/31/2026,900,0,3/12/2026,Paid
I00350,C0045,S0045,4/1/2026,4/30/2026,900,0,5/2/2026,Paid
I00351,C0045,S0045,5/1/2026,5/31/2026,900,0,6/11/2026,Paid
I00352,C0045,S0045,6/1/2026,6/30/2026,900,0,7/1/2026,Paid
I00353,C0045,S0045,7/1/2026,7/31/2026,900,0,8/3/2026,Paid
I00354,C0046,S0046,2/1/2026,2/28/2026,10800,0,3/8/2026,Paid
I00355,C0047,S0047,12/1/2025,12/31/2025,28800,0,,Open
I00356,C0048,S0048,7/1/2025,7/31/2025,900,0,7/16/2025,Paid
I00357,C0048,S0048,8/1/2025,8/31/2025,900,0,,Open
I00358,C0048,S0048,9/1/2025,9/30/2025,900,0,9/25/2025,Paid
I00359,C0048,S0048,10/1/2025,10/31/2025,900,0,10/22/2025,Paid
I00360,C0048,S0048,11/1/2025,11/30/2025,900,0,11/22/2025,Paid
I00361,C0048,S0048,12/1/2025,12/31/2025,900,0,1/3/2026,Paid
I00362,C0048,S0048,1/1/2026,1/31/2026,900,0,2/8/2026,Paid
I00363,C0048,S0048,2/1/2026,2/28/2026,900,0,3/12/2026,Paid
I00364,C0048,S0048,3/1/2026,3/31/2026,900,0,3/22/2026,Paid
I00365,C0048,S0048,4/1/2026,4/30/2026,900,0,,Open
I00366,C0048,S0048,5/1/2026,5/31/2026,900,0,5/31/2026,Paid
I00367,C0048,S0048,6/1/2026,6/30/2026,900,0,6/10/2026,Paid
I00368,C0048,S0048,7/1/2026,7/31/2026,900,0,8/1/2026,Paid
I00369,C0049,S0049,2/1/2025,2/28/2025,6200,0,2/15/2025,Paid
I00370,C0049,S0049,3/1/2025,3/31/2025,6200,0,3/13/2025,Paid
I00371,C0049,S0049,4/1/2025,4/30/2025,6200,0,5/9/2025,Paid
I00372,C0049,S0049,5/1/2025,5/31/2025,6200,0,6/1/2025,Paid
I00373,C0049,S0049,6/1/2025,6/30/2025,6200,0,6/16/2025,Paid
I00374,C0049,S0049,7/1/2025,7/31/2025,6200,0,7/15/2025,Paid
I00375,C0049,S0049,8/1/2025,8/31/2025,6200,0,9/7/2025,Paid
I00376,C0049,S0049,9/1/2025,9/30/2025,6200,0,9/8/2025,Paid
I00377,C0049,S0049,10/1/2025,10/31/2025,6200,0,10/27/2025,Paid
I00378,C0049,S0049,11/1/2025,11/30/2025,6200,0,11/27/2025,Paid
I00379,C0049,S0049,12/1/2025,12/31/2025,6200,0,12/12/2025,Paid
I00380,C0049,S0049,1/1/2026,1/31/2026,6200,0,2/11/2026,Paid
I00381,C0049,S0049,2/1/2026,2/28/2026,6200,0,2/14/2026,Paid
I00382,C0049,S0049,3/1/2026,3/31/2026,6200,0,4/9/2026,Paid
I00383,C0049,S0049,4/1/2026,4/30/2026,6200,0,5/8/2026,Paid
I00384,C0049,S0049,5/1/2026,5/31/2026,6200,0,5/19/2026,Paid
I00385,C0049,S0049,6/1/2026,6/30/2026,6200,0,7/4/2026,Paid
I00386,C0049,S0049,7/1/2026,7/31/2026,6200,0,7/11/2026,Paid
I00387,C0050,S0050,6/1/2026,6/30/2026,28800,0,6/11/2026,Paid
I00388,C0051,S0051,9/1/2025,9/30/2025,900,0,9/24/2025,Paid
I00389,C0051,S0051,10/1/2025,10/31/2025,900,0,10/11/2025,Paid
I00390,C0051,S0051,11/1/2025,11/30/2025,900,0,11/15/2025,Paid
I00391,C0051,S0051,12/1/2025,12/31/2025,900,0,12/14/2025,Paid
I00392,C0051,S0051,1/1/2026,1/31/2026,900,0,1/21/2026,Paid
I00393,C0051,S0051,2/1/2026,2/28/2026,900,0,3/6/2026,Paid
I00394,C0051,S0051,3/1/2026,3/31/2026,900,0,4/4/2026,Paid
I00395,C0051,S0051,4/1/2026,4/30/2026,900,0,5/2/2026,Paid
I00396,C0051,S0051,5/1/2026,5/31/2026,900,0,6/8/2026,Paid
I00397,C0051,S0051,6/1/2026,6/30/2026,900,0,6/15/2026,Paid
I00398,C0051,S0051,7/1/2026,7/31/2026,900,0,7/14/2026,Paid
I00399,C0052,S0052,2/1/2026,2/28/2026,6200,0,3/3/2026,Paid
I00400,C0052,S0052,3/1/2026,3/31/2026,6200,0,3/10/2026,Paid
I00401,C0052,S0052,4/1/2026,4/30/2026,6200,0,5/3/2026,Paid
I00402,C0052,S0052,5/1/2026,5/31/2026,6200,0,6/1/2026,Paid
I00403,C0052,S0052,6/1/2026,6/30/2026,6200,0,7/4/2026,Paid
I00404,C0052,S0052,7/1/2026,7/31/2026,6200,0,7/18/2026,Paid
I00405,C0053,S0053,2/1/2025,2/28/2025,2400,0,2/18/2025,Paid
I00406,C0053,S0053,3/1/2025,3/31/2025,2400,0,3/25/2025,Paid
I00407,C0053,S0053,4/1/2025,4/30/2025,2400,0,5/5/2025,Paid
I00408,C0053,S0053,5/1/2025,5/31/2025,2400,0,6/8/2025,Paid
I00409,C0053,S0053,6/1/2025,6/30/2025,2400,0,6/15/2025,Paid
I00410,C0053,S0053,7/1/2025,7/31/2025,2400,0,7/9/2025,Paid
I00411,C0053,S0053,8/1/2025,8/31/2025,2400,0,8/18/2025,Paid
I00412,C0053,S0053,9/1/2025,9/30/2025,2400,0,9/30/2025,Paid
I00413,C0053,S0053,10/1/2025,10/31/2025,2400,0,10/27/2025,Paid
I00414,C0053,S0053,11/1/2025,11/30/2025,2400,0,12/1/2025,Paid
I00415,C0053,S0053,12/1/2025,12/31/2025,2400,0,12/21/2025,Paid
I00416,C0053,S0053,1/1/2026,1/31/2026,2400,0,1/19/2026,Paid
I00417,C0053,S0053,2/1/2026,2/28/2026,2400,0,2/27/2026,Paid
I00418,C0053,S0053,3/1/2026,3/31/2026,2400,0,3/20/2026,Paid
I00419,C0053,S0053,4/1/2026,4/30/2026,2400,0,4/21/2026,Paid
I00420,C0053,S0053,5/1/2026,5/31/2026,2400,0,5/23/2026,Paid
I00421,C0053,S0053,6/1/2026,6/30/2026,2400,0,6/12/2026,Paid
I00422,C0053,S0053,7/1/2026,7/31/2026,2400,0,7/13/2026,Paid
I00423,C0054,S0054,1/1/2026,1/31/2026,900,0,1/13/2026,Paid
I00424,C0054,S0054,2/1/2026,2/28/2026,900,0,2/20/2026,Paid
I00425,C0054,S0054,3/1/2026,3/31/2026,900,545,3/15/2026,Paid
I00426,C0054,S0054,4/1/2026,4/30/2026,900,0,5/1/2026,Paid
I00427,C0054,S0054,5/1/2026,5/31/2026,900,0,6/6/2026,Paid
I00428,C0054,S0054,6/1/2026,6/30/2026,900,0,7/4/2026,Paid
I00429,C0054,S0054,7/1/2026,7/31/2026,900,0,7/24/2026,Paid
I00430,C0055,S0055,2/1/2025,2/28/2025,900,0,2/27/2025,Paid
I00431,C0055,S0055,3/1/2025,3/31/2025,900,0,4/2/2025,Paid
I00432,C0055,S0055,4/1/2025,4/30/2025,900,0,4/12/2025,Paid
I00433,C0055,S0055,5/1/2025,5/31/2025,900,0,5/8/2025,Paid
I00434,C0055,S0055,6/1/2025,6/30/2025,900,244,6/15/2025,Paid
I00435,C0055,S0055,7/1/2025,7/31/2025,900,0,8/3/2025,Paid
I00436,C0056,S0056,3/1/2025,3/31/2025,28800,0,3/16/2025,Paid
I00437,C0057,S0057,3/1/2026,3/31/2026,2400,0,3/21/2026,Paid
I00438,C0057,S0057,4/1/2026,4/30/2026,2400,0,4/13/2026,Paid
I00439,C0057,S0057,5/1/2026,5/31/2026,2400,0,5/21/2026,Paid
I00440,C0057,S0057,6/1/2026,6/30/2026,2400,0,7/9/2026,Paid
I00441,C0057,S0057,7/1/2026,7/31/2026,2400,0,8/3/2026,Paid
I00442,C0058,S0058,7/1/2025,7/31/2025,10800,0,8/11/2025,Paid
I00443,C0058,S0058,7/1/2026,7/31/2026,10800,0,7/13/2026,Paid
I00444,C0059,S0059,3/1/2025,3/31/2025,2400,0,3/12/2025,Paid
I00445,C0059,S0059,4/1/2025,4/30/2025,2400,0,5/7/2025,Paid
I00446,C0059,S0059,5/1/2025,5/31/2025,2400,1085,5/23/2025,Paid
I00447,C0059,S0059,6/1/2025,6/30/2025,2400,0,6/17/2025,Paid
I00448,C0059,S0059,7/1/2025,7/31/2025,2400,0,7/11/2025,Paid
I00449,C0059,S0059,8/1/2025,8/31/2025,2400,0,8/25/2025,Paid
I00450,C0059,S0059,9/1/2025,9/30/2025,2400,0,9/20/2025,Paid
I00451,C0059,S0059,10/1/2025,10/31/2025,2400,0,10/21/2025,Paid
I00452,C0059,S0059,11/1/2025,11/30/2025,2400,0,12/7/2025,Paid
I00453,C0059,S0059,12/1/2025,12/31/2025,2400,0,12/26/2025,Paid
I00454,C0059,S0059,1/1/2026,1/31/2026,2400,0,2/11/2026,Paid
I00455,C0059,S0059,2/1/2026,2/28/2026,2400,0,,Open
I00456,C0059,S0059,3/1/2026,3/31/2026,2400,0,3/23/2026,Paid
I00457,C0059,S0059,4/1/2026,4/30/2026,2400,0,4/26/2026,Paid
I00458,C0059,S0059,5/1/2026,5/31/2026,2400,0,6/7/2026,Paid
I00459,C0059,S0059,6/1/2026,6/30/2026,2400,0,,Open
I00460,C0059,S0059,7/1/2026,7/31/2026,2400,0,7/15/2026,Paid
I00461,C0060,S0060,5/1/2025,5/31/2025,2400,0,5/30/2025,Paid
I00462,C0060,S0060,6/1/2025,6/30/2025,2400,0,6/24/2025,Paid
I00463,C0060,S0060,7/1/2025,7/31/2025,2400,0,7/23/2025,Paid
I00464,C0060,S0060,8/1/2025,8/31/2025,2400,0,9/6/2025,Paid
I00465,C0060,S0060,9/1/2025,9/30/2025,2400,0,10/7/2025,Paid
I00466,C0060,S0060,10/1/2025,10/31/2025,2400,0,11/1/2025,Paid
I00467,C0060,S0060,11/1/2025,11/30/2025,2400,0,11/24/2025,Paid
I00468,C0060,S0060,12/1/2025,12/31/2025,2400,0,1/8/2026,Paid
I00469,C0060,S0060,1/1/2026,1/31/2026,2400,0,1/19/2026,Paid
I00470,C0060,S0060,2/1/2026,2/28/2026,2400,0,3/3/2026,Paid
I00471,C0060,S0060,3/1/2026,3/31/2026,2400,0,3/31/2026,Paid
I00472,C0060,S0060,4/1/2026,4/30/2026,2400,0,4/29/2026,Paid
I00473,C0060,S0060,5/1/2026,5/31/2026,2400,0,5/19/2026,Paid
I00474,C0060,S0060,6/1/2026,6/30/2026,2400,0,,Open
I00475,C0060,S0060,7/1/2026,7/31/2026,2400,0,8/11/2026,Paid
I00476,C0062,S0062,5/1/2026,5/31/2026,2400,0,5/30/2026,Paid
I00477,C0062,S0062,6/1/2026,6/30/2026,2400,0,6/8/2026,Paid
I00478,C0062,S0062,7/1/2026,7/31/2026,2400,0,7/29/2026,Paid
I00479,C0063,S0063,11/1/2025,11/30/2025,900,0,11/29/2025,Paid
I00480,C0063,S0063,12/1/2025,12/31/2025,900,0,12/21/2025,Paid
I00481,C0063,S0063,1/1/2026,1/31/2026,900,0,1/13/2026,Paid
I00482,C0063,S0063,2/1/2026,2/28/2026,900,0,2/18/2026,Paid
I00483,C0063,S0063,3/1/2026,3/31/2026,900,0,4/5/2026,Paid
I00484,C0063,S0063,4/1/2026,4/30/2026,900,0,4/25/2026,Paid
I00485,C0063,S0063,5/1/2026,5/31/2026,900,0,5/8/2026,Paid
I00486,C0063,S0063,6/1/2026,6/30/2026,900,0,6/15/2026,Paid
I00487,C0063,S0063,7/1/2026,7/31/2026,900,0,7/31/2026,Paid
I00488,C0064,S0064,4/1/2026,4/30/2026,2400,0,5/4/2026,Paid
I00489,C0064,S0064,5/1/2026,5/31/2026,2400,0,5/10/2026,Paid
I00490,C0064,S0064,6/1/2026,6/30/2026,2400,0,6/20/2026,Paid
I00491,C0064,S0064,7/1/2026,7/31/2026,2400,0,8/4/2026,Paid
I00492,C0065,S0065,5/1/2025,5/31/2025,74400,0,,Open
I00493,C0065,S0065,5/1/2026,5/31/2026,74400,0,5/9/2026,Paid
I00494,C0066,S0066,9/1/2025,9/30/2025,900,0,9/24/2025,Paid
I00495,C0066,S0066,10/1/2025,10/31/2025,900,0,11/3/2025,Paid
I00496,C0066,S0066,11/1/2025,11/30/2025,900,0,11/13/2025,Paid
I00497,C0066,S0066,12/1/2025,12/31/2025,900,0,1/5/2026,Paid
I00498,C0066,S0066,1/1/2026,1/31/2026,900,0,2/4/2026,Paid
I00499,C0066,S0066,2/1/2026,2/28/2026,900,0,,Open
I00500,C0066,S0066,3/1/2026,3/31/2026,900,0,3/11/2026,Paid
I00501,C0066,S0066,4/1/2026,4/30/2026,900,0,4/19/2026,Paid
I00502,C0066,S0066,5/1/2026,5/31/2026,900,0,6/1/2026,Paid
I00503,C0066,S0066,6/1/2026,6/30/2026,900,0,6/14/2026,Paid
I00504,C0066,S0066,7/1/2026,7/31/2026,900,0,7/29/2026,Paid
I00505,C0068,S0068,6/1/2025,6/30/2025,900,0,7/4/2025,Paid
I00506,C0068,S0068,7/1/2025,7/31/2025,900,0,7/26/2025,Paid
I00507,C0068,S0068,8/1/2025,8/31/2025,900,0,9/3/2025,Paid
I00508,C0068,S0068,9/1/2025,9/30/2025,900,0,9/12/2025,Paid
I00509,C0068,S0068,10/1/2025,10/31/2025,900,0,11/8/2025,Paid
I00510,C0068,S0068,11/1/2025,11/30/2025,900,0,12/3/2025,Paid
I00511,C0068,S0068,12/1/2025,12/31/2025,900,0,12/13/2025,Paid
I00512,C0068,S0068,1/1/2026,1/31/2026,900,0,2/10/2026,Paid
I00513,C0068,S0068,2/1/2026,2/28/2026,900,0,3/12/2026,Paid
I00514,C0068,S0068,3/1/2026,3/31/2026,900,0,3/18/2026,Paid
I00515,C0068,S0068,4/1/2026,4/30/2026,900,0,4/30/2026,Paid
I00516,C0068,S0068,5/1/2026,5/31/2026,900,0,5/25/2026,Paid
I00517,C0068,S0068,6/1/2026,6/30/2026,900,0,7/2/2026,Paid
I00518,C0068,S0068,7/1/2026,7/31/2026,900,0,7/21/2026,Paid
I00519,C0069,S0069,10/1/2025,10/31/2025,6200,0,11/9/2025,Paid
I00520,C0069,S0069,11/1/2025,11/30/2025,6200,0,11/12/2025,Paid
I00521,C0069,S0069,12/1/2025,12/31/2025,6200,0,1/8/2026,Paid
I00522,C0069,S0069,1/1/2026,1/31/2026,6200,0,1/18/2026,Paid
I00523,C0069,S0069,2/1/2026,2/28/2026,6200,0,3/3/2026,Paid
I00524,C0069,S0069,3/1/2026,3/31/2026,6200,0,3/31/2026,Paid
I00525,C0069,S0069,4/1/2026,4/30/2026,6200,0,4/17/2026,Paid
I00526,C0069,S0069,5/1/2026,5/31/2026,6200,0,5/26/2026,Paid
I00527,C0069,S0069,6/1/2026,6/30/2026,6200,0,6/21/2026,Paid
I00528,C0069,S0069,7/1/2026,7/31/2026,6200,0,7/18/2026,Paid
I00529,C0070,S0070,6/1/2025,6/30/2025,2400,0,,Open
I00530,C0070,S0070,7/1/2025,7/31/2025,2400,0,7/13/2025,Paid
I00531,C0070,S0070,8/1/2025,8/31/2025,2400,0,9/11/2025,Paid
I00532,C0070,S0070,9/1/2025,9/30/2025,2400,0,9/20/2025,Paid
I00533,C0070,S0070,10/1/2025,10/31/2025,2400,0,10/16/2025,Paid
I00534,C0070,S0070,11/1/2025,11/30/2025,2400,0,11/23/2025,Paid
I00535,C0070,S0070,12/1/2025,12/31/2025,2400,0,12/12/2025,Paid
I00536,C0070,S0070,1/1/2026,1/31/2026,2400,0,2/6/2026,Paid
I00537,C0070,S0070,2/1/2026,2/28/2026,2400,0,3/5/2026,Paid
I00538,C0070,S0070,3/1/2026,3/31/2026,2400,0,4/9/2026,Paid
I00539,C0070,S0070,4/1/2026,4/30/2026,2400,0,5/7/2026,Paid
I00540,C0070,S0070,5/1/2026,5/31/2026,2400,0,5/14/2026,Paid
I00541,C0070,S0070,6/1/2026,6/30/2026,2400,0,6/18/2026,Paid
I00542,C0070,S0070,7/1/2026,7/31/2026,2400,0,7/9/2026,Paid
I00543,C0071,S0071,4/1/2025,4/30/2025,900,0,4/30/2025,Paid
I00544,C0071,S0071,5/1/2025,5/31/2025,900,0,6/10/2025,Paid
I00545,C0071,S0071,6/1/2025,6/30/2025,900,386,6/14/2025,Paid
I00546,C0071,S0071,7/1/2025,7/31/2025,900,0,8/7/2025,Paid
I00547,C0071,S0071,8/1/2025,8/31/2025,900,0,8/24/2025,Paid
I00548,C0071,S0071,9/1/2025,9/30/2025,900,0,10/8/2025,Paid
I00549,C0071,S0071,10/1/2025,10/31/2025,900,0,10/31/2025,Paid
I00550,C0071,S0071,11/1/2025,11/30/2025,900,0,11/29/2025,Paid
I00551,C0071,S0071,12/1/2025,12/31/2025,900,0,12/31/2025,Paid
I00552,C0071,S0071,1/1/2026,1/31/2026,900,0,1/10/2026,Paid
I00553,C0071,S0071,2/1/2026,2/28/2026,900,0,,Open
I00554,C0071,S0071,3/1/2026,3/31/2026,900,0,4/6/2026,Paid
I00555,C0071,S0071,4/1/2026,4/30/2026,900,0,5/6/2026,Paid
I00556,C0071,S0071,5/1/2026,5/31/2026,900,0,6/2/2026,Paid
I00557,C0071,S0071,6/1/2026,6/30/2026,900,0,7/4/2026,Paid
I00558,C0071,S0071,7/1/2026,7/31/2026,900,0,7/23/2026,Paid
I00559,C0072,S0072,3/1/2026,3/31/2026,2400,0,4/8/2026,Paid
I00560,C0072,S0072,4/1/2026,4/30/2026,2400,0,4/29/2026,Paid
I00561,C0072,S0072,5/1/2026,5/31/2026,2400,0,5/30/2026,Paid
I00562,C0072,S0072,6/1/2026,6/30/2026,2400,0,7/11/2026,Paid
I00563,C0072,S0072,7/1/2026,7/31/2026,2400,0,7/22/2026,Paid
I00564,C0074,S0074,1/1/2025,1/31/2025,900,0,1/25/2025,Paid
I00565,C0074,S0074,2/1/2025,2/28/2025,900,0,2/28/2025,Paid
I00566,C0074,S0074,3/1/2025,3/31/2025,900,0,3/26/2025,Paid
I00567,C0074,S0074,4/1/2025,4/30/2025,900,0,4/23/2025,Paid
I00568,C0074,S0074,5/1/2025,5/31/2025,900,0,5/11/2025,Paid
I00569,C0074,S0074,6/1/2025,6/30/2025,900,0,6/21/2025,Paid
I00570,C0074,S0074,7/1/2025,7/31/2025,900,0,,Open
I00571,C0074,S0074,8/1/2025,8/31/2025,900,0,8/24/2025,Paid
I00572,C0074,S0074,9/1/2025,9/30/2025,900,0,10/10/2025,Paid
I00573,C0074,S0074,10/1/2025,10/31/2025,900,0,10/22/2025,Paid
I00574,C0074,S0074,11/1/2025,11/30/2025,900,0,11/14/2025,Paid
I00575,C0074,S0074,12/1/2025,12/31/2025,900,0,1/8/2026,Paid
I00576,C0074,S0074,1/1/2026,1/31/2026,900,0,1/20/2026,Paid
I00577,C0074,S0074,2/1/2026,2/28/2026,900,0,2/15/2026,Paid
I00578,C0074,S0074,3/1/2026,3/31/2026,900,0,3/25/2026,Paid
I00579,C0074,S0074,4/1/2026,4/30/2026,900,0,4/15/2026,Paid
I00580,C0074,S0074,5/1/2026,5/31/2026,900,0,5/27/2026,Paid
I00581,C0074,S0074,6/1/2026,6/30/2026,900,0,7/11/2026,Paid
I00582,C0074,S0074,7/1/2026,7/31/2026,900,0,8/1/2026,Paid
I00583,C0075,S0075,3/1/2026,3/31/2026,2400,0,3/23/2026,Paid
I00584,C0075,S0075,4/1/2026,4/30/2026,2400,0,4/13/2026,Paid
I00585,C0075,S0075,5/1/2026,5/31/2026,2400,0,5/31/2026,Paid
I00586,C0075,S0075,6/1/2026,6/30/2026,2400,0,6/10/2026,Paid
I00587,C0075,S0075,7/1/2026,7/31/2026,2400,0,7/27/2026,Paid
I00588,C0076,S0076,10/1/2025,10/31/2025,2400,0,11/5/2025,Paid
I00589,C0076,S0076,11/1/2025,11/30/2025,2400,0,12/11/2025,Paid
I00590,C0076,S0076,12/1/2025,12/31/2025,2400,1255,1/2/2026,Paid
I00591,C0076,S0076,1/1/2026,1/31/2026,2400,0,1/20/2026,Paid
I00592,C0076,S0076,2/1/2026,2/28/2026,2400,0,2/8/2026,Paid
I00593,C0076,S0076,3/1/2026,3/31/2026,2400,0,3/20/2026,Paid
I00594,C0076,S0076,4/1/2026,4/30/2026,2400,0,5/4/2026,Paid
I00595,C0076,S0076,5/1/2026,5/31/2026,2400,0,6/7/2026,Paid
I00596,C0076,S0076,6/1/2026,6/30/2026,2400,0,6/10/2026,Paid
I00597,C0076,S0076,7/1/2026,7/31/2026,2400,0,7/9/2026,Paid
I00598,C0077,S0077,5/1/2025,5/31/2025,6200,0,5/21/2025,Paid
I00599,C0077,S0077,6/1/2025,6/30/2025,6200,0,6/12/2025,Paid
I00600,C0077,S0077,7/1/2025,7/31/2025,6200,0,7/18/2025,Paid
I00601,C0077,S0077,8/1/2025,8/31/2025,6200,0,8/28/2025,Paid
I00602,C0077,S0077,9/1/2025,9/30/2025,6200,0,,Open
I00603,C0077,S0077,10/1/2025,10/31/2025,6200,0,11/7/2025,Paid
I00604,C0077,S0077,11/1/2025,11/30/2025,6200,0,11/30/2025,Paid
I00605,C0077,S0077,12/1/2025,12/31/2025,6200,0,12/18/2025,Paid
I00606,C0077,S0077,1/1/2026,1/31/2026,6200,0,1/8/2026,Paid
I00607,C0077,S0077,2/1/2026,2/28/2026,6200,0,2/25/2026,Paid
I00608,C0077,S0077,3/1/2026,3/31/2026,6200,0,3/21/2026,Paid
I00609,C0077,S0077,4/1/2026,4/30/2026,6200,0,4/25/2026,Paid
I00610,C0077,S0077,5/1/2026,5/31/2026,6200,0,5/20/2026,Paid
I00611,C0077,S0077,6/1/2026,6/30/2026,6200,0,6/14/2026,Paid
I00612,C0077,S0077,7/1/2026,7/31/2026,6200,0,7/13/2026,Paid
I00613,C0078,S0078,6/1/2025,6/30/2025,900,0,7/6/2025,Paid
I00614,C0078,S0078,7/1/2025,7/31/2025,900,0,8/9/2025,Paid
I00615,C0078,S0078,8/1/2025,8/31/2025,900,0,9/10/2025,Paid
I00616,C0078,S0078,9/1/2025,9/30/2025,900,0,10/12/2025,Paid
I00617,C0078,S0078,10/1/2025,10/31/2025,900,0,10/23/2025,Paid
I00618,C0078,S0078,11/1/2025,11/30/2025,900,0,12/1/2025,Paid
I00619,C0078,S0078,12/1/2025,12/31/2025,900,0,12/9/2025,Paid
I00620,C0078,S0078,1/1/2026,1/31/2026,900,0,1/29/2026,Paid
I00621,C0078,S0078,2/1/2026,2/28/2026,900,0,3/14/2026,Paid
I00622,C0079,S0079,6/1/2025,6/30/2025,6200,0,6/18/2025,Paid
I00623,C0079,S0079,7/1/2025,7/31/2025,6200,0,7/17/2025,Paid
I00624,C0079,S0079,8/1/2025,8/31/2025,6200,0,9/8/2025,Paid
I00625,C0079,S0079,9/1/2025,9/30/2025,6200,0,9/9/2025,Paid
I00626,C0079,S0079,10/1/2025,10/31/2025,6200,0,10/18/2025,Paid
I00627,C0079,S0079,11/1/2025,11/30/2025,6200,0,11/12/2025,Paid
I00628,C0079,S0079,12/1/2025,12/31/2025,6200,0,1/8/2026,Paid
I00629,C0079,S0079,1/1/2026,1/31/2026,6200,0,1/30/2026,Paid
I00630,C0079,S0079,2/1/2026,2/28/2026,6200,0,2/18/2026,Paid
I00631,C0079,S0079,3/1/2026,3/31/2026,6200,0,4/9/2026,Paid
I00632,C0079,S0079,4/1/2026,4/30/2026,6200,0,4/28/2026,Paid
I00633,C0079,S0079,5/1/2026,5/31/2026,6200,0,5/11/2026,Paid
I00634,C0079,S0079,6/1/2026,6/30/2026,6200,0,7/4/2026,Paid
I00635,C0079,S0079,7/1/2026,7/31/2026,6200,0,8/4/2026,Paid
I00636,C0080,S0080,6/1/2025,6/30/2025,2400,0,6/13/2025,Paid
I00637,C0080,S0080,7/1/2025,7/31/2025,2400,0,8/8/2025,Paid
I00638,C0080,S0080,8/1/2025,8/31/2025,2400,0,9/4/2025,Paid
I00639,C0080,S0080,9/1/2025,9/30/2025,2400,0,9/30/2025,Paid
I00640,C0080,S0080,10/1/2025,10/31/2025,2400,0,11/10/2025,Paid
I00641,C0080,S0080,11/1/2025,11/30/2025,2400,0,11/15/2025,Paid
I00642,C0080,S0080,12/1/2025,12/31/2025,2400,0,12/8/2025,Paid
I00643,C0080,S0080,1/1/2026,1/31/2026,2400,0,1/16/2026,Paid
I00644,C0080,S0080,2/1/2026,2/28/2026,2400,0,3/1/2026,Paid
I00645,C0080,S0080,3/1/2026,3/31/2026,2400,0,4/2/2026,Paid
I00646,C0080,S0080,4/1/2026,4/30/2026,2400,0,4/8/2026,Paid
I00647,C0080,S0080,5/1/2026,5/31/2026,2400,0,6/5/2026,Paid
I00648,C0080,S0080,6/1/2026,6/30/2026,2400,0,7/2/2026,Paid
I00649,C0080,S0080,7/1/2026,7/31/2026,2400,0,7/15/2026,Paid
I00650,C0081,S0081,5/1/2026,5/31/2026,900,0,5/20/2026,Paid
I00651,C0081,S0081,6/1/2026,6/30/2026,900,0,,Open
I00652,C0081,S0081,7/1/2026,7/31/2026,900,0,7/19/2026,Paid
I00653,C0082,S0082,11/1/2025,11/30/2025,900,0,12/2/2025,Paid
I00654,C0082,S0082,12/1/2025,12/31/2025,900,0,12/8/2025,Paid
I00655,C0082,S0082,1/1/2026,1/31/2026,900,0,1/26/2026,Paid
I00656,C0082,S0082,2/1/2026,2/28/2026,900,424,2/22/2026,Paid
I00657,C0082,S0082,3/1/2026,3/31/2026,900,0,3/8/2026,Paid
I00658,C0082,S0082,4/1/2026,4/30/2026,900,0,5/11/2026,Paid
I00659,C0082,S0082,5/1/2026,5/31/2026,900,0,6/2/2026,Paid
I00660,C0082,S0082,6/1/2026,6/30/2026,900,0,6/20/2026,Paid
I00661,C0082,S0082,7/1/2026,7/31/2026,900,0,8/6/2026,Paid
I00662,C0083,S0083,10/1/2025,10/31/2025,28800,0,10/8/2025,Paid
I00663,C0084,S0084,5/1/2026,5/31/2026,6200,0,5/15/2026,Paid
I00664,C0084,S0084,6/1/2026,6/30/2026,6200,0,7/10/2026,Paid
I00665,C0084,S0084,7/1/2026,7/31/2026,6200,0,7/30/2026,Paid
I00666,C0085,S0085,5/1/2026,5/31/2026,900,0,5/29/2026,Paid
I00667,C0085,S0085,6/1/2026,6/30/2026,900,0,6/22/2026,Paid
I00668,C0085,S0085,7/1/2026,7/31/2026,900,0,7/29/2026,Paid
I00669,C0086,S0086,2/1/2025,2/28/2025,2400,0,3/9/2025,Paid
I00670,C0086,S0086,3/1/2025,3/31/2025,2400,0,3/12/2025,Paid
I00671,C0086,S0086,4/1/2025,4/30/2025,2400,0,5/2/2025,Paid
I00672,C0086,S0086,5/1/2025,5/31/2025,2400,0,6/1/2025,Paid
I00673,C0086,S0086,6/1/2025,6/30/2025,2400,0,7/3/2025,Paid
I00674,C0086,S0086,7/1/2025,7/31/2025,2400,0,7/28/2025,Paid
I00675,C0086,S0086,8/1/2025,8/31/2025,2400,0,9/5/2025,Paid
I00676,C0086,S0086,9/1/2025,9/30/2025,2400,0,9/14/2025,Paid
I00677,C0086,S0086,10/1/2025,10/31/2025,2400,0,10/15/2025,Paid
I00678,C0086,S0086,11/1/2025,11/30/2025,2400,0,11/14/2025,Paid
I00679,C0086,S0086,12/1/2025,12/31/2025,2400,0,12/9/2025,Paid
I00680,C0086,S0086,1/1/2026,1/31/2026,2400,0,,Open
I00681,C0086,S0086,2/1/2026,2/28/2026,2400,0,3/5/2026,Paid
I00682,C0086,S0086,3/1/2026,3/31/2026,2400,0,3/23/2026,Paid
I00683,C0086,S0086,4/1/2026,4/30/2026,2400,0,4/18/2026,Paid
I00684,C0086,S0086,5/1/2026,5/31/2026,2400,0,5/26/2026,Paid
I00685,C0086,S0086,6/1/2026,6/30/2026,2400,0,6/11/2026,Paid
I00686,C0086,S0086,7/1/2026,7/31/2026,2400,0,8/6/2026,Paid
I00687,C0087,S0087,11/1/2025,11/30/2025,900,0,11/29/2025,Paid
I00688,C0087,S0087,12/1/2025,12/31/2025,900,0,12/17/2025,Paid
I00689,C0087,S0087,1/1/2026,1/31/2026,900,0,1/24/2026,Paid
I00690,C0087,S0087,2/1/2026,2/28/2026,900,0,3/8/2026,Paid
I00691,C0087,S0087,3/1/2026,3/31/2026,900,0,3/24/2026,Paid
I00692,C0087,S0087,4/1/2026,4/30/2026,900,0,4/14/2026,Paid
I00693,C0087,S0087,5/1/2026,5/31/2026,900,0,5/28/2026,Paid
I00694,C0087,S0087,6/1/2026,6/30/2026,900,529,6/23/2026,Paid
I00695,C0087,S0087,7/1/2026,7/31/2026,900,0,7/28/2026,Paid
I00696,C0088,S0088,5/1/2025,5/31/2025,900,0,6/3/2025,Paid
I00697,C0088,S0088,6/1/2025,6/30/2025,900,0,6/13/2025,Paid
I00698,C0088,S0088,7/1/2025,7/31/2025,900,0,8/1/2025,Paid
I00699,C0088,S0088,8/1/2025,8/31/2025,900,0,8/18/2025,Paid
I00700,C0088,S0088,9/1/2025,9/30/2025,900,0,9/9/2025,Paid
I00701,C0088,S0088,10/1/2025,10/31/2025,900,0,10/22/2025,Paid
I00702,C0088,S0088,11/1/2025,11/30/2025,900,0,11/21/2025,Paid
I00703,C0088,S0088,12/1/2025,12/31/2025,900,0,12/9/2025,Paid
I00704,C0088,S0088,1/1/2026,1/31/2026,900,0,2/1/2026,Paid
I00705,C0088,S0088,2/1/2026,2/28/2026,900,0,2/8/2026,Paid
I00706,C0088,S0088,3/1/2026,3/31/2026,900,0,4/2/2026,Paid
I00707,C0088,S0088,4/1/2026,4/30/2026,900,0,4/14/2026,Paid
I00708,C0088,S0088,5/1/2026,5/31/2026,900,0,5/27/2026,Paid
I00709,C0088,S0088,6/1/2026,6/30/2026,900,0,7/9/2026,Paid
I00710,C0088,S0088,7/1/2026,7/31/2026,900,0,8/10/2026,Paid
I00711,C0091,S0091,5/1/2025,5/31/2025,900,0,5/18/2025,Paid
I00712,C0091,S0091,6/1/2025,6/30/2025,900,0,6/26/2025,Paid
I00713,C0091,S0091,7/1/2025,7/31/2025,900,0,7/30/2025,Paid
I00714,C0091,S0091,8/1/2025,8/31/2025,900,0,9/5/2025,Paid
I00715,C0091,S0091,9/1/2025,9/30/2025,900,0,10/11/2025,Paid
I00716,C0091,S0091,10/1/2025,10/31/2025,900,411,10/26/2025,Paid
I00717,C0091,S0091,11/1/2025,11/30/2025,900,0,11/18/2025,Paid
I00718,C0091,S0091,12/1/2025,12/31/2025,900,0,12/11/2025,Paid
I00719,C0091,S0091,1/1/2026,1/31/2026,900,0,1/22/2026,Paid
I00720,C0091,S0091,2/1/2026,2/28/2026,900,0,2/21/2026,Paid
I00721,C0091,S0091,3/1/2026,3/31/2026,900,0,3/31/2026,Paid
I00722,C0091,S0091,4/1/2026,4/30/2026,900,0,5/6/2026,Paid
I00723,C0091,S0091,5/1/2026,5/31/2026,900,0,5/27/2026,Paid
I00724,C0091,S0091,6/1/2026,6/30/2026,900,0,7/11/2026,Paid
I00725,C0091,S0091,7/1/2026,7/31/2026,900,0,7/21/2026,Paid
I00726,C0092,S0092,5/1/2026,5/31/2026,28800,0,5/10/2026,Paid
I00727,C0093,S0093,6/1/2025,6/30/2025,2400,0,7/2/2025,Paid
I00728,C0093,S0093,7/1/2025,7/31/2025,2400,0,,Open
I00729,C0093,S0093,8/1/2025,8/31/2025,2400,0,8/9/2025,Paid
I00730,C0093,S0093,9/1/2025,9/30/2025,2400,0,,Open
I00731,C0093,S0093,10/1/2025,10/31/2025,2400,0,10/17/2025,Paid
I00732,C0093,S0093,11/1/2025,11/30/2025,2400,0,11/27/2025,Paid
I00733,C0093,S0093,12/1/2025,12/31/2025,2400,0,1/4/2026,Paid
I00734,C0093,S0093,1/1/2026,1/31/2026,2400,0,2/6/2026,Paid
I00735,C0093,S0093,2/1/2026,2/28/2026,2400,0,3/5/2026,Paid
I00736,C0093,S0093,3/1/2026,3/31/2026,2400,0,4/2/2026,Paid
I00737,C0093,S0093,4/1/2026,4/30/2026,2400,0,5/11/2026,Paid
I00738,C0093,S0093,5/1/2026,5/31/2026,2400,0,5/31/2026,Paid
I00739,C0093,S0093,6/1/2026,6/30/2026,2400,0,6/9/2026,Paid
I00740,C0093,S0093,7/1/2026,7/31/2026,2400,0,8/2/2026,Paid
I00741,C0094,S0094,2/1/2025,2/28/2025,6200,0,3/3/2025,Paid
I00742,C0094,S0094,3/1/2025,3/31/2025,6200,0,3/16/2025,Paid
I00743,C0094,S0094,4/1/2025,4/30/2025,6200,0,,Open
I00744,C0094,S0094,5/1/2025,5/31/2025,6200,0,6/1/2025,Paid
I00745,C0094,S0094,6/1/2025,6/30/2025,6200,0,6/13/2025,Paid
I00746,C0094,S0094,7/1/2025,7/31/2025,6200,0,7/10/2025,Paid
I00747,C0094,S0094,8/1/2025,8/31/2025,6200,0,8/31/2025,Paid
I00748,C0094,S0094,9/1/2025,9/30/2025,6200,0,10/5/2025,Paid
I00749,C0094,S0094,10/1/2025,10/31/2025,6200,0,10/18/2025,Paid
I00750,C0094,S0094,11/1/2025,11/30/2025,6200,0,11/18/2025,Paid
I00751,C0094,S0094,12/1/2025,12/31/2025,6200,0,1/5/2026,Paid
I00752,C0094,S0094,1/1/2026,1/31/2026,6200,0,2/4/2026,Paid
I00753,C0094,S0094,2/1/2026,2/28/2026,6200,0,2/27/2026,Paid
I00754,C0094,S0094,3/1/2026,3/31/2026,6200,0,3/23/2026,Paid
I00755,C0094,S0094,4/1/2026,4/30/2026,6200,0,5/4/2026,Paid
I00756,C0094,S0094,5/1/2026,5/31/2026,6200,0,6/1/2026,Paid
I00757,C0094,S0094,6/1/2026,6/30/2026,6200,0,7/8/2026,Paid
I00758,C0094,S0094,7/1/2026,7/31/2026,6200,0,7/20/2026,Paid
I00759,C0095,S0095,6/1/2025,6/30/2025,900,0,6/16/2025,Paid
I00760,C0095,S0095,7/1/2025,7/31/2025,900,0,,Open
I00761,C0095,S0095,8/1/2025,8/31/2025,900,0,8/27/2025,Paid
I00762,C0095,S0095,9/1/2025,9/30/2025,900,0,10/2/2025,Paid
I00763,C0095,S0095,10/1/2025,10/31/2025,900,0,10/31/2025,Paid
I00764,C0095,S0095,11/1/2025,11/30/2025,900,0,,Open
I00765,C0095,S0095,12/1/2025,12/31/2025,900,0,12/21/2025,Paid
I00766,C0095,S0095,1/1/2026,1/31/2026,900,0,1/20/2026,Paid
I00767,C0095,S0095,2/1/2026,2/28/2026,900,0,3/10/2026,Paid
I00768,C0095,S0095,3/1/2026,3/31/2026,900,0,3/23/2026,Paid
I00769,C0095,S0095,4/1/2026,4/30/2026,900,0,4/15/2026,Paid
I00770,C0095,S0095,5/1/2026,5/31/2026,900,0,5/28/2026,Paid
I00771,C0096,S0096,1/1/2026,1/31/2026,28800,0,1/23/2026,Paid
I00772,C0098,S0098,5/1/2025,5/31/2025,2400,0,5/26/2025,Paid
I00773,C0098,S0098,6/1/2025,6/30/2025,2400,0,6/23/2025,Paid
I00774,C0098,S0098,7/1/2025,7/31/2025,2400,0,7/14/2025,Paid
I00775,C0098,S0098,8/1/2025,8/31/2025,2400,0,8/25/2025,Paid
I00776,C0098,S0098,9/1/2025,9/30/2025,2400,0,9/29/2025,Paid
I00777,C0098,S0098,10/1/2025,10/31/2025,2400,0,11/2/2025,Paid
I00778,C0098,S0098,11/1/2025,11/30/2025,2400,0,11/26/2025,Paid
I00779,C0098,S0098,12/1/2025,12/31/2025,2400,0,12/13/2025,Paid
I00780,C0098,S0098,1/1/2026,1/31/2026,2400,0,2/4/2026,Paid
I00781,C0098,S0098,2/1/2026,2/28/2026,2400,0,2/9/2026,Paid
I00782,C0098,S0098,3/1/2026,3/31/2026,2400,0,4/4/2026,Paid
I00783,C0098,S0098,4/1/2026,4/30/2026,2400,0,5/12/2026,Paid
I00784,C0098,S0098,5/1/2026,5/31/2026,2400,0,5/11/2026,Paid
I00785,C0098,S0098,6/1/2026,6/30/2026,2400,0,6/16/2026,Paid
I00786,C0098,S0098,7/1/2026,7/31/2026,2400,0,,Open
I00787,C0099,S0099,5/1/2025,5/31/2025,900,0,5/16/2025,Paid
I00788,C0099,S0099,6/1/2025,6/30/2025,900,0,6/18/2025,Paid
I00789,C0099,S0099,7/1/2025,7/31/2025,900,0,7/9/2025,Paid
I00790,C0099,S0099,8/1/2025,8/31/2025,900,0,9/5/2025,Paid
I00791,C0099,S0099,9/1/2025,9/30/2025,900,0,9/11/2025,Paid
I00792,C0099,S0099,10/1/2025,10/31/2025,900,328,,Open
I00793,C0099,S0099,11/1/2025,11/30/2025,900,0,11/15/2025,Paid
I00794,C0099,S0099,12/1/2025,12/31/2025,900,0,1/7/2026,Paid
I00795,C0099,S0099,1/1/2026,1/31/2026,900,0,1/20/2026,Paid
I00796,C0100,S0100,4/1/2026,4/30/2026,6200,0,4/14/2026,Paid
I00797,C0100,S0100,5/1/2026,5/31/2026,6200,0,5/26/2026,Paid
I00798,C0100,S0100,6/1/2026,6/30/2026,6200,0,7/3/2026,Paid
I00799,C0100,S0100,7/1/2026,7/31/2026,6200,0,8/1/2026,Paid
I00800,C0101,S0101,11/1/2025,11/30/2025,900,0,12/5/2025,Paid
I00801,C0101,S0101,12/1/2025,12/31/2025,900,0,1/8/2026,Paid
I00802,C0101,S0101,1/1/2026,1/31/2026,900,0,1/14/2026,Paid
I00803,C0101,S0101,2/1/2026,2/28/2026,900,0,,Open
I00804,C0101,S0101,3/1/2026,3/31/2026,900,0,3/11/2026,Paid
I00805,C0101,S0101,4/1/2026,4/30/2026,900,0,4/27/2026,Paid
I00806,C0101,S0101,5/1/2026,5/31/2026,900,0,5/12/2026,Paid
I00807,C0101,S0101,6/1/2026,6/30/2026,900,0,6/13/2026,Paid
I00808,C0101,S0101,7/1/2026,7/31/2026,900,0,7/16/2026,Paid
I00809,C0102,S0102,2/1/2025,2/28/2025,6200,0,2/9/2025,Paid
I00810,C0102,S0102,3/1/2025,3/31/2025,6200,0,3/29/2025,Paid
I00811,C0102,S0102,4/1/2025,4/30/2025,6200,0,4/30/2025,Paid
I00812,C0102,S0102,5/1/2025,5/31/2025,6200,0,5/26/2025,Paid
I00813,C0102,S0102,6/1/2025,6/30/2025,6200,0,6/16/2025,Paid
I00814,C0102,S0102,7/1/2025,7/31/2025,6200,0,7/17/2025,Paid
I00815,C0102,S0102,8/1/2025,8/31/2025,6200,0,8/21/2025,Paid
I00816,C0102,S0102,9/1/2025,9/30/2025,6200,0,9/19/2025,Paid
I00817,C0102,S0102,10/1/2025,10/31/2025,6200,0,11/2/2025,Paid
I00818,C0102,S0102,11/1/2025,11/30/2025,6200,0,12/10/2025,Paid
I00819,C0102,S0102,12/1/2025,12/31/2025,6200,0,,Open
I00820,C0102,S0102,1/1/2026,1/31/2026,6200,0,1/14/2026,Paid
I00821,C0102,S0102,2/1/2026,2/28/2026,6200,0,3/2/2026,Paid
I00822,C0102,S0102,3/1/2026,3/31/2026,6200,0,3/19/2026,Paid
I00823,C0102,S0102,4/1/2026,4/30/2026,6200,0,5/4/2026,Paid
I00824,C0102,S0102,5/1/2026,5/31/2026,6200,0,6/1/2026,Paid
I00825,C0102,S0102,6/1/2026,6/30/2026,6200,0,7/3/2026,Paid
I00826,C0102,S0102,7/1/2026,7/31/2026,6200,0,8/5/2026,Paid
I00827,C0103,S0103,10/1/2025,10/31/2025,2400,0,11/6/2025,Paid
I00828,C0103,S0103,11/1/2025,11/30/2025,2400,0,11/17/2025,Paid
I00829,C0103,S0103,12/1/2025,12/31/2025,2400,0,12/26/2025,Paid
I00830,C0103,S0103,1/1/2026,1/31/2026,2400,0,2/11/2026,Paid
I00831,C0103,S0103,2/1/2026,2/28/2026,2400,0,2/23/2026,Paid
I00832,C0103,S0103,3/1/2026,3/31/2026,2400,0,3/17/2026,Paid
I00833,C0103,S0103,4/1/2026,4/30/2026,2400,0,4/23/2026,Paid
I00834,C0103,S0103,5/1/2026,5/31/2026,2400,0,5/27/2026,Paid
I00835,C0103,S0103,6/1/2026,6/30/2026,2400,0,7/9/2026,Paid
I00836,C0103,S0103,7/1/2026,7/31/2026,2400,0,7/21/2026,Paid
I00837,C0104,S0104,5/1/2026,5/31/2026,900,0,5/23/2026,Paid
I00838,C0104,S0104,6/1/2026,6/30/2026,900,0,6/29/2026,Paid
I00839,C0104,S0104,7/1/2026,7/31/2026,900,0,8/5/2026,Paid
I00840,C0105,S0105,6/1/2026,6/30/2026,74400,0,7/11/2026,Paid
I00841,C0106,S0106,4/1/2026,4/30/2026,2400,0,4/12/2026,Paid
I00842,C0106,S0106,5/1/2026,5/31/2026,2400,0,5/15/2026,Paid
I00843,C0106,S0106,6/1/2026,6/30/2026,2400,0,6/26/2026,Paid
I00844,C0106,S0106,7/1/2026,7/31/2026,2400,0,7/18/2026,Paid
I00845,C0108,S0108,3/1/2025,3/31/2025,2400,0,4/2/2025,Paid
I00846,C0108,S0108,4/1/2025,4/30/2025,2400,0,4/17/2025,Paid
I00847,C0108,S0108,5/1/2025,5/31/2025,2400,0,6/2/2025,Paid
I00848,C0108,S0108,6/1/2025,6/30/2025,2400,0,7/4/2025,Paid
I00849,C0108,S0108,7/1/2025,7/31/2025,2400,0,7/30/2025,Paid
I00850,C0108,S0108,8/1/2025,8/31/2025,2400,0,9/8/2025,Paid
I00851,C0108,S0108,9/1/2025,9/30/2025,2400,0,10/2/2025,Paid
I00852,C0108,S0108,10/1/2025,10/31/2025,2400,0,10/27/2025,Paid
I00853,C0108,S0108,11/1/2025,11/30/2025,2400,0,11/8/2025,Paid
I00854,C0108,S0108,12/1/2025,12/31/2025,2400,0,1/10/2026,Paid
I00855,C0108,S0108,1/1/2026,1/31/2026,2400,0,1/30/2026,Paid
I00856,C0108,S0108,2/1/2026,2/28/2026,2400,0,2/27/2026,Paid
I00857,C0108,S0108,3/1/2026,3/31/2026,2400,0,3/27/2026,Paid
I00858,C0108,S0108,4/1/2026,4/30/2026,2400,0,,Open
I00859,C0108,S0108,5/1/2026,5/31/2026,2400,0,5/12/2026,Paid
I00860,C0108,S0108,6/1/2026,6/30/2026,2400,0,6/23/2026,Paid
I00861,C0108,S0108,7/1/2026,7/31/2026,2400,0,7/25/2026,Paid
I00862,C0109,S0109,11/1/2025,11/30/2025,2400,0,12/11/2025,Paid
I00863,C0109,S0109,12/1/2025,12/31/2025,2400,0,1/1/2026,Paid
I00864,C0109,S0109,1/1/2026,1/31/2026,2400,0,1/28/2026,Paid
I00865,C0109,S0109,2/1/2026,2/28/2026,2400,0,2/9/2026,Paid
I00866,C0109,S0109,3/1/2026,3/31/2026,2400,0,3/31/2026,Paid
I00867,C0109,S0109,4/1/2026,4/30/2026,2400,0,4/11/2026,Paid
I00868,C0109,S0109,5/1/2026,5/31/2026,2400,0,6/11/2026,Paid
I00869,C0109,S0109,6/1/2026,6/30/2026,2400,0,6/11/2026,Paid
I00870,C0109,S0109,7/1/2026,7/31/2026,2400,0,8/3/2026,Paid
I00871,C0110,S0110,5/1/2025,5/31/2025,2400,0,5/8/2025,Paid
I00872,C0110,S0110,6/1/2025,6/30/2025,2400,0,6/18/2025,Paid
I00873,C0110,S0110,7/1/2025,7/31/2025,2400,0,8/1/2025,Paid
I00874,C0110,S0110,8/1/2025,8/31/2025,2400,0,8/15/2025,Paid
I00875,C0110,S0110,9/1/2025,9/30/2025,2400,0,9/11/2025,Paid
I00876,C0110,S0110,10/1/2025,10/31/2025,2400,0,10/29/2025,Paid
I00877,C0110,S0110,11/1/2025,11/30/2025,2400,0,11/9/2025,Paid
I00878,C0110,S0110,12/1/2025,12/31/2025,2400,0,1/9/2026,Paid
I00879,C0110,S0110,1/1/2026,1/31/2026,2400,0,1/9/2026,Paid
I00880,C0110,S0110,2/1/2026,2/28/2026,2400,0,2/19/2026,Paid
I00881,C0110,S0110,3/1/2026,3/31/2026,2400,0,3/23/2026,Paid
I00882,C0110,S0110,4/1/2026,4/30/2026,2400,0,4/27/2026,Paid
I00883,C0110,S0110,5/1/2026,5/31/2026,2400,0,5/27/2026,Paid
I00884,C0110,S0110,6/1/2026,6/30/2026,2400,0,6/8/2026,Paid
I00885,C0110,S0110,7/1/2026,7/31/2026,2400,0,7/9/2026,Paid
I00886,C0111,S0111,5/1/2026,5/31/2026,900,0,5/20/2026,Paid
I00887,C0111,S0111,6/1/2026,6/30/2026,900,0,,Open
I00888,C0111,S0111,7/1/2026,7/31/2026,900,0,8/8/2026,Paid
I00889,C0113,S0113,3/1/2025,3/31/2025,2400,0,4/7/2025,Paid
I00890,C0113,S0113,4/1/2025,4/30/2025,2400,0,4/23/2025,Paid
I00891,C0113,S0113,5/1/2025,5/31/2025,2400,0,6/9/2025,Paid
I00892,C0113,S0113,6/1/2025,6/30/2025,2400,0,6/26/2025,Paid
I00893,C0113,S0113,7/1/2025,7/31/2025,2400,0,7/18/2025,Paid
I00894,C0113,S0113,8/1/2025,8/31/2025,2400,0,8/15/2025,Paid
I00895,C0113,S0113,9/1/2025,9/30/2025,2400,0,10/6/2025,Paid
I00896,C0113,S0113,10/1/2025,10/31/2025,2400,0,11/9/2025,Paid
I00897,C0113,S0113,11/1/2025,11/30/2025,2400,0,,Open
I00898,C0113,S0113,12/1/2025,12/31/2025,2400,0,1/3/2026,Paid
I00899,C0113,S0113,1/1/2026,1/31/2026,2400,0,2/11/2026,Paid
I00900,C0113,S0113,2/1/2026,2/28/2026,2400,0,2/24/2026,Paid
I00901,C0113,S0113,3/1/2026,3/31/2026,2400,0,3/25/2026,Paid
I00902,C0113,S0113,4/1/2026,4/30/2026,2400,0,5/3/2026,Paid
I00903,C0113,S0113,5/1/2026,5/31/2026,2400,0,5/20/2026,Paid
I00904,C0113,S0113,6/1/2026,6/30/2026,2400,0,6/11/2026,Paid
I00905,C0113,S0113,7/1/2026,7/31/2026,2400,0,8/1/2026,Paid
I00906,C0114,S0114,3/1/2025,3/31/2025,2400,0,4/7/2025,Paid
I00907,C0114,S0114,4/1/2025,4/30/2025,2400,0,5/1/2025,Paid
I00908,C0114,S0114,5/1/2025,5/31/2025,2400,0,6/11/2025,Paid
I00909,C0114,S0114,6/1/2025,6/30/2025,2400,0,6/29/2025,Paid
I00910,C0114,S0114,7/1/2025,7/31/2025,2400,0,7/22/2025,Paid
I00911,C0115,S0115,7/1/2025,7/31/2025,900,0,7/23/2025,Paid
I00912,C0115,S0115,8/1/2025,8/31/2025,900,0,9/7/2025,Paid
I00913,C0115,S0115,9/1/2025,9/30/2025,900,0,9/19/2025,Paid
I00914,C0115,S0115,10/1/2025,10/31/2025,900,0,10/9/2025,Paid
I00915,C0115,S0115,11/1/2025,11/30/2025,900,0,11/10/2025,Paid
I00916,C0115,S0115,12/1/2025,12/31/2025,900,0,12/9/2025,Paid
I00917,C0115,S0115,1/1/2026,1/31/2026,900,0,1/9/2026,Paid
I00918,C0115,S0115,2/1/2026,2/28/2026,900,0,,Open
I00919,C0115,S0115,3/1/2026,3/31/2026,900,0,3/24/2026,Paid
I00920,C0115,S0115,4/1/2026,4/30/2026,900,0,5/4/2026,Paid
I00921,C0115,S0115,5/1/2026,5/31/2026,900,0,5/18/2026,Paid
I00922,C0115,S0115,6/1/2026,6/30/2026,900,0,6/28/2026,Paid
I00923,C0115,S0115,7/1/2026,7/31/2026,900,0,7/30/2026,Paid
I00924,C0116,S0116,7/1/2025,7/31/2025,900,0,7/16/2025,Paid
I00925,C0116,S0116,8/1/2025,8/31/2025,900,0,9/3/2025,Paid
I00926,C0116,S0116,9/1/2025,9/30/2025,900,0,9/15/2025,Paid
I00927,C0116,S0116,10/1/2025,10/31/2025,900,0,,Open
I00928,C0116,S0116,11/1/2025,11/30/2025,900,0,11/15/2025,Paid
I00929,C0116,S0116,12/1/2025,12/31/2025,900,0,12/8/2025,Paid
I00930,C0116,S0116,1/1/2026,1/31/2026,900,0,1/30/2026,Paid
I00931,C0116,S0116,2/1/2026,2/28/2026,900,0,2/17/2026,Paid
I00932,C0116,S0116,3/1/2026,3/31/2026,900,0,3/22/2026,Paid
I00933,C0116,S0116,4/1/2026,4/30/2026,900,0,4/29/2026,Paid
I00934,C0116,S0116,5/1/2026,5/31/2026,900,0,5/18/2026,Paid
I00935,C0116,S0116,6/1/2026,6/30/2026,900,0,6/9/2026,Paid
I00936,C0116,S0116,7/1/2026,7/31/2026,900,0,7/28/2026,Paid
I00937,C0117,S0117,4/1/2025,4/30/2025,2400,0,4/9/2025,Paid
I00938,C0117,S0117,5/1/2025,5/31/2025,2400,0,5/26/2025,Paid
I00939,C0117,S0117,6/1/2025,6/30/2025,2400,0,6/29/2025,Paid
I00940,C0117,S0117,7/1/2025,7/31/2025,2400,0,7/28/2025,Paid
I00941,C0117,S0117,8/1/2025,8/31/2025,2400,0,9/1/2025,Paid
I00942,C0117,S0117,9/1/2025,9/30/2025,2400,0,9/10/2025,Paid
I00943,C0117,S0117,10/1/2025,10/31/2025,2400,0,10/25/2025,Paid
I00944,C0117,S0117,11/1/2025,11/30/2025,2400,1525,11/25/2025,Paid
I00945,C0117,S0117,12/1/2025,12/31/2025,2400,0,12/27/2025,Paid
I00946,C0117,S0117,1/1/2026,1/31/2026,2400,0,,Open
I00947,C0117,S0117,2/1/2026,2/28/2026,2400,0,2/15/2026,Paid
I00948,C0117,S0117,3/1/2026,3/31/2026,2400,0,3/17/2026,Paid
I00949,C0117,S0117,4/1/2026,4/30/2026,2400,0,4/22/2026,Paid
I00950,C0117,S0117,5/1/2026,5/31/2026,2400,0,6/6/2026,Paid
I00951,C0117,S0117,6/1/2026,6/30/2026,2400,0,7/4/2026,Paid
I00952,C0117,S0117,7/1/2026,7/31/2026,2400,0,8/7/2026,Paid
I00953,C0118,S0118,11/1/2025,11/30/2025,28800,0,12/1/2025,Paid
I00954,C0119,S0119,10/1/2025,10/31/2025,900,0,10/21/2025,Paid
I00955,C0119,S0119,11/1/2025,11/30/2025,900,0,12/6/2025,Paid
I00956,C0119,S0119,12/1/2025,12/31/2025,900,0,12/10/2025,Paid
I00957,C0119,S0119,1/1/2026,1/31/2026,900,0,,Open
I00958,C0119,S0119,2/1/2026,2/28/2026,900,0,3/10/2026,Paid
I00959,C0119,S0119,3/1/2026,3/31/2026,900,0,4/8/2026,Paid
I00960,C0119,S0119,4/1/2026,4/30/2026,900,0,5/1/2026,Paid
I00961,C0119,S0119,5/1/2026,5/31/2026,900,0,5/19/2026,Paid
I00962,C0119,S0119,6/1/2026,6/30/2026,900,0,7/11/2026,Paid
I00963,C0119,S0119,7/1/2026,7/31/2026,900,0,8/10/2026,Paid
I00964,C0120,S0120,11/1/2025,11/30/2025,900,0,11/26/2025,Paid
I00965,C0120,S0120,12/1/2025,12/31/2025,900,0,12/28/2025,Paid
I00966,C0120,S0120,1/1/2026,1/31/2026,900,0,1/24/2026,Paid
I00967,C0120,S0120,2/1/2026,2/28/2026,900,0,3/3/2026,Paid
I00968,C0121,S0121,3/1/2025,3/31/2025,900,0,4/5/2025,Paid
I00969,C0121,S0121,4/1/2025,4/30/2025,900,0,4/8/2025,Paid
I00970,C0121,S0121,5/1/2025,5/31/2025,900,0,6/6/2025,Paid
I00971,C0121,S0121,6/1/2025,6/30/2025,900,0,7/1/2025,Paid
I00972,C0121,S0121,7/1/2025,7/31/2025,900,0,7/10/2025,Paid
I00973,C0121,S0121,8/1/2025,8/31/2025,900,0,8/18/2025,Paid
I00974,C0121,S0121,9/1/2025,9/30/2025,900,0,9/24/2025,Paid
I00975,C0121,S0121,10/1/2025,10/31/2025,900,0,,Open
I00976,C0121,S0121,11/1/2025,11/30/2025,900,0,11/13/2025,Paid
I00977,C0121,S0121,12/1/2025,12/31/2025,900,0,12/21/2025,Paid
I00978,C0121,S0121,1/1/2026,1/31/2026,900,0,2/10/2026,Paid
I00979,C0121,S0121,2/1/2026,2/28/2026,900,0,2/27/2026,Paid
I00980,C0121,S0121,3/1/2026,3/31/2026,900,0,3/30/2026,Paid
I00981,C0121,S0121,4/1/2026,4/30/2026,900,0,,Open
I00982,C0121,S0121,5/1/2026,5/31/2026,900,0,6/10/2026,Paid
I00983,C0121,S0121,6/1/2026,6/30/2026,900,0,7/12/2026,Paid
I00984,C0121,S0121,7/1/2026,7/31/2026,900,0,7/21/2026,Paid
I00985,C0122,S0122,7/1/2025,7/31/2025,900,0,7/29/2025,Paid
I00986,C0122,S0122,8/1/2025,8/31/2025,900,0,8/30/2025,Paid
I00987,C0122,S0122,9/1/2025,9/30/2025,900,0,10/4/2025,Paid
I00988,C0122,S0122,10/1/2025,10/31/2025,900,0,11/5/2025,Paid
I00989,C0122,S0122,11/1/2025,11/30/2025,900,0,11/22/2025,Paid
I00990,C0122,S0122,12/1/2025,12/31/2025,900,0,12/27/2025,Paid
I00991,C0122,S0122,1/1/2026,1/31/2026,900,0,2/9/2026,Paid
I00992,C0122,S0122,2/1/2026,2/28/2026,900,0,3/1/2026,Paid
I00993,C0122,S0122,3/1/2026,3/31/2026,900,0,3/25/2026,Paid
I00994,C0122,S0122,4/1/2026,4/30/2026,900,0,4/24/2026,Paid
I00995,C0123,S0123,8/1/2025,8/31/2025,2400,0,8/24/2025,Paid
I00996,C0123,S0123,9/1/2025,9/30/2025,2400,0,10/8/2025,Paid
I00997,C0123,S0123,10/1/2025,10/31/2025,2400,0,10/15/2025,Paid
I00998,C0123,S0123,11/1/2025,11/30/2025,2400,0,,Open
I00999,C0123,S0123,12/1/2025,12/31/2025,2400,0,12/19/2025,Paid
I01000,C0123,S0123,1/1/2026,1/31/2026,2400,0,1/23/2026,Paid
I01001,C0123,S0123,2/1/2026,2/28/2026,2400,0,3/1/2026,Paid
I01002,C0123,S0123,3/1/2026,3/31/2026,2400,0,4/2/2026,Paid
I01003,C0123,S0123,4/1/2026,4/30/2026,2400,0,4/26/2026,Paid
I01004,C0123,S0123,5/1/2026,5/31/2026,2400,0,6/11/2026,Paid
I01005,C0123,S0123,6/1/2026,6/30/2026,2400,0,6/30/2026,Paid
I01006,C0123,S0123,7/1/2026,7/31/2026,2400,0,7/19/2026,Paid
I01007,C0124,S0124,6/1/2025,6/30/2025,900,0,6/26/2025,Paid
I01008,C0124,S0124,7/1/2025,7/31/2025,900,0,8/10/2025,Paid
I01009,C0124,S0124,8/1/2025,8/31/2025,900,0,9/9/2025,Paid
I01010,C0124,S0124,9/1/2025,9/30/2025,900,0,9/20/2025,Paid
I01011,C0124,S0124,10/1/2025,10/31/2025,900,0,10/14/2025,Paid
I01012,C0124,S0124,11/1/2025,11/30/2025,900,0,11/15/2025,Paid
I01013,C0124,S0124,12/1/2025,12/31/2025,900,0,12/29/2025,Paid
I01014,C0124,S0124,1/1/2026,1/31/2026,900,0,2/8/2026,Paid
I01015,C0124,S0124,2/1/2026,2/28/2026,900,0,2/8/2026,Paid
I01016,C0124,S0124,3/1/2026,3/31/2026,900,0,,Open
I01017,C0124,S0124,4/1/2026,4/30/2026,900,0,4/13/2026,Paid
I01018,C0124,S0124,5/1/2026,5/31/2026,900,0,5/13/2026,Paid
I01019,C0124,S0124,6/1/2026,6/30/2026,900,0,7/10/2026,Paid
I01020,C0124,S0124,7/1/2026,7/31/2026,900,0,7/12/2026,Paid
I01021,C0125,S0125,1/1/2026,1/31/2026,2400,0,1/16/2026,Paid
I01022,C0125,S0125,2/1/2026,2/28/2026,2400,0,3/3/2026,Paid
I01023,C0125,S0125,3/1/2026,3/31/2026,2400,0,,Open
I01024,C0125,S0125,4/1/2026,4/30/2026,2400,0,4/19/2026,Paid
I01025,C0125,S0125,5/1/2026,5/31/2026,2400,0,6/5/2026,Paid
I01026,C0125,S0125,6/1/2026,6/30/2026,2400,0,6/19/2026,Paid
I01027,C0125,S0125,7/1/2026,7/31/2026,2400,0,8/4/2026,Paid
I01028,C0126,S0126,2/1/2025,2/28/2025,900,0,2/21/2025,Paid
I01029,C0126,S0126,3/1/2025,3/31/2025,900,0,4/5/2025,Paid
I01030,C0126,S0126,4/1/2025,4/30/2025,900,0,5/4/2025,Paid
I01031,C0126,S0126,5/1/2025,5/31/2025,900,0,5/25/2025,Paid
I01032,C0126,S0126,6/1/2025,6/30/2025,900,0,6/16/2025,Paid
I01033,C0126,S0126,7/1/2025,7/31/2025,900,0,7/9/2025,Paid
I01034,C0126,S0126,8/1/2025,8/31/2025,900,0,9/1/2025,Paid
I01035,C0126,S0126,9/1/2025,9/30/2025,900,0,10/2/2025,Paid
I01036,C0126,S0126,10/1/2025,10/31/2025,900,546,,Open
I01037,C0126,S0126,11/1/2025,11/30/2025,900,0,11/16/2025,Paid
I01038,C0126,S0126,12/1/2025,12/31/2025,900,0,12/14/2025,Paid
I01039,C0126,S0126,1/1/2026,1/31/2026,900,0,2/9/2026,Paid
I01040,C0126,S0126,2/1/2026,2/28/2026,900,0,2/9/2026,Paid
I01041,C0126,S0126,3/1/2026,3/31/2026,900,0,3/27/2026,Paid
I01042,C0126,S0126,4/1/2026,4/30/2026,900,0,4/17/2026,Paid
I01043,C0126,S0126,5/1/2026,5/31/2026,900,0,,Open
I01044,C0126,S0126,6/1/2026,6/30/2026,900,0,6/16/2026,Paid
I01045,C0126,S0126,7/1/2026,7/31/2026,900,0,7/12/2026,Paid
I01046,C0127,S0127,5/1/2026,5/31/2026,900,0,6/7/2026,Paid
I01047,C0127,S0127,6/1/2026,6/30/2026,900,0,7/5/2026,Paid
I01048,C0127,S0127,7/1/2026,7/31/2026,900,0,8/5/2026,Paid
I01049,C0128,S0128,11/1/2025,11/30/2025,900,0,11/16/2025,Paid
I01050,C0128,S0128,12/1/2025,12/31/2025,900,0,12/17/2025,Paid
I01051,C0128,S0128,1/1/2026,1/31/2026,900,0,2/5/2026,Paid
I01052,C0128,S0128,2/1/2026,2/28/2026,900,0,3/13/2026,Paid
I01053,C0128,S0128,3/1/2026,3/31/2026,900,0,4/2/2026,Paid
I01054,C0128,S0128,4/1/2026,4/30/2026,900,0,4/23/2026,Paid
I01055,C0128,S0128,5/1/2026,5/31/2026,900,0,6/2/2026,Paid
I01056,C0128,S0128,6/1/2026,6/30/2026,900,0,7/3/2026,Paid
I01057,C0128,S0128,7/1/2026,7/31/2026,900,0,7/28/2026,Paid
I01058,C0129,S0129,2/1/2025,2/28/2025,6200,0,2/17/2025,Paid
I01059,C0129,S0129,3/1/2025,3/31/2025,6200,0,4/6/2025,Paid
I01060,C0129,S0129,4/1/2025,4/30/2025,6200,0,4/17/2025,Paid
I01061,C0129,S0129,5/1/2025,5/31/2025,6200,0,5/9/2025,Paid
I01062,C0129,S0129,6/1/2025,6/30/2025,6200,0,7/4/2025,Paid
I01063,C0129,S0129,7/1/2025,7/31/2025,6200,0,7/11/2025,Paid
I01064,C0129,S0129,8/1/2025,8/31/2025,6200,0,8/21/2025,Paid
I01065,C0129,S0129,9/1/2025,9/30/2025,6200,0,9/16/2025,Paid
I01066,C0129,S0129,10/1/2025,10/31/2025,6200,0,10/16/2025,Paid
I01067,C0129,S0129,11/1/2025,11/30/2025,6200,0,11/8/2025,Paid
I01068,C0129,S0129,12/1/2025,12/31/2025,6200,0,12/31/2025,Paid
I01069,C0129,S0129,1/1/2026,1/31/2026,6200,0,1/28/2026,Paid
I01070,C0129,S0129,2/1/2026,2/28/2026,6200,0,2/22/2026,Paid
I01071,C0129,S0129,3/1/2026,3/31/2026,6200,3340,3/18/2026,Paid
I01072,C0129,S0129,4/1/2026,4/30/2026,6200,0,4/24/2026,Paid
I01073,C0129,S0129,5/1/2026,5/31/2026,6200,0,5/15/2026,Paid
I01074,C0129,S0129,6/1/2026,6/30/2026,6200,0,7/11/2026,Paid
I01075,C0129,S0129,7/1/2026,7/31/2026,6200,0,7/14/2026,Paid
I01076,C0130,S0130,2/1/2025,2/28/2025,900,0,2/23/2025,Paid
I01077,C0130,S0130,3/1/2025,3/31/2025,900,0,3/17/2025,Paid
I01078,C0130,S0130,4/1/2025,4/30/2025,900,0,5/5/2025,Paid
I01079,C0130,S0130,5/1/2025,5/31/2025,900,0,5/17/2025,Paid
I01080,C0130,S0130,6/1/2025,6/30/2025,900,0,6/19/2025,Paid
I01081,C0130,S0130,7/1/2025,7/31/2025,900,0,8/6/2025,Paid
I01082,C0130,S0130,8/1/2025,8/31/2025,900,0,9/7/2025,Paid
I01083,C0130,S0130,9/1/2025,9/30/2025,900,0,10/9/2025,Paid
I01084,C0130,S0130,10/1/2025,10/31/2025,900,0,11/3/2025,Paid
I01085,C0130,S0130,11/1/2025,11/30/2025,900,0,11/10/2025,Paid
I01086,C0130,S0130,12/1/2025,12/31/2025,900,0,12/16/2025,Paid
I01087,C0130,S0130,1/1/2026,1/31/2026,900,0,1/31/2026,Paid
I01088,C0130,S0130,2/1/2026,2/28/2026,900,0,3/5/2026,Paid
I01089,C0130,S0130,3/1/2026,3/31/2026,900,0,3/29/2026,Paid
I01090,C0130,S0130,4/1/2026,4/30/2026,900,0,4/24/2026,Paid
I01091,C0130,S0130,5/1/2026,5/31/2026,900,0,6/7/2026,Paid
I01092,C0130,S0130,6/1/2026,6/30/2026,900,0,6/17/2026,Paid
I01093,C0130,S0130,7/1/2026,7/31/2026,900,0,7/23/2026,Paid
I01094,C0131,S0131,10/1/2025,10/31/2025,74400,0,10/14/2025,Paid
I01095,C0134,S0134,10/1/2025,10/31/2025,2400,0,10/8/2025,Paid
I01096,C0134,S0134,11/1/2025,11/30/2025,2400,0,12/4/2025,Paid
I01097,C0134,S0134,12/1/2025,12/31/2025,2400,0,1/6/2026,Paid
I01098,C0134,S0134,1/1/2026,1/31/2026,2400,0,1/17/2026,Paid
I01099,C0134,S0134,2/1/2026,2/28/2026,2400,1452,2/20/2026,Paid
I01100,C0134,S0134,3/1/2026,3/31/2026,2400,0,4/9/2026,Paid
I01101,C0134,S0134,4/1/2026,4/30/2026,2400,0,5/8/2026,Paid
I01102,C0134,S0134,5/1/2026,5/31/2026,2400,0,6/6/2026,Paid
I01103,C0134,S0134,6/1/2026,6/30/2026,2400,0,7/7/2026,Paid
I01104,C0134,S0134,7/1/2026,7/31/2026,2400,0,7/8/2026,Paid
I01105,C0135,S0135,7/1/2025,7/31/2025,2400,0,7/8/2025,Paid
I01106,C0135,S0135,8/1/2025,8/31/2025,2400,0,8/26/2025,Paid
I01107,C0135,S0135,9/1/2025,9/30/2025,2400,0,9/13/2025,Paid
I01108,C0135,S0135,10/1/2025,10/31/2025,2400,0,10/21/2025,Paid
I01109,C0135,S0135,11/1/2025,11/30/2025,2400,0,11/15/2025,Paid
I01110,C0135,S0135,12/1/2025,12/31/2025,2400,0,12/17/2025,Paid
I01111,C0135,S0135,1/1/2026,1/31/2026,2400,0,1/17/2026,Paid
I01112,C0135,S0135,2/1/2026,2/28/2026,2400,0,2/25/2026,Paid
I01113,C0135,S0135,3/1/2026,3/31/2026,2400,0,3/31/2026,Paid
I01114,C0135,S0135,4/1/2026,4/30/2026,2400,0,4/14/2026,Paid
I01115,C0135,S0135,5/1/2026,5/31/2026,2400,0,,Open
I01116,C0135,S0135,6/1/2026,6/30/2026,2400,0,6/24/2026,Paid
I01117,C0135,S0135,7/1/2026,7/31/2026,2400,0,7/21/2026,Paid
I01118,C0136,S0136,10/1/2025,10/31/2025,6200,0,11/2/2025,Paid
I01119,C0136,S0136,11/1/2025,11/30/2025,6200,0,12/4/2025,Paid
I01120,C0136,S0136,12/1/2025,12/31/2025,6200,0,12/28/2025,Paid
I01121,C0136,S0136,1/1/2026,1/31/2026,6200,0,1/23/2026,Paid
I01122,C0136,S0136,2/1/2026,2/28/2026,6200,0,2/9/2026,Paid
I01123,C0136,S0136,3/1/2026,3/31/2026,6200,0,4/8/2026,Paid
I01124,C0136,S0136,4/1/2026,4/30/2026,6200,0,4/13/2026,Paid
I01125,C0136,S0136,5/1/2026,5/31/2026,6200,0,6/8/2026,Paid
I01126,C0136,S0136,6/1/2026,6/30/2026,6200,0,6/23/2026,Paid
I01127,C0136,S0136,7/1/2026,7/31/2026,6200,0,7/16/2026,Paid
I01128,C0137,S0137,4/1/2026,4/30/2026,10800,0,4/26/2026,Paid
I01129,C0138,S0138,7/1/2025,7/31/2025,900,0,7/13/2025,Paid
I01130,C0138,S0138,8/1/2025,8/31/2025,900,0,8/21/2025,Paid
I01131,C0138,S0138,9/1/2025,9/30/2025,900,0,10/10/2025,Paid
I01132,C0138,S0138,10/1/2025,10/31/2025,900,0,10/19/2025,Paid
I01133,C0138,S0138,11/1/2025,11/30/2025,900,0,11/15/2025,Paid
I01134,C0138,S0138,12/1/2025,12/31/2025,900,0,12/27/2025,Paid
I01135,C0138,S0138,1/1/2026,1/31/2026,900,0,2/9/2026,Paid
I01136,C0138,S0138,2/1/2026,2/28/2026,900,0,3/13/2026,Paid
I01137,C0138,S0138,3/1/2026,3/31/2026,900,0,3/14/2026,Paid
I01138,C0138,S0138,4/1/2026,4/30/2026,900,0,4/30/2026,Paid
I01139,C0138,S0138,5/1/2026,5/31/2026,900,337,5/23/2026,Paid
I01140,C0138,S0138,6/1/2026,6/30/2026,900,0,7/9/2026,Paid
I01141,C0138,S0138,7/1/2026,7/31/2026,900,0,8/11/2026,Paid
I01142,C0139,S0139,5/1/2026,5/31/2026,28800,0,5/21/2026,Paid
I01143,C0140,S0140,2/1/2026,2/28/2026,900,0,3/9/2026,Paid
I01144,C0140,S0140,3/1/2026,3/31/2026,900,0,3/30/2026,Paid
I01145,C0140,S0140,4/1/2026,4/30/2026,900,0,5/9/2026,Paid
I01146,C0140,S0140,5/1/2026,5/31/2026,900,0,5/30/2026,Paid
I01147,C0140,S0140,6/1/2026,6/30/2026,900,0,6/21/2026,Paid
I01148,C0140,S0140,7/1/2026,7/31/2026,900,0,7/24/2026,Paid
I01149,C0141,S0141,5/1/2026,5/31/2026,2400,0,5/8/2026,Paid
I01150,C0141,S0141,6/1/2026,6/30/2026,2400,0,6/17/2026,Paid
I01151,C0141,S0141,7/1/2026,7/31/2026,2400,0,8/2/2026,Paid
I01152,C0142,S0142,4/1/2026,4/30/2026,28800,0,4/30/2026,Paid
I01153,C0143,S0143,2/1/2025,2/28/2025,900,0,2/25/2025,Paid
I01154,C0143,S0143,3/1/2025,3/31/2025,900,0,4/2/2025,Paid
I01155,C0143,S0143,4/1/2025,4/30/2025,900,0,5/6/2025,Paid
I01156,C0143,S0143,5/1/2025,5/31/2025,900,0,,Open
I01157,C0143,S0143,6/1/2025,6/30/2025,900,0,7/6/2025,Paid
I01158,C0143,S0143,7/1/2025,7/31/2025,900,0,8/1/2025,Paid
I01159,C0143,S0143,8/1/2025,8/31/2025,900,0,8/17/2025,Paid
I01160,C0143,S0143,9/1/2025,9/30/2025,900,0,9/19/2025,Paid
I01161,C0143,S0143,10/1/2025,10/31/2025,900,0,10/18/2025,Paid
I01162,C0143,S0143,11/1/2025,11/30/2025,900,0,12/5/2025,Paid
I01163,C0143,S0143,12/1/2025,12/31/2025,900,0,12/17/2025,Paid
I01164,C0143,S0143,1/1/2026,1/31/2026,900,0,1/27/2026,Paid
I01165,C0143,S0143,2/1/2026,2/28/2026,900,0,2/24/2026,Paid
I01166,C0143,S0143,3/1/2026,3/31/2026,900,0,3/13/2026,Paid
I01167,C0143,S0143,4/1/2026,4/30/2026,900,0,4/17/2026,Paid
I01168,C0143,S0143,5/1/2026,5/31/2026,900,0,,Open
I01169,C0143,S0143,6/1/2026,6/30/2026,900,0,7/3/2026,Paid
I01170,C0143,S0143,7/1/2026,7/31/2026,900,0,8/3/2026,Paid
I01171,C0144,S0144,3/1/2025,3/31/2025,900,0,4/10/2025,Paid
I01172,C0144,S0144,4/1/2025,4/30/2025,900,0,,Open
I01173,C0144,S0144,5/1/2025,5/31/2025,900,0,5/13/2025,Paid
I01174,C0144,S0144,6/1/2025,6/30/2025,900,0,7/7/2025,Paid
I01175,C0144,S0144,7/1/2025,7/31/2025,900,0,7/10/2025,Paid
I01176,C0144,S0144,8/1/2025,8/31/2025,900,0,8/28/2025,Paid
I01177,C0144,S0144,9/1/2025,9/30/2025,900,0,9/28/2025,Paid
I01178,C0144,S0144,10/1/2025,10/31/2025,900,0,10/18/2025,Paid
I01179,C0144,S0144,11/1/2025,11/30/2025,900,0,12/6/2025,Paid
I01180,C0144,S0144,12/1/2025,12/31/2025,900,0,12/28/2025,Paid
I01181,C0144,S0144,1/1/2026,1/31/2026,900,0,1/30/2026,Paid
I01182,C0144,S0144,2/1/2026,2/28/2026,900,0,3/12/2026,Paid
I01183,C0144,S0144,3/1/2026,3/31/2026,900,0,3/25/2026,Paid
I01184,C0144,S0144,4/1/2026,4/30/2026,900,0,4/24/2026,Paid
I01185,C0144,S0144,5/1/2026,5/31/2026,900,0,5/17/2026,Paid
I01186,C0144,S0144,6/1/2026,6/30/2026,900,0,7/3/2026,Paid
I01187,C0144,S0144,7/1/2026,7/31/2026,900,0,7/31/2026,Paid
I01188,C0145,S0145,5/1/2025,5/31/2025,2400,0,5/25/2025,Paid
I01189,C0145,S0145,6/1/2025,6/30/2025,2400,0,6/21/2025,Paid
I01190,C0145,S0145,7/1/2025,7/31/2025,2400,0,7/22/2025,Paid
I01191,C0145,S0145,8/1/2025,8/31/2025,2400,0,9/2/2025,Paid
I01192,C0145,S0145,9/1/2025,9/30/2025,2400,0,9/28/2025,Paid
I01193,C0145,S0145,10/1/2025,10/31/2025,2400,0,11/1/2025,Paid
I01194,C0145,S0145,11/1/2025,11/30/2025,2400,0,11/21/2025,Paid
I01195,C0145,S0145,12/1/2025,12/31/2025,2400,0,12/29/2025,Paid
I01196,C0145,S0145,1/1/2026,1/31/2026,2400,0,2/11/2026,Paid
I01197,C0145,S0145,2/1/2026,2/28/2026,2400,0,3/5/2026,Paid
I01198,C0145,S0145,3/1/2026,3/31/2026,2400,0,3/19/2026,Paid
I01199,C0145,S0145,4/1/2026,4/30/2026,2400,0,5/7/2026,Paid
I01200,C0145,S0145,5/1/2026,5/31/2026,2400,0,6/8/2026,Paid
I01201,C0145,S0145,6/1/2026,6/30/2026,2400,0,7/9/2026,Paid
I01202,C0145,S0145,7/1/2026,7/31/2026,2400,0,8/10/2026,Paid
I01203,C0146,S0146,7/1/2025,7/31/2025,2400,0,7/22/2025,Paid
I01204,C0146,S0146,8/1/2025,8/31/2025,2400,0,9/4/2025,Paid
I01205,C0146,S0146,9/1/2025,9/30/2025,2400,0,10/8/2025,Paid
I01206,C0146,S0146,10/1/2025,10/31/2025,2400,0,,Open
I01207,C0146,S0146,11/1/2025,11/30/2025,2400,0,11/28/2025,Paid
I01208,C0146,S0146,12/1/2025,12/31/2025,2400,0,12/14/2025,Paid
I01209,C0146,S0146,1/1/2026,1/31/2026,2400,0,1/19/2026,Paid
I01210,C0146,S0146,2/1/2026,2/28/2026,2400,0,3/9/2026,Paid
I01211,C0146,S0146,3/1/2026,3/31/2026,2400,0,3/13/2026,Paid
I01212,C0146,S0146,4/1/2026,4/30/2026,2400,797,5/12/2026,Paid
I01213,C0146,S0146,5/1/2026,5/31/2026,2400,1574,6/1/2026,Paid
I01214,C0146,S0146,6/1/2026,6/30/2026,2400,0,7/10/2026,Paid
I01215,C0146,S0146,7/1/2026,7/31/2026,2400,0,8/11/2026,Paid
I01216,C0147,S0147,4/1/2026,4/30/2026,900,0,5/3/2026,Paid
I01217,C0147,S0147,5/1/2026,5/31/2026,900,0,5/28/2026,Paid
I01218,C0147,S0147,6/1/2026,6/30/2026,900,0,6/22/2026,Paid
I01219,C0147,S0147,7/1/2026,7/31/2026,900,0,8/10/2026,Paid
I01220,C0148,S0148,3/1/2026,3/31/2026,28800,0,3/27/2026,Paid
I01221,C0149,S0149,8/1/2025,8/31/2025,2400,0,9/2/2025,Paid
I01222,C0149,S0149,9/1/2025,9/30/2025,2400,0,10/3/2025,Paid
I01223,C0149,S0149,10/1/2025,10/31/2025,2400,0,11/8/2025,Paid
I01224,C0149,S0149,11/1/2025,11/30/2025,2400,0,12/3/2025,Paid
I01225,C0149,S0149,12/1/2025,12/31/2025,2400,0,,Open
I01226,C0149,S0149,1/1/2026,1/31/2026,2400,0,1/20/2026,Paid
I01227,C0149,S0149,2/1/2026,2/28/2026,2400,0,2/26/2026,Paid
I01228,C0149,S0149,3/1/2026,3/31/2026,2400,0,3/29/2026,Paid
I01229,C0149,S0149,4/1/2026,4/30/2026,2400,0,5/4/2026,Paid
I01230,C0149,S0149,5/1/2026,5/31/2026,2400,0,5/15/2026,Paid
I01231,C0149,S0149,6/1/2026,6/30/2026,2400,0,6/14/2026,Paid
I01232,C0149,S0149,7/1/2026,7/31/2026,2400,0,7/24/2026,Paid
I01233,C0150,S0150,5/1/2025,5/31/2025,28800,0,5/28/2025,Paid
I01234,C0150,S0150,5/1/2026,5/31/2026,28800,0,5/14/2026,Paid
I01235,C0152,S0152,10/1/2025,10/31/2025,900,0,11/8/2025,Paid
I01236,C0152,S0152,11/1/2025,11/30/2025,900,0,12/6/2025,Paid
I01237,C0152,S0152,12/1/2025,12/31/2025,900,0,,Open
I01238,C0152,S0152,1/1/2026,1/31/2026,900,0,2/5/2026,Paid
I01239,C0152,S0152,2/1/2026,2/28/2026,900,0,3/2/2026,Paid
I01240,C0152,S0152,3/1/2026,3/31/2026,900,0,4/5/2026,Paid
I01241,C0152,S0152,4/1/2026,4/30/2026,900,0,4/20/2026,Paid
I01242,C0152,S0152,5/1/2026,5/31/2026,900,0,5/29/2026,Paid
I01243,C0152,S0152,6/1/2026,6/30/2026,900,0,6/16/2026,Paid
I01244,C0152,S0152,7/1/2026,7/31/2026,900,0,,Open
I01245,C0153,S0153,3/1/2025,3/31/2025,2400,0,3/23/2025,Paid
I01246,C0153,S0153,4/1/2025,4/30/2025,2400,0,5/7/2025,Paid
I01247,C0153,S0153,5/1/2025,5/31/2025,2400,0,5/11/2025,Paid
I01248,C0153,S0153,6/1/2025,6/30/2025,2400,0,6/12/2025,Paid
I01249,C0153,S0153,7/1/2025,7/31/2025,2400,0,8/6/2025,Paid
I01250,C0153,S0153,8/1/2025,8/31/2025,2400,0,8/10/2025,Paid
I01251,C0153,S0153,9/1/2025,9/30/2025,2400,0,9/19/2025,Paid
I01252,C0153,S0153,10/1/2025,10/31/2025,2400,0,11/6/2025,Paid
I01253,C0153,S0153,11/1/2025,11/30/2025,2400,0,11/15/2025,Paid
I01254,C0153,S0153,12/1/2025,12/31/2025,2400,0,12/11/2025,Paid
I01255,C0153,S0153,1/1/2026,1/31/2026,2400,0,1/23/2026,Paid
I01256,C0153,S0153,2/1/2026,2/28/2026,2400,0,2/17/2026,Paid
I01257,C0153,S0153,3/1/2026,3/31/2026,2400,0,4/5/2026,Paid
I01258,C0153,S0153,4/1/2026,4/30/2026,2400,0,4/17/2026,Paid
I01259,C0153,S0153,5/1/2026,5/31/2026,2400,0,6/5/2026,Paid
I01260,C0153,S0153,6/1/2026,6/30/2026,2400,0,6/11/2026,Paid
I01261,C0153,S0153,7/1/2026,7/31/2026,2400,0,7/15/2026,Paid
I01262,C0154,S0154,3/1/2026,3/31/2026,2400,0,4/10/2026,Paid
I01263,C0154,S0154,4/1/2026,4/30/2026,2400,0,4/25/2026,Paid
I01264,C0154,S0154,5/1/2026,5/31/2026,2400,0,5/25/2026,Paid
I01265,C0154,S0154,6/1/2026,6/30/2026,2400,0,7/12/2026,Paid
I01266,C0154,S0154,7/1/2026,7/31/2026,2400,0,7/31/2026,Paid
I01267,C0155,S0155,5/1/2025,5/31/2025,6200,0,5/29/2025,Paid
I01268,C0155,S0155,6/1/2025,6/30/2025,6200,0,7/10/2025,Paid
I01269,C0155,S0155,7/1/2025,7/31/2025,6200,0,7/25/2025,Paid
I01270,C0155,S0155,8/1/2025,8/31/2025,6200,0,8/22/2025,Paid
I01271,C0155,S0155,9/1/2025,9/30/2025,6200,0,9/11/2025,Paid
I01272,C0155,S0155,10/1/2025,10/31/2025,6200,0,10/22/2025,Paid
I01273,C0155,S0155,11/1/2025,11/30/2025,6200,0,12/12/2025,Paid
I01274,C0155,S0155,12/1/2025,12/31/2025,6200,0,,Open
I01275,C0155,S0155,1/1/2026,1/31/2026,6200,0,1/24/2026,Paid
I01276,C0155,S0155,2/1/2026,2/28/2026,6200,0,2/12/2026,Paid
I01277,C0155,S0155,3/1/2026,3/31/2026,6200,0,3/14/2026,Paid
I01278,C0155,S0155,4/1/2026,4/30/2026,6200,0,4/29/2026,Paid
I01279,C0155,S0155,5/1/2026,5/31/2026,6200,0,5/9/2026,Paid
I01280,C0155,S0155,6/1/2026,6/30/2026,6200,0,6/23/2026,Paid
I01281,C0155,S0155,7/1/2026,7/31/2026,6200,0,7/16/2026,Paid
I01282,C0156,S0156,7/1/2025,7/31/2025,2400,0,7/19/2025,Paid
I01283,C0156,S0156,8/1/2025,8/31/2025,2400,0,8/29/2025,Paid
I01284,C0156,S0156,9/1/2025,9/30/2025,2400,0,9/17/2025,Paid
I01285,C0156,S0156,10/1/2025,10/31/2025,2400,0,10/14/2025,Paid
I01286,C0156,S0156,11/1/2025,11/30/2025,2400,0,11/19/2025,Paid
I01287,C0156,S0156,12/1/2025,12/31/2025,2400,0,12/14/2025,Paid
I01288,C0156,S0156,1/1/2026,1/31/2026,2400,0,1/31/2026,Paid
I01289,C0156,S0156,2/1/2026,2/28/2026,2400,0,2/27/2026,Paid
I01290,C0156,S0156,3/1/2026,3/31/2026,2400,0,3/21/2026,Paid
I01291,C0156,S0156,4/1/2026,4/30/2026,2400,0,4/9/2026,Paid
I01292,C0156,S0156,5/1/2026,5/31/2026,2400,0,6/10/2026,Paid
I01293,C0157,S0157,1/1/2026,1/31/2026,900,0,1/27/2026,Paid
I01294,C0157,S0157,2/1/2026,2/28/2026,900,0,2/17/2026,Paid
I01295,C0157,S0157,3/1/2026,3/31/2026,900,0,4/8/2026,Paid
I01296,C0157,S0157,4/1/2026,4/30/2026,900,0,4/11/2026,Paid
I01297,C0157,S0157,5/1/2026,5/31/2026,900,0,5/30/2026,Paid
I01298,C0157,S0157,6/1/2026,6/30/2026,900,354,7/2/2026,Paid
I01299,C0157,S0157,7/1/2026,7/31/2026,900,0,8/9/2026,Paid
I01300,C0159,S0159,1/1/2025,1/31/2025,2400,0,2/7/2025,Paid
I01301,C0159,S0159,2/1/2025,2/28/2025,2400,0,2/26/2025,Paid
I01302,C0159,S0159,3/1/2025,3/31/2025,2400,0,4/2/2025,Paid
I01303,C0159,S0159,4/1/2025,4/30/2025,2400,0,4/16/2025,Paid
I01304,C0159,S0159,5/1/2025,5/31/2025,2400,0,5/9/2025,Paid
I01305,C0159,S0159,6/1/2025,6/30/2025,2400,0,7/3/2025,Paid
I01306,C0159,S0159,7/1/2025,7/31/2025,2400,0,7/14/2025,Paid
I01307,C0159,S0159,8/1/2025,8/31/2025,2400,0,9/5/2025,Paid
I01308,C0159,S0159,9/1/2025,9/30/2025,2400,0,10/4/2025,Paid
I01309,C0159,S0159,10/1/2025,10/31/2025,2400,0,10/21/2025,Paid
I01310,C0159,S0159,11/1/2025,11/30/2025,2400,0,12/2/2025,Paid
I01311,C0159,S0159,12/1/2025,12/31/2025,2400,0,12/13/2025,Paid
I01312,C0159,S0159,1/1/2026,1/31/2026,2400,0,2/5/2026,Paid
I01313,C0159,S0159,2/1/2026,2/28/2026,2400,0,2/26/2026,Paid
I01314,C0159,S0159,3/1/2026,3/31/2026,2400,0,4/3/2026,Paid
I01315,C0159,S0159,4/1/2026,4/30/2026,2400,0,4/15/2026,Paid
I01316,C0159,S0159,5/1/2026,5/31/2026,2400,0,5/17/2026,Paid
I01317,C0159,S0159,6/1/2026,6/30/2026,2400,0,,Open
I01318,C0159,S0159,7/1/2026,7/31/2026,2400,0,8/1/2026,Paid
I01319,C0160,S0160,4/1/2025,4/30/2025,2400,0,5/8/2025,Paid
I01320,C0160,S0160,5/1/2025,5/31/2025,2400,0,5/11/2025,Paid
I01321,C0160,S0160,6/1/2025,6/30/2025,2400,0,6/17/2025,Paid
I01322,C0160,S0160,7/1/2025,7/31/2025,2400,0,8/7/2025,Paid
I01323,C0160,S0160,8/1/2025,8/31/2025,2400,0,8/18/2025,Paid
I01324,C0160,S0160,9/1/2025,9/30/2025,2400,0,9/9/2025,Paid
I01325,C0160,S0160,10/1/2025,10/31/2025,2400,0,11/11/2025,Paid
I01326,C0160,S0160,11/1/2025,11/30/2025,2400,0,11/18/2025,Paid
I01327,C0160,S0160,12/1/2025,12/31/2025,2400,0,1/4/2026,Paid
I01328,C0160,S0160,1/1/2026,1/31/2026,2400,0,1/9/2026,Paid
I01329,C0160,S0160,2/1/2026,2/28/2026,2400,0,2/20/2026,Paid
I01330,C0160,S0160,3/1/2026,3/31/2026,2400,0,3/21/2026,Paid
I01331,C0160,S0160,4/1/2026,4/30/2026,2400,0,4/23/2026,Paid
I01332,C0160,S0160,5/1/2026,5/31/2026,2400,0,6/1/2026,Paid
I01333,C0160,S0160,6/1/2026,6/30/2026,2400,0,7/11/2026,Paid
I01334,C0160,S0160,7/1/2026,7/31/2026,2400,0,7/28/2026,Paid
I01335,C0161,S0161,8/1/2025,8/31/2025,2400,0,8/11/2025,Paid
I01336,C0161,S0161,9/1/2025,9/30/2025,2400,0,9/18/2025,Paid
I01337,C0161,S0161,10/1/2025,10/31/2025,2400,0,10/16/2025,Paid
I01338,C0161,S0161,11/1/2025,11/30/2025,2400,0,11/22/2025,Paid
I01339,C0161,S0161,12/1/2025,12/31/2025,2400,0,1/1/2026,Paid
I01340,C0161,S0161,1/1/2026,1/31/2026,2400,0,,Open
I01341,C0161,S0161,2/1/2026,2/28/2026,2400,0,3/7/2026,Paid
I01342,C0161,S0161,3/1/2026,3/31/2026,2400,0,3/13/2026,Paid
I01343,C0161,S0161,4/1/2026,4/30/2026,2400,0,4/22/2026,Paid
I01344,C0161,S0161,5/1/2026,5/31/2026,2400,0,5/28/2026,Paid
I01345,C0161,S0161,6/1/2026,6/30/2026,2400,0,6/26/2026,Paid
I01346,C0161,S0161,7/1/2026,7/31/2026,2400,0,7/29/2026,Paid
I01347,C0162,S0162,5/1/2025,5/31/2025,900,0,5/20/2025,Paid
I01348,C0162,S0162,6/1/2025,6/30/2025,900,0,6/11/2025,Paid
I01349,C0162,S0162,7/1/2025,7/31/2025,900,491,8/9/2025,Paid
I01350,C0162,S0162,8/1/2025,8/31/2025,900,0,9/4/2025,Paid
I01351,C0162,S0162,9/1/2025,9/30/2025,900,0,9/29/2025,Paid
I01352,C0162,S0162,10/1/2025,10/31/2025,900,0,11/10/2025,Paid
I01353,C0162,S0162,11/1/2025,11/30/2025,900,0,11/29/2025,Paid
I01354,C0162,S0162,12/1/2025,12/31/2025,900,0,12/19/2025,Paid
I01355,C0162,S0162,1/1/2026,1/31/2026,900,0,2/4/2026,Paid
I01356,C0162,S0162,2/1/2026,2/28/2026,900,0,3/12/2026,Paid
I01357,C0162,S0162,3/1/2026,3/31/2026,900,0,3/25/2026,Paid
I01358,C0162,S0162,4/1/2026,4/30/2026,900,0,4/18/2026,Paid
I01359,C0162,S0162,5/1/2026,5/31/2026,900,0,6/9/2026,Paid
I01360,C0162,S0162,6/1/2026,6/30/2026,900,0,6/16/2026,Paid
I01361,C0162,S0162,7/1/2026,7/31/2026,900,0,7/26/2026,Paid
I01362,C0163,S0163,3/1/2026,3/31/2026,2400,0,3/23/2026,Paid
I01363,C0163,S0163,4/1/2026,4/30/2026,2400,0,4/15/2026,Paid
I01364,C0163,S0163,5/1/2026,5/31/2026,2400,0,6/4/2026,Paid
I01365,C0163,S0163,6/1/2026,6/30/2026,2400,0,6/17/2026,Paid
I01366,C0163,S0163,7/1/2026,7/31/2026,2400,0,7/10/2026,Paid
I01367,C0164,S0164,9/1/2025,9/30/2025,900,0,10/8/2025,Paid
I01368,C0164,S0164,10/1/2025,10/31/2025,900,0,10/8/2025,Paid
I01369,C0164,S0164,11/1/2025,11/30/2025,900,0,11/29/2025,Paid
I01370,C0164,S0164,12/1/2025,12/31/2025,900,0,1/3/2026,Paid
I01371,C0164,S0164,1/1/2026,1/31/2026,900,0,1/9/2026,Paid
I01372,C0164,S0164,2/1/2026,2/28/2026,900,0,3/9/2026,Paid
I01373,C0164,S0164,3/1/2026,3/31/2026,900,0,4/8/2026,Paid
I01374,C0164,S0164,4/1/2026,4/30/2026,900,0,4/22/2026,Paid
I01375,C0164,S0164,5/1/2026,5/31/2026,900,0,6/4/2026,Paid
I01376,C0164,S0164,6/1/2026,6/30/2026,900,0,7/4/2026,Paid
I01377,C0164,S0164,7/1/2026,7/31/2026,900,0,7/26/2026,Paid
I01378,C0166,S0166,2/1/2025,2/28/2025,900,324,3/5/2025,Paid
I01379,C0166,S0166,3/1/2025,3/31/2025,900,0,3/25/2025,Paid
I01380,C0166,S0166,4/1/2025,4/30/2025,900,0,5/1/2025,Paid
I01381,C0166,S0166,5/1/2025,5/31/2025,900,0,5/13/2025,Paid
I01382,C0166,S0166,6/1/2025,6/30/2025,900,0,6/18/2025,Paid
I01383,C0166,S0166,7/1/2025,7/31/2025,900,0,7/28/2025,Paid
I01384,C0166,S0166,8/1/2025,8/31/2025,900,0,,Open
I01385,C0166,S0166,9/1/2025,9/30/2025,900,0,10/4/2025,Paid
I01386,C0166,S0166,10/1/2025,10/31/2025,900,0,10/14/2025,Paid
I01387,C0166,S0166,11/1/2025,11/30/2025,900,0,12/1/2025,Paid
I01388,C0167,S0167,2/1/2025,2/28/2025,900,0,2/27/2025,Paid
I01389,C0167,S0167,3/1/2025,3/31/2025,900,0,3/17/2025,Paid
I01390,C0167,S0167,4/1/2025,4/30/2025,900,0,4/30/2025,Paid
I01391,C0167,S0167,5/1/2025,5/31/2025,900,0,5/31/2025,Paid
I01392,C0167,S0167,6/1/2025,6/30/2025,900,0,7/10/2025,Paid
I01393,C0167,S0167,7/1/2025,7/31/2025,900,0,8/1/2025,Paid
I01394,C0167,S0167,8/1/2025,8/31/2025,900,0,8/24/2025,Paid
I01395,C0167,S0167,9/1/2025,9/30/2025,900,0,,Open
I01396,C0167,S0167,10/1/2025,10/31/2025,900,0,11/9/2025,Paid
I01397,C0167,S0167,11/1/2025,11/30/2025,900,0,11/20/2025,Paid
I01398,C0167,S0167,12/1/2025,12/31/2025,900,0,,Open
I01399,C0167,S0167,1/1/2026,1/31/2026,900,0,2/5/2026,Paid
I01400,C0167,S0167,2/1/2026,2/28/2026,900,0,2/28/2026,Paid
I01401,C0167,S0167,3/1/2026,3/31/2026,900,0,3/21/2026,Paid
I01402,C0167,S0167,4/1/2026,4/30/2026,900,0,4/21/2026,Paid
I01403,C0167,S0167,5/1/2026,5/31/2026,900,665,5/20/2026,Paid
I01404,C0167,S0167,6/1/2026,6/30/2026,900,0,7/5/2026,Paid
I01405,C0167,S0167,7/1/2026,7/31/2026,900,0,8/9/2026,Paid
I01406,C0168,S0168,6/1/2025,6/30/2025,900,0,6/28/2025,Paid
I01407,C0168,S0168,7/1/2025,7/31/2025,900,0,7/22/2025,Paid
I01408,C0168,S0168,8/1/2025,8/31/2025,900,0,8/10/2025,Paid
I01409,C0168,S0168,9/1/2025,9/30/2025,900,0,9/28/2025,Paid
I01410,C0168,S0168,10/1/2025,10/31/2025,900,0,,Open
I01411,C0168,S0168,11/1/2025,11/30/2025,900,0,11/24/2025,Paid
I01412,C0168,S0168,12/1/2025,12/31/2025,900,0,12/11/2025,Paid
I01413,C0168,S0168,1/1/2026,1/31/2026,900,0,,Open
I01414,C0168,S0168,2/1/2026,2/28/2026,900,0,2/11/2026,Paid
I01415,C0168,S0168,3/1/2026,3/31/2026,900,0,4/8/2026,Paid
I01416,C0168,S0168,4/1/2026,4/30/2026,900,0,5/6/2026,Paid
I01417,C0168,S0168,5/1/2026,5/31/2026,900,0,5/13/2026,Paid
I01418,C0168,S0168,6/1/2026,6/30/2026,900,0,7/2/2026,Paid
I01419,C0168,S0168,7/1/2026,7/31/2026,900,0,7/30/2026,Paid
I01420,C0169,S0169,10/1/2025,10/31/2025,2400,0,11/10/2025,Paid
I01421,C0169,S0169,11/1/2025,11/30/2025,2400,0,11/9/2025,Paid
I01422,C0169,S0169,12/1/2025,12/31/2025,2400,0,12/10/2025,Paid
I01423,C0169,S0169,1/1/2026,1/31/2026,2400,0,1/15/2026,Paid
I01424,C0169,S0169,2/1/2026,2/28/2026,2400,0,3/10/2026,Paid
I01425,C0169,S0169,3/1/2026,3/31/2026,2400,0,3/13/2026,Paid
I01426,C0169,S0169,4/1/2026,4/30/2026,2400,0,5/5/2026,Paid
I01427,C0169,S0169,5/1/2026,5/31/2026,2400,0,,Open
I01428,C0169,S0169,6/1/2026,6/30/2026,2400,0,7/12/2026,Paid
I01429,C0169,S0169,7/1/2026,7/31/2026,2400,0,8/11/2026,Paid
I01430,C0171,S0171,2/1/2025,2/28/2025,2400,0,2/16/2025,Paid
I01431,C0171,S0171,3/1/2025,3/31/2025,2400,0,3/8/2025,Paid
I01432,C0171,S0171,4/1/2025,4/30/2025,2400,0,4/16/2025,Paid
I01433,C0171,S0171,5/1/2025,5/31/2025,2400,0,5/27/2025,Paid
I01434,C0171,S0171,6/1/2025,6/30/2025,2400,0,7/5/2025,Paid
I01435,C0171,S0171,7/1/2025,7/31/2025,2400,0,7/12/2025,Paid
I01436,C0172,S0172,9/1/2025,9/30/2025,10800,0,9/23/2025,Paid
I01437,C0173,S0173,4/1/2025,4/30/2025,900,0,4/24/2025,Paid
I01438,C0173,S0173,5/1/2025,5/31/2025,900,0,5/25/2025,Paid
I01439,C0173,S0173,6/1/2025,6/30/2025,900,0,6/11/2025,Paid
I01440,C0173,S0173,7/1/2025,7/31/2025,900,0,7/21/2025,Paid
I01441,C0173,S0173,8/1/2025,8/31/2025,900,0,8/9/2025,Paid
I01442,C0174,S0174,3/1/2025,3/31/2025,2400,0,3/10/2025,Paid
I01443,C0174,S0174,4/1/2025,4/30/2025,2400,0,4/19/2025,Paid
I01444,C0174,S0174,5/1/2025,5/31/2025,2400,0,6/4/2025,Paid
I01445,C0174,S0174,6/1/2025,6/30/2025,2400,0,6/15/2025,Paid
I01446,C0174,S0174,7/1/2025,7/31/2025,2400,0,7/31/2025,Paid
I01447,C0174,S0174,8/1/2025,8/31/2025,2400,0,8/19/2025,Paid
I01448,C0174,S0174,9/1/2025,9/30/2025,2400,0,9/28/2025,Paid
I01449,C0174,S0174,10/1/2025,10/31/2025,2400,0,11/8/2025,Paid
I01450,C0174,S0174,11/1/2025,11/30/2025,2400,0,11/15/2025,Paid
I01451,C0174,S0174,12/1/2025,12/31/2025,2400,0,12/8/2025,Paid
I01452,C0174,S0174,1/1/2026,1/31/2026,2400,0,1/15/2026,Paid
I01453,C0175,S0175,3/1/2026,3/31/2026,900,0,4/1/2026,Paid
I01454,C0175,S0175,4/1/2026,4/30/2026,900,0,4/23/2026,Paid
I01455,C0175,S0175,5/1/2026,5/31/2026,900,0,6/4/2026,Paid
I01456,C0175,S0175,6/1/2026,6/30/2026,900,0,6/23/2026,Paid
I01457,C0175,S0175,7/1/2026,7/31/2026,900,0,8/10/2026,Paid
I01458,C0176,S0176,6/1/2026,6/30/2026,2400,0,7/11/2026,Paid
I01459,C0176,S0176,7/1/2026,7/31/2026,2400,0,8/1/2026,Paid
I01460,C0177,S0177,2/1/2026,2/28/2026,28800,0,2/12/2026,Paid
I01461,C0178,S0178,3/1/2025,3/31/2025,6200,0,4/7/2025,Paid
I01462,C0178,S0178,4/1/2025,4/30/2025,6200,0,4/20/2025,Paid
I01463,C0178,S0178,5/1/2025,5/31/2025,6200,0,5/16/2025,Paid
I01464,C0178,S0178,6/1/2025,6/30/2025,6200,0,6/23/2025,Paid
I01465,C0178,S0178,7/1/2025,7/31/2025,6200,0,7/31/2025,Paid
I01466,C0178,S0178,8/1/2025,8/31/2025,6200,0,8/29/2025,Paid
I01467,C0178,S0178,9/1/2025,9/30/2025,6200,0,9/29/2025,Paid
I01468,C0178,S0178,10/1/2025,10/31/2025,6200,0,10/20/2025,Paid
I01469,C0178,S0178,11/1/2025,11/30/2025,6200,0,11/30/2025,Paid
I01470,C0178,S0178,12/1/2025,12/31/2025,6200,0,,Open
I01471,C0179,S0179,3/1/2025,3/31/2025,900,0,3/21/2025,Paid
I01472,C0179,S0179,4/1/2025,4/30/2025,900,0,,Open
I01473,C0179,S0179,5/1/2025,5/31/2025,900,0,6/6/2025,Paid
I01474,C0179,S0179,6/1/2025,6/30/2025,900,0,6/23/2025,Paid
I01475,C0179,S0179,7/1/2025,7/31/2025,900,501,7/14/2025,Paid
I01476,C0179,S0179,8/1/2025,8/31/2025,900,300,8/17/2025,Paid
I01477,C0179,S0179,9/1/2025,9/30/2025,900,0,9/11/2025,Paid
I01478,C0179,S0179,10/1/2025,10/31/2025,900,0,11/7/2025,Paid
I01479,C0179,S0179,11/1/2025,11/30/2025,900,0,11/29/2025,Paid
I01480,C0179,S0179,12/1/2025,12/31/2025,900,0,12/23/2025,Paid
I01481,C0179,S0179,1/1/2026,1/31/2026,900,0,2/11/2026,Paid
I01482,C0181,S0181,10/1/2025,10/31/2025,6200,0,10/8/2025,Paid
I01483,C0181,S0181,11/1/2025,11/30/2025,6200,0,12/11/2025,Paid
I01484,C0181,S0181,12/1/2025,12/31/2025,6200,0,,Open
I01485,C0181,S0181,1/1/2026,1/31/2026,6200,0,2/10/2026,Paid
I01486,C0181,S0181,2/1/2026,2/28/2026,6200,0,2/11/2026,Paid
I01487,C0181,S0181,3/1/2026,3/31/2026,6200,0,3/13/2026,Paid
I01488,C0181,S0181,4/1/2026,4/30/2026,6200,0,4/20/2026,Paid
I01489,C0181,S0181,5/1/2026,5/31/2026,6200,0,5/28/2026,Paid
I01490,C0181,S0181,6/1/2026,6/30/2026,6200,0,7/10/2026,Paid
I01491,C0181,S0181,7/1/2026,7/31/2026,6200,0,7/22/2026,Paid
I01492,C0182,S0182,4/1/2025,4/30/2025,900,0,5/9/2025,Paid
I01493,C0182,S0182,5/1/2025,5/31/2025,900,0,6/5/2025,Paid
I01494,C0182,S0182,6/1/2025,6/30/2025,900,0,7/3/2025,Paid
I01495,C0182,S0182,7/1/2025,7/31/2025,900,0,,Open
I01496,C0182,S0182,8/1/2025,8/31/2025,900,0,8/30/2025,Paid
I01497,C0182,S0182,9/1/2025,9/30/2025,900,0,9/20/2025,Paid
I01498,C0182,S0182,10/1/2025,10/31/2025,900,0,10/21/2025,Paid
I01499,C0182,S0182,11/1/2025,11/30/2025,900,0,,Open
I01500,C0182,S0182,12/1/2025,12/31/2025,900,0,12/26/2025,Paid
I01501,C0182,S0182,1/1/2026,1/31/2026,900,0,1/21/2026,Paid
I01502,C0182,S0182,2/1/2026,2/28/2026,900,472,2/21/2026,Paid
I01503,C0182,S0182,3/1/2026,3/31/2026,900,0,3/25/2026,Paid
I01504,C0182,S0182,4/1/2026,4/30/2026,900,0,4/14/2026,Paid
I01505,C0182,S0182,5/1/2026,5/31/2026,900,267,5/18/2026,Paid
I01506,C0182,S0182,6/1/2026,6/30/2026,900,0,6/19/2026,Paid
I01507,C0182,S0182,7/1/2026,7/31/2026,900,0,7/17/2026,Paid
I01508,C0183,S0183,7/1/2025,7/31/2025,900,0,7/19/2025,Paid
I01509,C0183,S0183,8/1/2025,8/31/2025,900,0,9/10/2025,Paid
I01510,C0183,S0183,9/1/2025,9/30/2025,900,0,10/2/2025,Paid
I01511,C0183,S0183,10/1/2025,10/31/2025,900,0,10/30/2025,Paid
I01512,C0183,S0183,11/1/2025,11/30/2025,900,0,11/10/2025,Paid
I01513,C0183,S0183,12/1/2025,12/31/2025,900,0,1/2/2026,Paid
I01514,C0183,S0183,1/1/2026,1/31/2026,900,0,1/25/2026,Paid
I01515,C0183,S0183,2/1/2026,2/28/2026,900,0,3/2/2026,Paid
I01516,C0183,S0183,3/1/2026,3/31/2026,900,0,4/1/2026,Paid
I01517,C0183,S0183,4/1/2026,4/30/2026,900,0,4/17/2026,Paid
I01518,C0183,S0183,5/1/2026,5/31/2026,900,0,5/25/2026,Paid
I01519,C0183,S0183,6/1/2026,6/30/2026,900,0,7/6/2026,Paid
I01520,C0183,S0183,7/1/2026,7/31/2026,900,0,7/8/2026,Paid
I01521,C0184,S0184,6/1/2025,6/30/2025,6200,0,7/10/2025,Paid
I01522,C0184,S0184,7/1/2025,7/31/2025,6200,0,8/3/2025,Paid
I01523,C0184,S0184,8/1/2025,8/31/2025,6200,0,8/16/2025,Paid
I01524,C0184,S0184,9/1/2025,9/30/2025,6200,0,10/9/2025,Paid
I01525,C0184,S0184,10/1/2025,10/31/2025,6200,0,11/5/2025,Paid
I01526,C0184,S0184,11/1/2025,11/30/2025,6200,0,11/25/2025,Paid
I01527,C0184,S0184,12/1/2025,12/31/2025,6200,0,12/29/2025,Paid
I01528,C0184,S0184,1/1/2026,1/31/2026,6200,0,1/12/2026,Paid
I01529,C0184,S0184,2/1/2026,2/28/2026,6200,0,2/26/2026,Paid
I01530,C0184,S0184,3/1/2026,3/31/2026,6200,0,3/17/2026,Paid
I01531,C0184,S0184,4/1/2026,4/30/2026,6200,0,4/26/2026,Paid
I01532,C0184,S0184,5/1/2026,5/31/2026,6200,0,5/28/2026,Paid
I01533,C0184,S0184,6/1/2026,6/30/2026,6200,0,7/9/2026,Paid
I01534,C0184,S0184,7/1/2026,7/31/2026,6200,0,8/3/2026,Paid
I01535,C0185,S0185,3/1/2026,3/31/2026,900,0,3/9/2026,Paid
I01536,C0185,S0185,4/1/2026,4/30/2026,900,0,4/9/2026,Paid
I01537,C0185,S0185,5/1/2026,5/31/2026,900,0,5/26/2026,Paid
I01538,C0185,S0185,6/1/2026,6/30/2026,900,0,6/13/2026,Paid
I01539,C0185,S0185,7/1/2026,7/31/2026,900,0,7/8/2026,Paid
I01540,C0186,S0186,9/1/2025,9/30/2025,2400,0,9/21/2025,Paid
I01541,C0186,S0186,10/1/2025,10/31/2025,2400,0,10/21/2025,Paid
I01542,C0186,S0186,11/1/2025,11/30/2025,2400,0,12/11/2025,Paid
I01543,C0186,S0186,12/1/2025,12/31/2025,2400,0,12/12/2025,Paid
I01544,C0186,S0186,1/1/2026,1/31/2026,2400,0,1/15/2026,Paid
I01545,C0186,S0186,2/1/2026,2/28/2026,2400,0,3/11/2026,Paid
I01546,C0186,S0186,3/1/2026,3/31/2026,2400,0,3/8/2026,Paid
I01547,C0186,S0186,4/1/2026,4/30/2026,2400,0,4/11/2026,Paid
I01548,C0186,S0186,5/1/2026,5/31/2026,2400,0,6/1/2026,Paid
I01549,C0186,S0186,6/1/2026,6/30/2026,2400,0,7/12/2026,Paid
I01550,C0186,S0186,7/1/2026,7/31/2026,2400,0,7/10/2026,Paid
I01551,C0187,S0187,1/1/2026,1/31/2026,900,0,1/15/2026,Paid
I01552,C0187,S0187,2/1/2026,2/28/2026,900,0,2/28/2026,Paid
I01553,C0187,S0187,3/1/2026,3/31/2026,900,0,4/1/2026,Paid
I01554,C0187,S0187,4/1/2026,4/30/2026,900,0,5/11/2026,Paid
I01555,C0187,S0187,5/1/2026,5/31/2026,900,0,5/25/2026,Paid
I01556,C0187,S0187,6/1/2026,6/30/2026,900,0,6/26/2026,Paid
I01557,C0187,S0187,7/1/2026,7/31/2026,900,0,7/19/2026,Paid
I01558,C0188,S0188,7/1/2025,7/31/2025,900,0,7/15/2025,Paid
I01559,C0188,S0188,8/1/2025,8/31/2025,900,0,8/17/2025,Paid
I01560,C0188,S0188,9/1/2025,9/30/2025,900,0,9/12/2025,Paid
I01561,C0188,S0188,10/1/2025,10/31/2025,900,380,10/17/2025,Paid
I01562,C0188,S0188,11/1/2025,11/30/2025,900,0,11/24/2025,Paid
I01563,C0188,S0188,12/1/2025,12/31/2025,900,0,12/18/2025,Paid
I01564,C0188,S0188,1/1/2026,1/31/2026,900,0,1/22/2026,Paid
I01565,C0188,S0188,2/1/2026,2/28/2026,900,0,2/17/2026,Paid
I01566,C0188,S0188,3/1/2026,3/31/2026,900,0,4/4/2026,Paid
I01567,C0188,S0188,4/1/2026,4/30/2026,900,0,4/12/2026,Paid
I01568,C0188,S0188,5/1/2026,5/31/2026,900,0,6/11/2026,Paid
I01569,C0188,S0188,6/1/2026,6/30/2026,900,0,6/18/2026,Paid
I01570,C0188,S0188,7/1/2026,7/31/2026,900,0,7/27/2026,Paid
I01571,C0190,S0190,6/1/2025,6/30/2025,2400,0,7/11/2025,Paid
I01572,C0190,S0190,7/1/2025,7/31/2025,2400,0,8/8/2025,Paid
I01573,C0190,S0190,8/1/2025,8/31/2025,2400,0,8/14/2025,Paid
I01574,C0190,S0190,9/1/2025,9/30/2025,2400,0,10/1/2025,Paid
I01575,C0190,S0190,10/1/2025,10/31/2025,2400,0,10/23/2025,Paid
I01576,C0190,S0190,11/1/2025,11/30/2025,2400,0,11/29/2025,Paid
I01577,C0190,S0190,12/1/2025,12/31/2025,2400,0,12/21/2025,Paid
I01578,C0190,S0190,1/1/2026,1/31/2026,2400,0,1/22/2026,Paid
I01579,C0190,S0190,2/1/2026,2/28/2026,2400,0,2/8/2026,Paid
I01580,C0190,S0190,3/1/2026,3/31/2026,2400,0,3/14/2026,Paid
I01581,C0190,S0190,4/1/2026,4/30/2026,2400,0,4/13/2026,Paid
I01582,C0190,S0190,5/1/2026,5/31/2026,2400,0,5/25/2026,Paid
I01583,C0190,S0190,6/1/2026,6/30/2026,2400,0,6/27/2026,Paid
I01584,C0190,S0190,7/1/2026,7/31/2026,2400,0,8/6/2026,Paid
I01585,C0191,S0191,10/1/2025,10/31/2025,900,0,10/14/2025,Paid
I01586,C0191,S0191,11/1/2025,11/30/2025,900,0,11/19/2025,Paid
I01587,C0191,S0191,12/1/2025,12/31/2025,900,0,12/26/2025,Paid
I01588,C0191,S0191,1/1/2026,1/31/2026,900,0,2/5/2026,Paid
I01589,C0191,S0191,2/1/2026,2/28/2026,900,0,2/9/2026,Paid
I01590,C0191,S0191,3/1/2026,3/31/2026,900,0,3/18/2026,Paid
I01591,C0191,S0191,4/1/2026,4/30/2026,900,0,4/22/2026,Paid
I01592,C0191,S0191,5/1/2026,5/31/2026,900,0,5/20/2026,Paid
I01593,C0191,S0191,6/1/2026,6/30/2026,900,0,6/15/2026,Paid
I01594,C0191,S0191,7/1/2026,7/31/2026,900,0,7/21/2026,Paid
I01595,C0192,S0192,11/1/2025,11/30/2025,2400,0,12/8/2025,Paid
I01596,C0192,S0192,12/1/2025,12/31/2025,2400,1564,12/8/2025,Paid
I01597,C0192,S0192,1/1/2026,1/31/2026,2400,0,1/14/2026,Paid
I01598,C0192,S0192,2/1/2026,2/28/2026,2400,0,3/13/2026,Paid
I01599,C0192,S0192,3/1/2026,3/31/2026,2400,0,3/20/2026,Paid
I01600,C0192,S0192,4/1/2026,4/30/2026,2400,0,5/9/2026,Paid
I01601,C0192,S0192,5/1/2026,5/31/2026,2400,0,6/1/2026,Paid
I01602,C0192,S0192,6/1/2026,6/30/2026,2400,0,,Open
I01603,C0192,S0192,7/1/2026,7/31/2026,2400,0,7/9/2026,Paid
I01604,C0193,S0193,12/1/2025,12/31/2025,900,0,1/4/2026,Paid
I01605,C0193,S0193,1/1/2026,1/31/2026,900,0,2/8/2026,Paid
I01606,C0193,S0193,2/1/2026,2/28/2026,900,0,3/13/2026,Paid
I01607,C0193,S0193,3/1/2026,3/31/2026,900,0,3/18/2026,Paid
I01608,C0193,S0193,4/1/2026,4/30/2026,900,0,4/29/2026,Paid
I01609,C0193,S0193,5/1/2026,5/31/2026,900,0,,Open
I01610,C0193,S0193,6/1/2026,6/30/2026,900,0,6/26/2026,Paid
I01611,C0193,S0193,7/1/2026,7/31/2026,900,0,8/10/2026,Paid
I01612,C0194,S0194,3/1/2026,3/31/2026,2400,0,4/6/2026,Paid
I01613,C0194,S0194,4/1/2026,4/30/2026,2400,0,4/13/2026,Paid
I01614,C0194,S0194,5/1/2026,5/31/2026,2400,0,5/9/2026,Paid
I01615,C0194,S0194,6/1/2026,6/30/2026,2400,0,6/28/2026,Paid
I01616,C0194,S0194,7/1/2026,7/31/2026,2400,0,8/3/2026,Paid
I01617,C0196,S0196,2/1/2026,2/28/2026,900,0,2/24/2026,Paid
I01618,C0196,S0196,3/1/2026,3/31/2026,900,0,3/13/2026,Paid
I01619,C0196,S0196,4/1/2026,4/30/2026,900,0,4/8/2026,Paid
I01620,C0196,S0196,5/1/2026,5/31/2026,900,0,5/25/2026,Paid
I01621,C0196,S0196,6/1/2026,6/30/2026,900,0,7/9/2026,Paid
I01622,C0196,S0196,7/1/2026,7/31/2026,900,0,7/11/2026,Paid
I01623,C0197,S0197,4/1/2026,4/30/2026,2400,0,5/2/2026,Paid
I01624,C0197,S0197,5/1/2026,5/31/2026,2400,0,5/26/2026,Paid
I01625,C0197,S0197,6/1/2026,6/30/2026,2400,0,7/9/2026,Paid
I01626,C0197,S0197,7/1/2026,7/31/2026,2400,1049,7/19/2026,Paid
I01627,C0198,S0198,2/1/2025,2/28/2025,10800,0,2/14/2025,Paid
I01628,C0198,S0198,2/1/2026,2/28/2026,10800,0,3/4/2026,Paid
I01629,C0199,S0199,1/1/2025,1/31/2025,900,0,1/24/2025,Paid
I01630,C0199,S0199,2/1/2025,2/28/2025,900,0,2/27/2025,Paid
I01631,C0199,S0199,3/1/2025,3/31/2025,900,0,4/6/2025,Paid
I01632,C0199,S0199,4/1/2025,4/30/2025,900,0,5/12/2025,Paid
I01633,C0199,S0199,5/1/2025,5/31/2025,900,0,6/9/2025,Paid
I01634,C0199,S0199,6/1/2025,6/30/2025,900,0,6/23/2025,Paid
I01635,C0199,S0199,7/1/2025,7/31/2025,900,0,7/30/2025,Paid
I01636,C0199,S0199,8/1/2025,8/31/2025,900,0,9/4/2025,Paid
I01637,C0199,S0199,9/1/2025,9/30/2025,900,0,9/24/2025,Paid
I01638,C0199,S0199,10/1/2025,10/31/2025,900,0,10/10/2025,Paid
I01639,C0199,S0199,11/1/2025,11/30/2025,900,0,11/28/2025,Paid
I01640,C0199,S0199,12/1/2025,12/31/2025,900,0,12/14/2025,Paid
I01641,C0199,S0199,1/1/2026,1/31/2026,900,0,1/27/2026,Paid
I01642,C0199,S0199,2/1/2026,2/28/2026,900,0,3/13/2026,Paid
I01643,C0199,S0199,3/1/2026,3/31/2026,900,0,4/10/2026,Paid
I01644,C0199,S0199,4/1/2026,4/30/2026,900,0,4/21/2026,Paid
I01645,C0199,S0199,5/1/2026,5/31/2026,900,0,5/18/2026,Paid
I01646,C0199,S0199,6/1/2026,6/30/2026,900,0,6/16/2026,Paid
I01647,C0199,S0199,7/1/2026,7/31/2026,900,0,8/9/2026,Paid
I01648,C0200,S0200,9/1/2025,9/30/2025,900,0,9/24/2025,Paid
I01649,C0200,S0200,10/1/2025,10/31/2025,900,0,11/11/2025,Paid
I01650,C0200,S0200,11/1/2025,11/30/2025,900,0,11/29/2025,Paid
I01651,C0200,S0200,12/1/2025,12/31/2025,900,0,12/26/2025,Paid
I01652,C0200,S0200,1/1/2026,1/31/2026,900,0,1/23/2026,Paid
I01653,C0200,S0200,2/1/2026,2/28/2026,900,0,2/17/2026,Paid
I01654,C0200,S0200,3/1/2026,3/31/2026,900,0,3/12/2026,Paid
I01655,C0200,S0200,4/1/2026,4/30/2026,900,0,4/26/2026,Paid
I01656,C0200,S0200,5/1/2026,5/31/2026,900,0,6/10/2026,Paid
I01657,C0200,S0200,6/1/2026,6/30/2026,900,0,6/22/2026,Paid
I01658,C0200,S0200,7/1/2026,7/31/2026,900,0,8/4/2026,Paid
I01659,C0202,S0202,6/1/2025,6/30/2025,900,0,7/8/2025,Paid
I01660,C0202,S0202,7/1/2025,7/31/2025,900,0,7/24/2025,Paid
I01661,C0202,S0202,8/1/2025,8/31/2025,900,0,,Open
I01662,C0202,S0202,9/1/2025,9/30/2025,900,0,9/25/2025,Paid
I01663,C0202,S0202,10/1/2025,10/31/2025,900,0,11/5/2025,Paid
I01664,C0202,S0202,11/1/2025,11/30/2025,900,0,11/11/2025,Paid
I01665,C0203,S0203,5/1/2026,5/31/2026,2400,0,6/11/2026,Paid
I01666,C0203,S0203,6/1/2026,6/30/2026,2400,0,6/19/2026,Paid
I01667,C0203,S0203,7/1/2026,7/31/2026,2400,0,8/7/2026,Paid
I01668,C0205,S0205,8/1/2025,8/31/2025,900,0,8/28/2025,Paid
I01669,C0205,S0205,9/1/2025,9/30/2025,900,0,9/17/2025,Paid
I01670,C0205,S0205,10/1/2025,10/31/2025,900,0,10/24/2025,Paid
I01671,C0205,S0205,11/1/2025,11/30/2025,900,0,11/22/2025,Paid
I01672,C0205,S0205,12/1/2025,12/31/2025,900,0,1/4/2026,Paid
I01673,C0205,S0205,1/1/2026,1/31/2026,900,0,2/1/2026,Paid
I01674,C0205,S0205,2/1/2026,2/28/2026,900,0,3/3/2026,Paid
I01675,C0205,S0205,3/1/2026,3/31/2026,900,0,3/22/2026,Paid
I01676,C0205,S0205,4/1/2026,4/30/2026,900,0,4/24/2026,Paid
I01677,C0205,S0205,5/1/2026,5/31/2026,900,0,5/24/2026,Paid
I01678,C0205,S0205,6/1/2026,6/30/2026,900,0,7/2/2026,Paid
I01679,C0205,S0205,7/1/2026,7/31/2026,900,0,7/12/2026,Paid
I01680,C0206,S0206,1/1/2025,1/31/2025,2400,0,1/24/2025,Paid
I01681,C0206,S0206,2/1/2025,2/28/2025,2400,0,3/4/2025,Paid
I01682,C0206,S0206,3/1/2025,3/31/2025,2400,0,3/28/2025,Paid
I01683,C0206,S0206,4/1/2025,4/30/2025,2400,1051,4/27/2025,Paid
I01684,C0206,S0206,5/1/2025,5/31/2025,2400,0,5/21/2025,Paid
I01685,C0206,S0206,6/1/2025,6/30/2025,2400,0,6/22/2025,Paid
I01686,C0206,S0206,7/1/2025,7/31/2025,2400,0,7/20/2025,Paid
I01687,C0206,S0206,8/1/2025,8/31/2025,2400,0,9/6/2025,Paid
I01688,C0206,S0206,9/1/2025,9/30/2025,2400,0,9/17/2025,Paid
I01689,C0206,S0206,10/1/2025,10/31/2025,2400,0,11/10/2025,Paid
I01690,C0206,S0206,11/1/2025,11/30/2025,2400,0,12/4/2025,Paid
I01691,C0206,S0206,12/1/2025,12/31/2025,2400,0,12/10/2025,Paid
I01692,C0206,S0206,1/1/2026,1/31/2026,2400,0,2/2/2026,Paid
I01693,C0206,S0206,2/1/2026,2/28/2026,2400,0,2/26/2026,Paid
I01694,C0206,S0206,3/1/2026,3/31/2026,2400,0,3/10/2026,Paid
I01695,C0206,S0206,4/1/2026,4/30/2026,2400,0,5/2/2026,Paid
I01696,C0206,S0206,5/1/2026,5/31/2026,2400,0,5/17/2026,Paid
I01697,C0206,S0206,6/1/2026,6/30/2026,2400,0,,Open
I01698,C0206,S0206,7/1/2026,7/31/2026,2400,0,8/9/2026,Paid
I01699,C0207,S0207,8/1/2025,8/31/2025,2400,0,8/9/2025,Paid
I01700,C0207,S0207,9/1/2025,9/30/2025,2400,0,9/21/2025,Paid
I01701,C0207,S0207,10/1/2025,10/31/2025,2400,0,,Open
I01702,C0207,S0207,11/1/2025,11/30/2025,2400,0,,Open
I01703,C0207,S0207,12/1/2025,12/31/2025,2400,0,1/11/2026,Paid
I01704,C0207,S0207,1/1/2026,1/31/2026,2400,0,2/6/2026,Paid
I01705,C0207,S0207,2/1/2026,2/28/2026,2400,0,2/12/2026,Paid
I01706,C0207,S0207,3/1/2026,3/31/2026,2400,0,3/9/2026,Paid
I01707,C0207,S0207,4/1/2026,4/30/2026,2400,0,5/5/2026,Paid
I01708,C0207,S0207,5/1/2026,5/31/2026,2400,0,5/23/2026,Paid
I01709,C0207,S0207,6/1/2026,6/30/2026,2400,0,6/8/2026,Paid
I01710,C0207,S0207,7/1/2026,7/31/2026,2400,0,8/3/2026,Paid
I01711,C0208,S0208,8/1/2025,8/31/2025,2400,0,9/8/2025,Paid
I01712,C0208,S0208,9/1/2025,9/30/2025,2400,0,9/10/2025,Paid
I01713,C0208,S0208,10/1/2025,10/31/2025,2400,0,10/29/2025,Paid
I01714,C0208,S0208,11/1/2025,11/30/2025,2400,0,11/20/2025,Paid
I01715,C0208,S0208,12/1/2025,12/31/2025,2400,0,12/27/2025,Paid
I01716,C0208,S0208,1/1/2026,1/31/2026,2400,0,1/15/2026,Paid
I01717,C0208,S0208,2/1/2026,2/28/2026,2400,0,2/10/2026,Paid
I01718,C0208,S0208,3/1/2026,3/31/2026,2400,0,3/8/2026,Paid
I01719,C0208,S0208,4/1/2026,4/30/2026,2400,0,5/7/2026,Paid
I01720,C0208,S0208,5/1/2026,5/31/2026,2400,0,,Open
I01721,C0208,S0208,6/1/2026,6/30/2026,2400,0,6/10/2026,Paid
I01722,C0208,S0208,7/1/2026,7/31/2026,2400,0,7/17/2026,Paid
I01723,C0209,S0209,12/1/2025,12/31/2025,2400,0,12/19/2025,Paid
I01724,C0209,S0209,1/1/2026,1/31/2026,2400,0,2/9/2026,Paid
I01725,C0209,S0209,2/1/2026,2/28/2026,2400,0,3/5/2026,Paid
I01726,C0209,S0209,3/1/2026,3/31/2026,2400,0,4/5/2026,Paid
I01727,C0209,S0209,4/1/2026,4/30/2026,2400,0,4/9/2026,Paid
I01728,C0209,S0209,5/1/2026,5/31/2026,2400,0,5/19/2026,Paid
I01729,C0209,S0209,6/1/2026,6/30/2026,2400,0,7/7/2026,Paid
I01730,C0209,S0209,7/1/2026,7/31/2026,2400,700,,Open
I01731,C0210,S0210,5/1/2026,5/31/2026,900,0,6/1/2026,Paid
I01732,C0210,S0210,6/1/2026,6/30/2026,900,0,6/30/2026,Paid
I01733,C0210,S0210,7/1/2026,7/31/2026,900,0,7/11/2026,Paid
I01734,C0211,S0211,3/1/2025,3/31/2025,2400,0,3/21/2025,Paid
I01735,C0211,S0211,4/1/2025,4/30/2025,2400,0,4/19/2025,Paid
I01736,C0211,S0211,5/1/2025,5/31/2025,2400,0,5/26/2025,Paid
I01737,C0211,S0211,6/1/2025,6/30/2025,2400,0,7/11/2025,Paid
I01738,C0211,S0211,7/1/2025,7/31/2025,2400,0,7/14/2025,Paid
I01739,C0211,S0211,8/1/2025,8/31/2025,2400,0,9/2/2025,Paid
I01740,C0211,S0211,9/1/2025,9/30/2025,2400,0,9/14/2025,Paid
I01741,C0211,S0211,10/1/2025,10/31/2025,2400,0,11/7/2025,Paid
I01742,C0211,S0211,11/1/2025,11/30/2025,2400,0,11/10/2025,Paid
I01743,C0211,S0211,12/1/2025,12/31/2025,2400,0,12/10/2025,Paid
I01744,C0211,S0211,1/1/2026,1/31/2026,2400,0,2/9/2026,Paid
I01745,C0211,S0211,2/1/2026,2/28/2026,2400,0,2/26/2026,Paid
I01746,C0211,S0211,3/1/2026,3/31/2026,2400,0,3/20/2026,Paid
I01747,C0211,S0211,4/1/2026,4/30/2026,2400,0,4/28/2026,Paid
I01748,C0211,S0211,5/1/2026,5/31/2026,2400,0,6/9/2026,Paid
I01749,C0211,S0211,6/1/2026,6/30/2026,2400,0,6/12/2026,Paid
I01750,C0211,S0211,7/1/2026,7/31/2026,2400,1191,7/19/2026,Paid
I01751,C0212,S0212,2/1/2026,2/28/2026,2400,0,2/9/2026,Paid
I01752,C0212,S0212,3/1/2026,3/31/2026,2400,0,4/7/2026,Paid
I01753,C0212,S0212,4/1/2026,4/30/2026,2400,0,,Open
I01754,C0212,S0212,5/1/2026,5/31/2026,2400,0,6/1/2026,Paid
I01755,C0212,S0212,6/1/2026,6/30/2026,2400,0,6/28/2026,Paid
I01756,C0212,S0212,7/1/2026,7/31/2026,2400,0,8/7/2026,Paid
I01757,C0213,S0213,3/1/2025,3/31/2025,900,0,3/29/2025,Paid
I01758,C0213,S0213,4/1/2025,4/30/2025,900,0,4/25/2025,Paid
I01759,C0213,S0213,5/1/2025,5/31/2025,900,0,5/27/2025,Paid
I01760,C0213,S0213,6/1/2025,6/30/2025,900,0,7/11/2025,Paid
I01761,C0213,S0213,7/1/2025,7/31/2025,900,0,7/21/2025,Paid
I01762,C0213,S0213,8/1/2025,8/31/2025,900,0,8/28/2025,Paid
I01763,C0213,S0213,9/1/2025,9/30/2025,900,0,9/9/2025,Paid
I01764,C0213,S0213,10/1/2025,10/31/2025,900,0,10/17/2025,Paid
I01765,C0213,S0213,11/1/2025,11/30/2025,900,0,11/10/2025,Paid
I01766,C0213,S0213,12/1/2025,12/31/2025,900,0,12/20/2025,Paid
I01767,C0213,S0213,1/1/2026,1/31/2026,900,0,1/21/2026,Paid
I01768,C0213,S0213,2/1/2026,2/28/2026,900,0,3/7/2026,Paid
I01769,C0213,S0213,3/1/2026,3/31/2026,900,0,3/25/2026,Paid
I01770,C0213,S0213,4/1/2026,4/30/2026,900,0,5/9/2026,Paid
I01771,C0213,S0213,5/1/2026,5/31/2026,900,0,5/19/2026,Paid
I01772,C0213,S0213,6/1/2026,6/30/2026,900,0,6/14/2026,Paid
I01773,C0213,S0213,7/1/2026,7/31/2026,900,0,8/9/2026,Paid
I01774,C0214,S0214,6/1/2026,6/30/2026,900,0,7/10/2026,Paid
I01775,C0214,S0214,7/1/2026,7/31/2026,900,0,7/29/2026,Paid
I01776,C0215,S0215,12/1/2025,12/31/2025,74400,0,1/2/2026,Paid
I01777,C0216,S0216,10/1/2025,10/31/2025,74400,0,,Open
I01778,C0217,S0217,2/1/2025,2/28/2025,2400,0,,Open
I01779,C0217,S0217,3/1/2025,3/31/2025,2400,0,4/6/2025,Paid
I01780,C0217,S0217,4/1/2025,4/30/2025,2400,0,5/8/2025,Paid
I01781,C0217,S0217,5/1/2025,5/31/2025,2400,0,5/20/2025,Paid
I01782,C0217,S0217,6/1/2025,6/30/2025,2400,0,7/9/2025,Paid
I01783,C0217,S0217,7/1/2025,7/31/2025,2400,0,7/22/2025,Paid
I01784,C0217,S0217,8/1/2025,8/31/2025,2400,1465,8/15/2025,Paid
I01785,C0217,S0217,9/1/2025,9/30/2025,2400,0,9/18/2025,Paid
I01786,C0217,S0217,10/1/2025,10/31/2025,2400,0,10/31/2025,Paid
I01787,C0217,S0217,11/1/2025,11/30/2025,2400,0,11/8/2025,Paid
I01788,C0217,S0217,12/1/2025,12/31/2025,2400,0,12/16/2025,Paid
I01789,C0217,S0217,1/1/2026,1/31/2026,2400,0,2/10/2026,Paid
I01790,C0217,S0217,2/1/2026,2/28/2026,2400,0,2/23/2026,Paid
I01791,C0217,S0217,3/1/2026,3/31/2026,2400,0,4/10/2026,Paid
I01792,C0217,S0217,4/1/2026,4/30/2026,2400,0,4/25/2026,Paid
I01793,C0217,S0217,5/1/2026,5/31/2026,2400,0,5/12/2026,Paid
I01794,C0217,S0217,6/1/2026,6/30/2026,2400,0,7/3/2026,Paid
I01795,C0217,S0217,7/1/2026,7/31/2026,2400,0,7/22/2026,Paid
I01796,C0218,S0218,5/1/2025,5/31/2025,900,0,5/16/2025,Paid
I01797,C0218,S0218,6/1/2025,6/30/2025,900,0,6/13/2025,Paid
I01798,C0218,S0218,7/1/2025,7/31/2025,900,0,8/6/2025,Paid
I01799,C0218,S0218,8/1/2025,8/31/2025,900,0,8/11/2025,Paid
I01800,C0218,S0218,9/1/2025,9/30/2025,900,0,10/10/2025,Paid
I01801,C0218,S0218,10/1/2025,10/31/2025,900,0,10/19/2025,Paid
I01802,C0218,S0218,11/1/2025,11/30/2025,900,0,,Open
I01803,C0218,S0218,12/1/2025,12/31/2025,900,0,12/28/2025,Paid
I01804,C0218,S0218,1/1/2026,1/31/2026,900,0,2/7/2026,Paid
I01805,C0218,S0218,2/1/2026,2/28/2026,900,0,2/13/2026,Paid
I01806,C0218,S0218,3/1/2026,3/31/2026,900,483,3/22/2026,Paid
I01807,C0218,S0218,4/1/2026,4/30/2026,900,0,4/12/2026,Paid
I01808,C0218,S0218,5/1/2026,5/31/2026,900,0,5/18/2026,Paid
I01809,C0218,S0218,6/1/2026,6/30/2026,900,0,6/28/2026,Paid
I01810,C0218,S0218,7/1/2026,7/31/2026,900,0,8/9/2026,Paid
I01811,C0219,S0219,11/1/2025,11/30/2025,900,0,11/22/2025,Paid
I01812,C0219,S0219,12/1/2025,12/31/2025,900,0,12/21/2025,Paid
I01813,C0219,S0219,1/1/2026,1/31/2026,900,0,1/12/2026,Paid
I01814,C0219,S0219,2/1/2026,2/28/2026,900,0,3/5/2026,Paid
I01815,C0219,S0219,3/1/2026,3/31/2026,900,0,3/14/2026,Paid
I01816,C0219,S0219,4/1/2026,4/30/2026,900,0,5/8/2026,Paid
I01817,C0219,S0219,5/1/2026,5/31/2026,900,0,6/9/2026,Paid
I01818,C0219,S0219,6/1/2026,6/30/2026,900,0,6/15/2026,Paid
I01819,C0219,S0219,7/1/2026,7/31/2026,900,0,7/19/2026,Paid
I01820,C0220,S0220,4/1/2025,4/30/2025,900,0,5/3/2025,Paid
I01821,C0220,S0220,5/1/2025,5/31/2025,900,0,5/19/2025,Paid
I01822,C0220,S0220,6/1/2025,6/30/2025,900,0,6/17/2025,Paid
I01823,C0220,S0220,7/1/2025,7/31/2025,900,0,7/11/2025,Paid
I01824,C0220,S0220,8/1/2025,8/31/2025,900,0,9/6/2025,Paid
I01825,C0220,S0220,9/1/2025,9/30/2025,900,0,9/17/2025,Paid
I01826,C0220,S0220,10/1/2025,10/31/2025,900,0,10/19/2025,Paid
I01827,C0220,S0220,11/1/2025,11/30/2025,900,0,11/22/2025,Paid
I01828,C0220,S0220,12/1/2025,12/31/2025,900,0,12/28/2025,Paid
I01829,C0220,S0220,1/1/2026,1/31/2026,900,0,2/1/2026,Paid
I01830,C0220,S0220,2/1/2026,2/28/2026,900,0,3/8/2026,Paid
I01831,C0220,S0220,3/1/2026,3/31/2026,900,0,3/24/2026,Paid
I01832,C0220,S0220,4/1/2026,4/30/2026,900,0,4/12/2026,Paid
I01833,C0220,S0220,5/1/2026,5/31/2026,900,0,5/26/2026,Paid
I01834,C0220,S0220,6/1/2026,6/30/2026,900,0,7/10/2026,Paid
I01835,C0220,S0220,7/1/2026,7/31/2026,900,0,7/25/2026,Paid
I01836,C0221,S0221,1/1/2026,1/31/2026,900,0,2/10/2026,Paid
I01837,C0221,S0221,2/1/2026,2/28/2026,900,0,2/8/2026,Paid
I01838,C0221,S0221,3/1/2026,3/31/2026,900,0,3/22/2026,Paid
I01839,C0221,S0221,4/1/2026,4/30/2026,900,0,4/28/2026,Paid
I01840,C0221,S0221,5/1/2026,5/31/2026,900,0,5/12/2026,Paid
I01841,C0221,S0221,6/1/2026,6/30/2026,900,421,7/4/2026,Paid
I01842,C0221,S0221,7/1/2026,7/31/2026,900,0,7/14/2026,Paid
I01843,C0223,S0223,10/1/2025,10/31/2025,900,0,10/28/2025,Paid
I01844,C0223,S0223,11/1/2025,11/30/2025,900,0,11/10/2025,Paid
I01845,C0223,S0223,12/1/2025,12/31/2025,900,0,12/24/2025,Paid
I01846,C0223,S0223,1/1/2026,1/31/2026,900,0,1/25/2026,Paid
I01847,C0223,S0223,2/1/2026,2/28/2026,900,0,3/14/2026,Paid
I01848,C0223,S0223,3/1/2026,3/31/2026,900,0,3/22/2026,Paid
I01849,C0223,S0223,4/1/2026,4/30/2026,900,0,4/8/2026,Paid
I01850,C0223,S0223,5/1/2026,5/31/2026,900,0,5/28/2026,Paid
I01851,C0223,S0223,6/1/2026,6/30/2026,900,0,6/26/2026,Paid
I01852,C0223,S0223,7/1/2026,7/31/2026,900,0,7/23/2026,Paid
I01853,C0224,S0224,7/1/2025,7/31/2025,28800,0,8/4/2025,Paid
I01854,C0224,S0224,7/1/2026,7/31/2026,28800,0,7/10/2026,Paid
I01855,C0226,S0226,8/1/2025,8/31/2025,900,0,,Open
I01856,C0226,S0226,9/1/2025,9/30/2025,900,0,9/24/2025,Paid
I01857,C0226,S0226,10/1/2025,10/31/2025,900,0,10/25/2025,Paid
I01858,C0226,S0226,11/1/2025,11/30/2025,900,0,11/19/2025,Paid
I01859,C0226,S0226,12/1/2025,12/31/2025,900,0,1/11/2026,Paid
I01860,C0226,S0226,1/1/2026,1/31/2026,900,0,2/2/2026,Paid
I01861,C0226,S0226,2/1/2026,2/28/2026,900,0,3/7/2026,Paid
I01862,C0226,S0226,3/1/2026,3/31/2026,900,0,4/2/2026,Paid
I01863,C0226,S0226,4/1/2026,4/30/2026,900,259,5/3/2026,Paid
I01864,C0226,S0226,5/1/2026,5/31/2026,900,0,6/1/2026,Paid
I01865,C0226,S0226,6/1/2026,6/30/2026,900,0,7/12/2026,Paid
I01866,C0226,S0226,7/1/2026,7/31/2026,900,0,7/10/2026,Paid
I01867,C0227,S0227,1/1/2026,1/31/2026,2400,0,,Open
I01868,C0227,S0227,2/1/2026,2/28/2026,2400,0,2/25/2026,Paid
I01869,C0227,S0227,3/1/2026,3/31/2026,2400,0,3/28/2026,Paid
I01870,C0227,S0227,4/1/2026,4/30/2026,2400,0,,Open
I01871,C0227,S0227,5/1/2026,5/31/2026,2400,0,5/16/2026,Paid
I01872,C0227,S0227,6/1/2026,6/30/2026,2400,0,6/23/2026,Paid
I01873,C0227,S0227,7/1/2026,7/31/2026,2400,0,7/31/2026,Paid
I01874,C0228,S0228,1/1/2026,1/31/2026,28800,0,2/2/2026,Paid
I01875,C0229,S0229,10/1/2025,10/31/2025,2400,0,10/23/2025,Paid
I01876,C0229,S0229,11/1/2025,11/30/2025,2400,0,11/19/2025,Paid
I01877,C0229,S0229,12/1/2025,12/31/2025,2400,0,1/5/2026,Paid
I01878,C0229,S0229,1/1/2026,1/31/2026,2400,0,1/9/2026,Paid
I01879,C0229,S0229,2/1/2026,2/28/2026,2400,0,3/7/2026,Paid
I01880,C0229,S0229,3/1/2026,3/31/2026,2400,0,4/2/2026,Paid
I01881,C0229,S0229,4/1/2026,4/30/2026,2400,0,5/9/2026,Paid
I01882,C0229,S0229,5/1/2026,5/31/2026,2400,0,6/4/2026,Paid
I01883,C0229,S0229,6/1/2026,6/30/2026,2400,0,7/9/2026,Paid
I01884,C0229,S0229,7/1/2026,7/31/2026,2400,0,7/12/2026,Paid
I01885,C0230,S0230,8/1/2025,8/31/2025,6200,0,9/10/2025,Paid
I01886,C0230,S0230,9/1/2025,9/30/2025,6200,0,,Open
I01887,C0230,S0230,10/1/2025,10/31/2025,6200,0,10/27/2025,Paid
I01888,C0230,S0230,11/1/2025,11/30/2025,6200,0,11/11/2025,Paid
I01889,C0230,S0230,12/1/2025,12/31/2025,6200,3869,12/11/2025,Paid
I01890,C0230,S0230,1/1/2026,1/31/2026,6200,0,1/11/2026,Paid
I01891,C0230,S0230,2/1/2026,2/28/2026,6200,0,2/11/2026,Paid
I01892,C0230,S0230,3/1/2026,3/31/2026,6200,0,3/21/2026,Paid
I01893,C0230,S0230,4/1/2026,4/30/2026,6200,0,4/26/2026,Paid
I01894,C0230,S0230,5/1/2026,5/31/2026,6200,0,5/9/2026,Paid
I01895,C0230,S0230,6/1/2026,6/30/2026,6200,0,7/1/2026,Paid
I01896,C0230,S0230,7/1/2026,7/31/2026,6200,0,7/28/2026,Paid
I01897,C0231,S0231,6/1/2025,6/30/2025,2400,0,6/25/2025,Paid
I01898,C0231,S0231,7/1/2025,7/31/2025,2400,0,7/16/2025,Paid
I01899,C0231,S0231,8/1/2025,8/31/2025,2400,0,9/7/2025,Paid
I01900,C0231,S0231,9/1/2025,9/30/2025,2400,0,9/30/2025,Paid
I01901,C0231,S0231,10/1/2025,10/31/2025,2400,0,,Open
I01902,C0231,S0231,11/1/2025,11/30/2025,2400,0,11/20/2025,Paid
I01903,C0231,S0231,12/1/2025,12/31/2025,2400,0,1/3/2026,Paid
I01904,C0231,S0231,1/1/2026,1/31/2026,2400,0,2/1/2026,Paid
I01905,C0231,S0231,2/1/2026,2/28/2026,2400,0,2/20/2026,Paid
I01906,C0231,S0231,3/1/2026,3/31/2026,2400,0,3/20/2026,Paid
I01907,C0231,S0231,4/1/2026,4/30/2026,2400,0,4/16/2026,Paid
I01908,C0231,S0231,5/1/2026,5/31/2026,2400,0,6/8/2026,Paid
I01909,C0231,S0231,6/1/2026,6/30/2026,2400,0,6/9/2026,Paid
I01910,C0231,S0231,7/1/2026,7/31/2026,2400,0,7/24/2026,Paid
I01911,C0232,S0232,9/1/2025,9/30/2025,900,0,9/14/2025,Paid
I01912,C0232,S0232,10/1/2025,10/31/2025,900,0,11/2/2025,Paid
I01913,C0232,S0232,11/1/2025,11/30/2025,900,0,12/11/2025,Paid
I01914,C0232,S0232,12/1/2025,12/31/2025,900,0,12/15/2025,Paid
I01915,C0232,S0232,1/1/2026,1/31/2026,900,0,1/29/2026,Paid
I01916,C0232,S0232,2/1/2026,2/28/2026,900,0,2/20/2026,Paid
I01917,C0233,S0233,11/1/2025,11/30/2025,2400,0,11/12/2025,Paid
I01918,C0233,S0233,12/1/2025,12/31/2025,2400,1272,12/24/2025,Paid
I01919,C0233,S0233,1/1/2026,1/31/2026,2400,0,1/10/2026,Paid
I01920,C0233,S0233,2/1/2026,2/28/2026,2400,0,3/9/2026,Paid
I01921,C0233,S0233,3/1/2026,3/31/2026,2400,0,4/10/2026,Paid
I01922,C0233,S0233,4/1/2026,4/30/2026,2400,0,4/18/2026,Paid
I01923,C0234,S0234,4/1/2025,4/30/2025,2400,0,4/10/2025,Paid
I01924,C0234,S0234,5/1/2025,5/31/2025,2400,0,6/7/2025,Paid
I01925,C0234,S0234,6/1/2025,6/30/2025,2400,0,6/27/2025,Paid
I01926,C0234,S0234,7/1/2025,7/31/2025,2400,0,7/8/2025,Paid
I01927,C0235,S0235,2/1/2026,2/28/2026,900,0,3/7/2026,Paid
I01928,C0235,S0235,3/1/2026,3/31/2026,900,0,4/4/2026,Paid
I01929,C0235,S0235,4/1/2026,4/30/2026,900,0,4/19/2026,Paid
I01930,C0235,S0235,5/1/2026,5/31/2026,900,0,6/1/2026,Paid
I01931,C0235,S0235,6/1/2026,6/30/2026,900,0,7/3/2026,Paid
I01932,C0235,S0235,7/1/2026,7/31/2026,900,0,7/10/2026,Paid
I01933,C0236,S0236,10/1/2025,10/31/2025,6200,0,10/18/2025,Paid
I01934,C0236,S0236,11/1/2025,11/30/2025,6200,0,11/18/2025,Paid
I01935,C0236,S0236,12/1/2025,12/31/2025,6200,0,,Open
I01936,C0236,S0236,1/1/2026,1/31/2026,6200,0,1/25/2026,Paid
I01937,C0236,S0236,2/1/2026,2/28/2026,6200,0,3/12/2026,Paid
I01938,C0236,S0236,3/1/2026,3/31/2026,6200,0,3/28/2026,Paid
I01939,C0236,S0236,4/1/2026,4/30/2026,6200,0,4/30/2026,Paid
I01940,C0236,S0236,5/1/2026,5/31/2026,6200,0,5/24/2026,Paid
I01941,C0236,S0236,6/1/2026,6/30/2026,6200,0,6/29/2026,Paid
I01942,C0236,S0236,7/1/2026,7/31/2026,6200,0,8/1/2026,Paid
I01943,C0237,S0237,6/1/2025,6/30/2025,2400,0,6/21/2025,Paid
I01944,C0237,S0237,7/1/2025,7/31/2025,2400,0,7/25/2025,Paid
I01945,C0237,S0237,8/1/2025,8/31/2025,2400,0,9/6/2025,Paid
I01946,C0237,S0237,9/1/2025,9/30/2025,2400,0,9/12/2025,Paid
I01947,C0237,S0237,10/1/2025,10/31/2025,2400,0,10/11/2025,Paid
I01948,C0237,S0237,11/1/2025,11/30/2025,2400,0,11/27/2025,Paid
I01949,C0237,S0237,12/1/2025,12/31/2025,2400,0,12/21/2025,Paid
I01950,C0237,S0237,1/1/2026,1/31/2026,2400,0,1/26/2026,Paid
I01951,C0237,S0237,2/1/2026,2/28/2026,2400,0,2/15/2026,Paid
I01952,C0237,S0237,3/1/2026,3/31/2026,2400,0,3/17/2026,Paid
I01953,C0237,S0237,4/1/2026,4/30/2026,2400,0,5/3/2026,Paid
I01954,C0237,S0237,5/1/2026,5/31/2026,2400,0,5/22/2026,Paid
I01955,C0237,S0237,6/1/2026,6/30/2026,2400,0,6/22/2026,Paid
I01956,C0237,S0237,7/1/2026,7/31/2026,2400,0,7/18/2026,Paid
I01957,C0238,S0238,8/1/2025,8/31/2025,900,0,8/16/2025,Paid
I01958,C0238,S0238,9/1/2025,9/30/2025,900,0,10/4/2025,Paid
I01959,C0238,S0238,10/1/2025,10/31/2025,900,0,10/24/2025,Paid
I01960,C0238,S0238,11/1/2025,11/30/2025,900,0,,Open
I01961,C0238,S0238,12/1/2025,12/31/2025,900,0,12/15/2025,Paid
I01962,C0238,S0238,1/1/2026,1/31/2026,900,0,1/22/2026,Paid
I01963,C0238,S0238,2/1/2026,2/28/2026,900,0,2/10/2026,Paid
I01964,C0238,S0238,3/1/2026,3/31/2026,900,0,3/25/2026,Paid
I01965,C0238,S0238,4/1/2026,4/30/2026,900,0,5/4/2026,Paid
I01966,C0238,S0238,5/1/2026,5/31/2026,900,0,5/20/2026,Paid
I01967,C0238,S0238,6/1/2026,6/30/2026,900,0,6/15/2026,Paid
I01968,C0238,S0238,7/1/2026,7/31/2026,900,0,8/1/2026,Paid
I01969,C0239,S0239,7/1/2025,7/31/2025,74400,0,7/23/2025,Paid
I01970,C0239,S0239,7/1/2026,7/31/2026,74400,0,7/24/2026,Paid
I01971,C0240,S0240,9/1/2025,9/30/2025,900,0,9/13/2025,Paid
I01972,C0240,S0240,10/1/2025,10/31/2025,900,0,10/28/2025,Paid
I01973,C0240,S0240,11/1/2025,11/30/2025,900,0,11/12/2025,Paid
I01974,C0240,S0240,12/1/2025,12/31/2025,900,0,12/9/2025,Paid
I01975,C0240,S0240,1/1/2026,1/31/2026,900,0,1/19/2026,Paid
I01976,C0240,S0240,2/1/2026,2/28/2026,900,0,3/4/2026,Paid
I01977,C0240,S0240,3/1/2026,3/31/2026,900,0,4/5/2026,Paid
I01978,C0240,S0240,4/1/2026,4/30/2026,900,0,4/28/2026,Paid
I01979,C0240,S0240,5/1/2026,5/31/2026,900,0,5/23/2026,Paid
I01980,C0240,S0240,6/1/2026,6/30/2026,900,0,6/21/2026,Paid
I01981,C0240,S0240,7/1/2026,7/31/2026,900,0,7/23/2026,Paid
I01982,C0241,S0241,5/1/2026,5/31/2026,2400,0,5/17/2026,Paid
I01983,C0241,S0241,6/1/2026,6/30/2026,2400,0,6/9/2026,Paid
I01984,C0241,S0241,7/1/2026,7/31/2026,2400,0,7/29/2026,Paid
I01985,C0242,S0242,4/1/2026,4/30/2026,2400,0,4/16/2026,Paid
I01986,C0242,S0242,5/1/2026,5/31/2026,2400,0,5/26/2026,Paid
I01987,C0242,S0242,6/1/2026,6/30/2026,2400,0,6/28/2026,Paid
I01988,C0242,S0242,7/1/2026,7/31/2026,2400,0,7/21/2026,Paid
I01989,C0243,S0243,3/1/2025,3/31/2025,900,0,4/1/2025,Paid
I01990,C0243,S0243,4/1/2025,4/30/2025,900,0,5/4/2025,Paid
I01991,C0243,S0243,5/1/2025,5/31/2025,900,0,5/9/2025,Paid
I01992,C0243,S0243,6/1/2025,6/30/2025,900,0,6/24/2025,Paid
I01993,C0243,S0243,7/1/2025,7/31/2025,900,0,8/10/2025,Paid
I01994,C0243,S0243,8/1/2025,8/31/2025,900,0,8/15/2025,Paid
I01995,C0243,S0243,9/1/2025,9/30/2025,900,0,9/22/2025,Paid
I01996,C0243,S0243,10/1/2025,10/31/2025,900,0,10/11/2025,Paid
I01997,C0243,S0243,11/1/2025,11/30/2025,900,0,11/27/2025,Paid
I01998,C0243,S0243,12/1/2025,12/31/2025,900,0,12/19/2025,Paid
I01999,C0243,S0243,1/1/2026,1/31/2026,900,0,,Open
I02000,C0243,S0243,2/1/2026,2/28/2026,900,0,3/8/2026,Paid
I02001,C0243,S0243,3/1/2026,3/31/2026,900,0,4/3/2026,Paid
I02002,C0243,S0243,4/1/2026,4/30/2026,900,0,5/5/2026,Paid
I02003,C0243,S0243,5/1/2026,5/31/2026,900,0,5/26/2026,Paid
I02004,C0243,S0243,6/1/2026,6/30/2026,900,0,7/7/2026,Paid
I02005,C0243,S0243,7/1/2026,7/31/2026,900,0,7/30/2026,Paid
I02006,C0244,S0244,11/1/2025,11/30/2025,900,0,11/22/2025,Paid
I02007,C0244,S0244,12/1/2025,12/31/2025,900,0,1/3/2026,Paid
I02008,C0244,S0244,1/1/2026,1/31/2026,900,0,2/3/2026,Paid
I02009,C0244,S0244,2/1/2026,2/28/2026,900,0,3/14/2026,Paid
I02010,C0244,S0244,3/1/2026,3/31/2026,900,0,4/5/2026,Paid
I02011,C0244,S0244,4/1/2026,4/30/2026,900,0,4/26/2026,Paid
I02012,C0244,S0244,5/1/2026,5/31/2026,900,0,6/5/2026,Paid
I02013,C0244,S0244,6/1/2026,6/30/2026,900,0,7/7/2026,Paid
I02014,C0244,S0244,7/1/2026,7/31/2026,900,0,,Open
I02015,C0245,S0245,11/1/2025,11/30/2025,2400,851,11/24/2025,Paid
I02016,C0245,S0245,12/1/2025,12/31/2025,2400,0,1/7/2026,Paid
I02017,C0245,S0245,1/1/2026,1/31/2026,2400,0,1/29/2026,Paid
I02018,C0245,S0245,2/1/2026,2/28/2026,2400,0,2/22/2026,Paid
I02019,C0245,S0245,3/1/2026,3/31/2026,2400,0,4/9/2026,Paid
I02020,C0245,S0245,4/1/2026,4/30/2026,2400,0,5/10/2026,Paid
I02021,C0245,S0245,5/1/2026,5/31/2026,2400,0,5/14/2026,Paid
I02022,C0245,S0245,6/1/2026,6/30/2026,2400,0,7/5/2026,Paid
I02023,C0245,S0245,7/1/2026,7/31/2026,2400,0,7/11/2026,Paid
I02024,C0246,S0246,5/1/2025,5/31/2025,2400,0,5/15/2025,Paid
I02025,C0246,S0246,6/1/2025,6/30/2025,2400,0,6/17/2025,Paid
I02026,C0246,S0246,7/1/2025,7/31/2025,2400,0,7/10/2025,Paid
I02027,C0246,S0246,8/1/2025,8/31/2025,2400,0,9/5/2025,Paid
I02028,C0246,S0246,9/1/2025,9/30/2025,2400,0,10/8/2025,Paid
I02029,C0246,S0246,10/1/2025,10/31/2025,2400,0,11/2/2025,Paid
I02030,C0246,S0246,11/1/2025,11/30/2025,2400,0,11/18/2025,Paid
I02031,C0246,S0246,12/1/2025,12/31/2025,2400,0,1/8/2026,Paid
I02032,C0246,S0246,1/1/2026,1/31/2026,2400,0,1/12/2026,Paid
I02033,C0246,S0246,2/1/2026,2/28/2026,2400,0,3/11/2026,Paid
I02034,C0246,S0246,3/1/2026,3/31/2026,2400,0,4/1/2026,Paid
I02035,C0246,S0246,4/1/2026,4/30/2026,2400,0,4/11/2026,Paid
I02036,C0246,S0246,5/1/2026,5/31/2026,2400,0,5/19/2026,Paid
I02037,C0246,S0246,6/1/2026,6/30/2026,2400,0,6/15/2026,Paid
I02038,C0247,S0247,6/1/2025,6/30/2025,900,0,7/7/2025,Paid
I02039,C0247,S0247,7/1/2025,7/31/2025,900,0,7/21/2025,Paid
I02040,C0247,S0247,8/1/2025,8/31/2025,900,0,9/2/2025,Paid
I02041,C0247,S0247,9/1/2025,9/30/2025,900,0,9/20/2025,Paid
I02042,C0247,S0247,10/1/2025,10/31/2025,900,0,11/9/2025,Paid
I02043,C0247,S0247,11/1/2025,11/30/2025,900,0,12/7/2025,Paid
I02044,C0247,S0247,12/1/2025,12/31/2025,900,0,12/16/2025,Paid
I02045,C0247,S0247,1/1/2026,1/31/2026,900,0,1/24/2026,Paid
I02046,C0247,S0247,2/1/2026,2/28/2026,900,0,3/1/2026,Paid
I02047,C0247,S0247,3/1/2026,3/31/2026,900,0,3/13/2026,Paid
I02048,C0247,S0247,4/1/2026,4/30/2026,900,0,5/7/2026,Paid
I02049,C0247,S0247,5/1/2026,5/31/2026,900,0,5/24/2026,Paid
I02050,C0247,S0247,6/1/2026,6/30/2026,900,0,6/29/2026,Paid
I02051,C0247,S0247,7/1/2026,7/31/2026,900,0,7/12/2026,Paid
I02052,C0248,S0248,2/1/2025,2/28/2025,2400,0,3/6/2025,Paid
I02053,C0248,S0248,3/1/2025,3/31/2025,2400,0,3/21/2025,Paid
I02054,C0248,S0248,4/1/2025,4/30/2025,2400,0,4/23/2025,Paid
I02055,C0248,S0248,5/1/2025,5/31/2025,2400,0,5/23/2025,Paid
I02056,C0248,S0248,6/1/2025,6/30/2025,2400,0,7/6/2025,Paid
I02057,C0249,S0249,3/1/2025,3/31/2025,900,0,3/16/2025,Paid
I02058,C0249,S0249,4/1/2025,4/30/2025,900,0,4/20/2025,Paid
I02059,C0249,S0249,5/1/2025,5/31/2025,900,0,6/5/2025,Paid
I02060,C0249,S0249,6/1/2025,6/30/2025,900,0,6/15/2025,Paid
I02061,C0249,S0249,7/1/2025,7/31/2025,900,0,8/11/2025,Paid
I02062,C0249,S0249,8/1/2025,8/31/2025,900,0,8/14/2025,Paid
I02063,C0249,S0249,9/1/2025,9/30/2025,900,0,10/2/2025,Paid
I02064,C0249,S0249,10/1/2025,10/31/2025,900,0,10/20/2025,Paid
I02065,C0249,S0249,11/1/2025,11/30/2025,900,0,11/22/2025,Paid
I02066,C0249,S0249,12/1/2025,12/31/2025,900,0,12/12/2025,Paid
I02067,C0249,S0249,1/1/2026,1/31/2026,900,0,1/14/2026,Paid
I02068,C0249,S0249,2/1/2026,2/28/2026,900,0,2/26/2026,Paid
I02069,C0249,S0249,3/1/2026,3/31/2026,900,0,4/10/2026,Paid
I02070,C0249,S0249,4/1/2026,4/30/2026,900,0,4/27/2026,Paid
I02071,C0249,S0249,5/1/2026,5/31/2026,900,0,5/31/2026,Paid
I02072,C0249,S0249,6/1/2026,6/30/2026,900,0,6/24/2026,Paid
I02073,C0249,S0249,7/1/2026,7/31/2026,900,0,,Open
I02074,C0250,S0250,8/1/2025,8/31/2025,28800,0,9/5/2025,Paid
I02075,C0252,S0252,12/1/2025,12/31/2025,2400,0,12/10/2025,Paid
I02076,C0252,S0252,1/1/2026,1/31/2026,2400,0,1/12/2026,Paid
I02077,C0252,S0252,2/1/2026,2/28/2026,2400,0,2/15/2026,Paid
I02078,C0252,S0252,3/1/2026,3/31/2026,2400,0,3/28/2026,Paid
I02079,C0252,S0252,4/1/2026,4/30/2026,2400,0,5/2/2026,Paid
I02080,C0252,S0252,5/1/2026,5/31/2026,2400,0,6/1/2026,Paid
I02081,C0252,S0252,6/1/2026,6/30/2026,2400,0,6/27/2026,Paid
I02082,C0252,S0252,7/1/2026,7/31/2026,2400,0,8/3/2026,Paid
I02083,C0253,S0253,1/1/2026,1/31/2026,2400,0,1/21/2026,Paid
I02084,C0253,S0253,2/1/2026,2/28/2026,2400,0,3/10/2026,Paid
I02085,C0253,S0253,3/1/2026,3/31/2026,2400,0,4/3/2026,Paid
I02086,C0253,S0253,4/1/2026,4/30/2026,2400,0,,Open
I02087,C0253,S0253,5/1/2026,5/31/2026,2400,0,6/8/2026,Paid
I02088,C0253,S0253,6/1/2026,6/30/2026,2400,0,6/14/2026,Paid
I02089,C0253,S0253,7/1/2026,7/31/2026,2400,0,8/10/2026,Paid
I02090,C0254,S0254,3/1/2026,3/31/2026,900,0,4/8/2026,Paid
I02091,C0254,S0254,4/1/2026,4/30/2026,900,0,5/7/2026,Paid
I02092,C0254,S0254,5/1/2026,5/31/2026,900,0,5/28/2026,Paid
I02093,C0254,S0254,6/1/2026,6/30/2026,900,0,6/12/2026,Paid
I02094,C0254,S0254,7/1/2026,7/31/2026,900,0,7/9/2026,Paid
I02095,C0255,S0255,4/1/2025,4/30/2025,28800,20811,4/14/2025,Paid
I02096,C0255,S0255,4/1/2026,4/30/2026,28800,0,5/9/2026,Paid
I02097,C0256,S0256,4/1/2026,4/30/2026,2400,0,5/5/2026,Paid
I02098,C0256,S0256,5/1/2026,5/31/2026,2400,0,6/4/2026,Paid
I02099,C0256,S0256,6/1/2026,6/30/2026,2400,818,6/17/2026,Paid
I02100,C0256,S0256,7/1/2026,7/31/2026,2400,0,7/25/2026,Paid
I02101,C0257,S0257,4/1/2025,4/30/2025,2400,0,4/11/2025,Paid
I02102,C0257,S0257,5/1/2025,5/31/2025,2400,0,6/1/2025,Paid
I02103,C0257,S0257,6/1/2025,6/30/2025,2400,0,6/28/2025,Paid
I02104,C0257,S0257,7/1/2025,7/31/2025,2400,0,7/8/2025,Paid
I02105,C0257,S0257,8/1/2025,8/31/2025,2400,0,8/8/2025,Paid
I02106,C0257,S0257,9/1/2025,9/30/2025,2400,0,10/1/2025,Paid
I02107,C0257,S0257,10/1/2025,10/31/2025,2400,0,11/10/2025,Paid
I02108,C0257,S0257,11/1/2025,11/30/2025,2400,0,12/7/2025,Paid
I02109,C0257,S0257,12/1/2025,12/31/2025,2400,0,1/3/2026,Paid
I02110,C0257,S0257,1/1/2026,1/31/2026,2400,0,2/7/2026,Paid
I02111,C0257,S0257,2/1/2026,2/28/2026,2400,0,3/5/2026,Paid
I02112,C0257,S0257,3/1/2026,3/31/2026,2400,0,3/8/2026,Paid
I02113,C0257,S0257,4/1/2026,4/30/2026,2400,0,5/3/2026,Paid
I02114,C0257,S0257,5/1/2026,5/31/2026,2400,0,5/11/2026,Paid
I02115,C0257,S0257,6/1/2026,6/30/2026,2400,0,7/8/2026,Paid
I02116,C0257,S0257,7/1/2026,7/31/2026,2400,0,7/22/2026,Paid
I02117,C0258,S0258,10/1/2025,10/31/2025,900,0,10/16/2025,Paid
I02118,C0258,S0258,11/1/2025,11/30/2025,900,0,11/21/2025,Paid
I02119,C0258,S0258,12/1/2025,12/31/2025,900,0,12/23/2025,Paid
I02120,C0258,S0258,1/1/2026,1/31/2026,900,0,2/4/2026,Paid
I02121,C0258,S0258,2/1/2026,2/28/2026,900,0,2/13/2026,Paid
I02122,C0258,S0258,3/1/2026,3/31/2026,900,0,4/3/2026,Paid
I02123,C0258,S0258,4/1/2026,4/30/2026,900,0,5/10/2026,Paid
I02124,C0258,S0258,5/1/2026,5/31/2026,900,0,6/2/2026,Paid
I02125,C0258,S0258,6/1/2026,6/30/2026,900,0,6/29/2026,Paid
I02126,C0258,S0258,7/1/2026,7/31/2026,900,0,8/10/2026,Paid
I02127,C0260,S0260,3/1/2025,3/31/2025,2400,0,3/19/2025,Paid
I02128,C0260,S0260,4/1/2025,4/30/2025,2400,0,5/9/2025,Paid
I02129,C0260,S0260,5/1/2025,5/31/2025,2400,0,5/19/2025,Paid
I02130,C0260,S0260,6/1/2025,6/30/2025,2400,0,6/28/2025,Paid
I02131,C0260,S0260,7/1/2025,7/31/2025,2400,0,7/23/2025,Paid
I02132,C0260,S0260,8/1/2025,8/31/2025,2400,0,8/24/2025,Paid
I02133,C0260,S0260,9/1/2025,9/30/2025,2400,0,10/5/2025,Paid
I02134,C0260,S0260,10/1/2025,10/31/2025,2400,0,10/22/2025,Paid
I02135,C0260,S0260,11/1/2025,11/30/2025,2400,0,11/27/2025,Paid
I02136,C0260,S0260,12/1/2025,12/31/2025,2400,0,12/16/2025,Paid
I02137,C0260,S0260,1/1/2026,1/31/2026,2400,0,1/19/2026,Paid
I02138,C0260,S0260,2/1/2026,2/28/2026,2400,0,3/14/2026,Paid
I02139,C0260,S0260,3/1/2026,3/31/2026,2400,0,4/9/2026,Paid
I02140,C0260,S0260,4/1/2026,4/30/2026,2400,0,4/14/2026,Paid
I02141,C0260,S0260,5/1/2026,5/31/2026,2400,0,5/28/2026,Paid
I02142,C0260,S0260,6/1/2026,6/30/2026,2400,0,7/4/2026,Paid
I02143,C0260,S0260,7/1/2026,7/31/2026,2400,0,7/28/2026,Paid
I02144,C0261,S0261,4/1/2025,4/30/2025,900,0,4/22/2025,Paid
I02145,C0261,S0261,5/1/2025,5/31/2025,900,0,6/5/2025,Paid
I02146,C0261,S0261,6/1/2025,6/30/2025,900,0,6/18/2025,Paid
I02147,C0261,S0261,7/1/2025,7/31/2025,900,0,7/8/2025,Paid
I02148,C0261,S0261,8/1/2025,8/31/2025,900,0,8/14/2025,Paid
I02149,C0261,S0261,9/1/2025,9/30/2025,900,0,9/30/2025,Paid
I02150,C0261,S0261,10/1/2025,10/31/2025,900,0,10/27/2025,Paid
I02151,C0261,S0261,11/1/2025,11/30/2025,900,0,11/19/2025,Paid
I02152,C0261,S0261,12/1/2025,12/31/2025,900,0,12/23/2025,Paid
I02153,C0261,S0261,1/1/2026,1/31/2026,900,0,1/18/2026,Paid
I02154,C0261,S0261,2/1/2026,2/28/2026,900,0,3/8/2026,Paid
I02155,C0261,S0261,3/1/2026,3/31/2026,900,0,4/5/2026,Paid
I02156,C0261,S0261,4/1/2026,4/30/2026,900,0,4/17/2026,Paid
I02157,C0261,S0261,5/1/2026,5/31/2026,900,0,5/12/2026,Paid
I02158,C0261,S0261,6/1/2026,6/30/2026,900,0,6/11/2026,Paid
I02159,C0261,S0261,7/1/2026,7/31/2026,900,0,7/23/2026,Paid
I02160,C0262,S0262,3/1/2025,3/31/2025,900,0,3/20/2025,Paid
I02161,C0262,S0262,4/1/2025,4/30/2025,900,0,4/15/2025,Paid
I02162,C0262,S0262,5/1/2025,5/31/2025,900,0,5/18/2025,Paid
I02163,C0262,S0262,6/1/2025,6/30/2025,900,0,6/18/2025,Paid
I02164,C0262,S0262,7/1/2025,7/31/2025,900,0,8/3/2025,Paid
I02165,C0262,S0262,8/1/2025,8/31/2025,900,0,8/9/2025,Paid
I02166,C0262,S0262,9/1/2025,9/30/2025,900,0,10/10/2025,Paid
I02167,C0262,S0262,10/1/2025,10/31/2025,900,0,10/18/2025,Paid
I02168,C0262,S0262,11/1/2025,11/30/2025,900,0,12/11/2025,Paid
I02169,C0262,S0262,12/1/2025,12/31/2025,900,0,1/3/2026,Paid
I02170,C0262,S0262,1/1/2026,1/31/2026,900,0,1/19/2026,Paid
I02171,C0262,S0262,2/1/2026,2/28/2026,900,0,2/25/2026,Paid
I02172,C0262,S0262,3/1/2026,3/31/2026,900,0,3/24/2026,Paid
I02173,C0262,S0262,4/1/2026,4/30/2026,900,0,5/3/2026,Paid
I02174,C0262,S0262,5/1/2026,5/31/2026,900,0,5/12/2026,Paid
I02175,C0262,S0262,6/1/2026,6/30/2026,900,0,7/7/2026,Paid
I02176,C0262,S0262,7/1/2026,7/31/2026,900,0,7/24/2026,Paid
I02177,C0264,S0264,6/1/2025,6/30/2025,2400,0,7/4/2025,Paid
I02178,C0264,S0264,7/1/2025,7/31/2025,2400,0,8/7/2025,Paid
I02179,C0264,S0264,8/1/2025,8/31/2025,2400,0,8/23/2025,Paid
I02180,C0264,S0264,9/1/2025,9/30/2025,2400,0,10/4/2025,Paid
I02181,C0264,S0264,10/1/2025,10/31/2025,2400,0,11/5/2025,Paid
I02182,C0264,S0264,11/1/2025,11/30/2025,2400,0,11/11/2025,Paid
I02183,C0264,S0264,12/1/2025,12/31/2025,2400,0,12/14/2025,Paid
I02184,C0264,S0264,1/1/2026,1/31/2026,2400,0,1/26/2026,Paid
I02185,C0264,S0264,2/1/2026,2/28/2026,2400,0,3/11/2026,Paid
I02186,C0265,S0265,9/1/2025,9/30/2025,2400,0,9/30/2025,Paid
I02187,C0265,S0265,10/1/2025,10/31/2025,2400,0,11/8/2025,Paid
I02188,C0265,S0265,11/1/2025,11/30/2025,2400,0,11/29/2025,Paid
I02189,C0265,S0265,12/1/2025,12/31/2025,2400,0,12/16/2025,Paid
I02190,C0265,S0265,1/1/2026,1/31/2026,2400,0,2/2/2026,Paid
I02191,C0265,S0265,2/1/2026,2/28/2026,2400,0,3/14/2026,Paid
I02192,C0265,S0265,3/1/2026,3/31/2026,2400,0,,Open
I02193,C0265,S0265,4/1/2026,4/30/2026,2400,0,5/4/2026,Paid
I02194,C0265,S0265,5/1/2026,5/31/2026,2400,0,5/30/2026,Paid
I02195,C0265,S0265,6/1/2026,6/30/2026,2400,0,6/17/2026,Paid
I02196,C0265,S0265,7/1/2026,7/31/2026,2400,0,,Open
I02197,C0266,S0266,2/1/2025,2/28/2025,6200,0,3/1/2025,Paid
I02198,C0266,S0266,3/1/2025,3/31/2025,6200,0,3/23/2025,Paid
I02199,C0266,S0266,4/1/2025,4/30/2025,6200,0,4/8/2025,Paid
I02200,C0266,S0266,5/1/2025,5/31/2025,6200,0,5/24/2025,Paid
I02201,C0266,S0266,6/1/2025,6/30/2025,6200,0,6/26/2025,Paid
I02202,C0266,S0266,7/1/2025,7/31/2025,6200,0,7/20/2025,Paid
I02203,C0266,S0266,8/1/2025,8/31/2025,6200,0,9/9/2025,Paid
I02204,C0266,S0266,9/1/2025,9/30/2025,6200,0,9/27/2025,Paid
I02205,C0266,S0266,10/1/2025,10/31/2025,6200,0,10/29/2025,Paid
I02206,C0266,S0266,11/1/2025,11/30/2025,6200,0,12/4/2025,Paid
I02207,C0266,S0266,12/1/2025,12/31/2025,6200,0,12/22/2025,Paid
I02208,C0266,S0266,1/1/2026,1/31/2026,6200,0,2/11/2026,Paid
I02209,C0266,S0266,2/1/2026,2/28/2026,6200,0,2/16/2026,Paid
I02210,C0266,S0266,3/1/2026,3/31/2026,6200,0,4/5/2026,Paid
I02211,C0266,S0266,4/1/2026,4/30/2026,6200,0,4/12/2026,Paid
I02212,C0266,S0266,5/1/2026,5/31/2026,6200,0,5/12/2026,Paid
I02213,C0266,S0266,6/1/2026,6/30/2026,6200,0,6/27/2026,Paid
I02214,C0266,S0266,7/1/2026,7/31/2026,6200,0,,Open
I02215,C0267,S0267,9/1/2025,9/30/2025,6200,0,10/11/2025,Paid
I02216,C0267,S0267,10/1/2025,10/31/2025,6200,3696,,Open
I02217,C0267,S0267,11/1/2025,11/30/2025,6200,0,12/12/2025,Paid
I02218,C0267,S0267,12/1/2025,12/31/2025,6200,0,12/18/2025,Paid
I02219,C0267,S0267,1/1/2026,1/31/2026,6200,0,1/30/2026,Paid
I02220,C0267,S0267,2/1/2026,2/28/2026,6200,0,2/18/2026,Paid
I02221,C0267,S0267,3/1/2026,3/31/2026,6200,0,3/11/2026,Paid
I02222,C0267,S0267,4/1/2026,4/30/2026,6200,0,4/14/2026,Paid
I02223,C0267,S0267,5/1/2026,5/31/2026,6200,0,6/2/2026,Paid
I02224,C0267,S0267,6/1/2026,6/30/2026,6200,0,6/15/2026,Paid
I02225,C0267,S0267,7/1/2026,7/31/2026,6200,0,8/5/2026,Paid
I02226,C0268,S0268,9/1/2025,9/30/2025,900,0,10/10/2025,Paid
I02227,C0268,S0268,10/1/2025,10/31/2025,900,0,10/22/2025,Paid
I02228,C0268,S0268,11/1/2025,11/30/2025,900,0,11/29/2025,Paid
I02229,C0268,S0268,12/1/2025,12/31/2025,900,0,12/23/2025,Paid
I02230,C0268,S0268,1/1/2026,1/31/2026,900,0,1/24/2026,Paid
I02231,C0269,S0269,12/1/2025,12/31/2025,6200,0,12/9/2025,Paid
I02232,C0269,S0269,1/1/2026,1/31/2026,6200,0,1/23/2026,Paid
I02233,C0269,S0269,2/1/2026,2/28/2026,6200,0,2/23/2026,Paid
I02234,C0269,S0269,3/1/2026,3/31/2026,6200,0,4/8/2026,Paid
I02235,C0269,S0269,4/1/2026,4/30/2026,6200,0,,Open
I02236,C0269,S0269,5/1/2026,5/31/2026,6200,0,5/30/2026,Paid
I02237,C0269,S0269,6/1/2026,6/30/2026,6200,0,6/23/2026,Paid
I02238,C0269,S0269,7/1/2026,7/31/2026,6200,0,8/5/2026,Paid
I02239,C0270,S0270,10/1/2025,10/31/2025,900,0,10/18/2025,Paid
I02240,C0270,S0270,11/1/2025,11/30/2025,900,0,12/2/2025,Paid
I02241,C0270,S0270,12/1/2025,12/31/2025,900,0,12/11/2025,Paid
I02242,C0270,S0270,1/1/2026,1/31/2026,900,0,2/1/2026,Paid
I02243,C0270,S0270,2/1/2026,2/28/2026,900,0,2/27/2026,Paid
I02244,C0270,S0270,3/1/2026,3/31/2026,900,0,3/16/2026,Paid
I02245,C0270,S0270,4/1/2026,4/30/2026,900,0,,Open
I02246,C0270,S0270,5/1/2026,5/31/2026,900,0,5/27/2026,Paid
I02247,C0270,S0270,6/1/2026,6/30/2026,900,0,6/12/2026,Paid
I02248,C0270,S0270,7/1/2026,7/31/2026,900,0,8/6/2026,Paid
I02249,C0271,S0271,3/1/2025,3/31/2025,900,0,3/19/2025,Paid
I02250,C0271,S0271,4/1/2025,4/30/2025,900,0,5/9/2025,Paid
I02251,C0271,S0271,5/1/2025,5/31/2025,900,0,6/1/2025,Paid
I02252,C0271,S0271,6/1/2025,6/30/2025,900,0,,Open
I02253,C0271,S0271,7/1/2025,7/31/2025,900,0,7/14/2025,Paid
I02254,C0271,S0271,8/1/2025,8/31/2025,900,0,8/29/2025,Paid
I02255,C0271,S0271,9/1/2025,9/30/2025,900,0,9/27/2025,Paid
I02256,C0271,S0271,10/1/2025,10/31/2025,900,0,10/27/2025,Paid
I02257,C0271,S0271,11/1/2025,11/30/2025,900,0,11/12/2025,Paid
I02258,C0271,S0271,12/1/2025,12/31/2025,900,0,,Open
I02259,C0271,S0271,1/1/2026,1/31/2026,900,0,1/13/2026,Paid
I02260,C0271,S0271,2/1/2026,2/28/2026,900,0,3/10/2026,Paid
I02261,C0271,S0271,3/1/2026,3/31/2026,900,0,3/21/2026,Paid
I02262,C0271,S0271,4/1/2026,4/30/2026,900,0,4/26/2026,Paid
I02263,C0271,S0271,5/1/2026,5/31/2026,900,0,5/9/2026,Paid
I02264,C0271,S0271,6/1/2026,6/30/2026,900,0,6/15/2026,Paid
I02265,C0271,S0271,7/1/2026,7/31/2026,900,0,8/8/2026,Paid
I02266,C0272,S0272,4/1/2025,4/30/2025,2400,0,4/11/2025,Paid
I02267,C0272,S0272,5/1/2025,5/31/2025,2400,0,5/25/2025,Paid
I02268,C0272,S0272,6/1/2025,6/30/2025,2400,0,6/24/2025,Paid
I02269,C0272,S0272,7/1/2025,7/31/2025,2400,0,7/13/2025,Paid
I02270,C0272,S0272,8/1/2025,8/31/2025,2400,0,8/23/2025,Paid
I02271,C0272,S0272,9/1/2025,9/30/2025,2400,0,9/22/2025,Paid
I02272,C0272,S0272,10/1/2025,10/31/2025,2400,0,10/31/2025,Paid
I02273,C0272,S0272,11/1/2025,11/30/2025,2400,0,12/12/2025,Paid
I02274,C0272,S0272,12/1/2025,12/31/2025,2400,0,12/27/2025,Paid
I02275,C0272,S0272,1/1/2026,1/31/2026,2400,0,2/4/2026,Paid
I02276,C0272,S0272,2/1/2026,2/28/2026,2400,0,2/11/2026,Paid
I02277,C0272,S0272,3/1/2026,3/31/2026,2400,0,3/18/2026,Paid
I02278,C0272,S0272,4/1/2026,4/30/2026,2400,0,4/14/2026,Paid
I02279,C0272,S0272,5/1/2026,5/31/2026,2400,0,,Open
I02280,C0272,S0272,6/1/2026,6/30/2026,2400,0,6/8/2026,Paid
I02281,C0272,S0272,7/1/2026,7/31/2026,2400,0,7/11/2026,Paid
I02282,C0274,S0274,3/1/2025,3/31/2025,900,0,3/24/2025,Paid
I02283,C0274,S0274,4/1/2025,4/30/2025,900,0,4/29/2025,Paid
I02284,C0274,S0274,5/1/2025,5/31/2025,900,0,5/24/2025,Paid
I02285,C0274,S0274,6/1/2025,6/30/2025,900,0,6/29/2025,Paid
I02286,C0274,S0274,7/1/2025,7/31/2025,900,0,8/2/2025,Paid
I02287,C0274,S0274,8/1/2025,8/31/2025,900,0,9/5/2025,Paid
I02288,C0274,S0274,9/1/2025,9/30/2025,900,0,9/21/2025,Paid
I02289,C0274,S0274,10/1/2025,10/31/2025,900,0,11/7/2025,Paid
I02290,C0274,S0274,11/1/2025,11/30/2025,900,0,11/29/2025,Paid
I02291,C0274,S0274,12/1/2025,12/31/2025,900,0,1/4/2026,Paid
I02292,C0274,S0274,1/1/2026,1/31/2026,900,0,2/1/2026,Paid
I02293,C0274,S0274,2/1/2026,2/28/2026,900,0,3/2/2026,Paid
I02294,C0274,S0274,3/1/2026,3/31/2026,900,0,,Open
I02295,C0274,S0274,4/1/2026,4/30/2026,900,0,4/14/2026,Paid
I02296,C0274,S0274,5/1/2026,5/31/2026,900,0,5/12/2026,Paid
I02297,C0274,S0274,6/1/2026,6/30/2026,900,0,7/6/2026,Paid
I02298,C0274,S0274,7/1/2026,7/31/2026,900,0,7/15/2026,Paid
I02299,C0275,S0275,12/1/2025,12/31/2025,2400,0,12/28/2025,Paid
I02300,C0275,S0275,1/1/2026,1/31/2026,2400,0,2/11/2026,Paid
I02301,C0275,S0275,2/1/2026,2/28/2026,2400,0,2/17/2026,Paid
I02302,C0275,S0275,3/1/2026,3/31/2026,2400,0,4/2/2026,Paid
I02303,C0275,S0275,4/1/2026,4/30/2026,2400,0,5/4/2026,Paid
I02304,C0275,S0275,5/1/2026,5/31/2026,2400,0,5/26/2026,Paid
I02305,C0275,S0275,6/1/2026,6/30/2026,2400,0,,Open
I02306,C0275,S0275,7/1/2026,7/31/2026,2400,0,7/22/2026,Paid
I02307,C0276,S0276,1/1/2026,1/31/2026,900,0,1/11/2026,Paid
I02308,C0276,S0276,2/1/2026,2/28/2026,900,0,3/5/2026,Paid
I02309,C0276,S0276,3/1/2026,3/31/2026,900,0,3/27/2026,Paid
I02310,C0276,S0276,4/1/2026,4/30/2026,900,0,4/27/2026,Paid
I02311,C0276,S0276,5/1/2026,5/31/2026,900,0,5/30/2026,Paid
I02312,C0276,S0276,6/1/2026,6/30/2026,900,0,7/12/2026,Paid
I02313,C0277,S0277,4/1/2026,4/30/2026,900,0,5/4/2026,Paid
I02314,C0277,S0277,5/1/2026,5/31/2026,900,0,6/11/2026,Paid
I02315,C0277,S0277,6/1/2026,6/30/2026,900,0,7/3/2026,Paid
I02316,C0277,S0277,7/1/2026,7/31/2026,900,0,7/24/2026,Paid
I02317,C0278,S0278,5/1/2025,5/31/2025,900,0,5/30/2025,Paid
I02318,C0278,S0278,6/1/2025,6/30/2025,900,0,7/11/2025,Paid
I02319,C0278,S0278,7/1/2025,7/31/2025,900,0,7/29/2025,Paid
I02320,C0278,S0278,8/1/2025,8/31/2025,900,0,9/5/2025,Paid
I02321,C0278,S0278,9/1/2025,9/30/2025,900,0,10/1/2025,Paid
I02322,C0278,S0278,10/1/2025,10/31/2025,900,0,10/13/2025,Paid
I02323,C0278,S0278,11/1/2025,11/30/2025,900,0,11/9/2025,Paid
I02324,C0278,S0278,12/1/2025,12/31/2025,900,0,,Open
I02325,C0278,S0278,1/1/2026,1/31/2026,900,0,2/6/2026,Paid
I02326,C0278,S0278,2/1/2026,2/28/2026,900,0,2/18/2026,Paid
I02327,C0278,S0278,3/1/2026,3/31/2026,900,0,3/8/2026,Paid
I02328,C0278,S0278,4/1/2026,4/30/2026,900,0,4/10/2026,Paid
I02329,C0278,S0278,5/1/2026,5/31/2026,900,0,6/3/2026,Paid
I02330,C0278,S0278,6/1/2026,6/30/2026,900,0,6/19/2026,Paid
I02331,C0278,S0278,7/1/2026,7/31/2026,900,0,8/5/2026,Paid
I02332,C0279,S0279,2/1/2025,2/28/2025,2400,0,2/15/2025,Paid
I02333,C0279,S0279,3/1/2025,3/31/2025,2400,0,3/18/2025,Paid
I02334,C0279,S0279,4/1/2025,4/30/2025,2400,0,4/23/2025,Paid
I02335,C0279,S0279,5/1/2025,5/31/2025,2400,0,5/31/2025,Paid
I02336,C0279,S0279,6/1/2025,6/30/2025,2400,0,6/15/2025,Paid
I02337,C0279,S0279,7/1/2025,7/31/2025,2400,0,7/18/2025,Paid
I02338,C0279,S0279,8/1/2025,8/31/2025,2400,0,8/23/2025,Paid
I02339,C0279,S0279,9/1/2025,9/30/2025,2400,0,9/16/2025,Paid
I02340,C0279,S0279,10/1/2025,10/31/2025,2400,0,10/22/2025,Paid
I02341,C0279,S0279,11/1/2025,11/30/2025,2400,0,11/20/2025,Paid
I02342,C0279,S0279,12/1/2025,12/31/2025,2400,0,12/21/2025,Paid
I02343,C0279,S0279,1/1/2026,1/31/2026,2400,0,1/21/2026,Paid
I02344,C0279,S0279,2/1/2026,2/28/2026,2400,0,2/15/2026,Paid
I02345,C0279,S0279,3/1/2026,3/31/2026,2400,0,3/25/2026,Paid
I02346,C0279,S0279,4/1/2026,4/30/2026,2400,0,4/24/2026,Paid
I02347,C0279,S0279,5/1/2026,5/31/2026,2400,0,6/3/2026,Paid
I02348,C0279,S0279,6/1/2026,6/30/2026,2400,0,7/4/2026,Paid
I02349,C0279,S0279,7/1/2026,7/31/2026,2400,0,7/31/2026,Paid
I02350,C0280,S0280,5/1/2025,5/31/2025,2400,0,6/1/2025,Paid
I02351,C0280,S0280,6/1/2025,6/30/2025,2400,0,6/28/2025,Paid
I02352,C0280,S0280,7/1/2025,7/31/2025,2400,0,8/9/2025,Paid
I02353,C0280,S0280,8/1/2025,8/31/2025,2400,0,8/16/2025,Paid
I02354,C0280,S0280,9/1/2025,9/30/2025,2400,0,10/7/2025,Paid
I02355,C0280,S0280,10/1/2025,10/31/2025,2400,0,11/3/2025,Paid
I02356,C0280,S0280,11/1/2025,11/30/2025,2400,0,11/8/2025,Paid
I02357,C0280,S0280,12/1/2025,12/31/2025,2400,0,12/30/2025,Paid
I02358,C0280,S0280,1/1/2026,1/31/2026,2400,0,,Open
I02359,C0280,S0280,2/1/2026,2/28/2026,2400,0,2/21/2026,Paid
I02360,C0280,S0280,3/1/2026,3/31/2026,2400,0,4/5/2026,Paid
I02361,C0280,S0280,4/1/2026,4/30/2026,2400,0,4/8/2026,Paid
I02362,C0280,S0280,5/1/2026,5/31/2026,2400,0,5/18/2026,Paid
I02363,C0280,S0280,6/1/2026,6/30/2026,2400,0,6/8/2026,Paid
I02364,C0281,S0281,4/1/2025,4/30/2025,900,0,5/5/2025,Paid
I02365,C0281,S0281,5/1/2025,5/31/2025,900,0,6/6/2025,Paid
I02366,C0281,S0281,6/1/2025,6/30/2025,900,0,6/12/2025,Paid
I02367,C0281,S0281,7/1/2025,7/31/2025,900,0,7/22/2025,Paid
I02368,C0281,S0281,8/1/2025,8/31/2025,900,0,8/22/2025,Paid
I02369,C0281,S0281,9/1/2025,9/30/2025,900,0,10/9/2025,Paid
I02370,C0281,S0281,10/1/2025,10/31/2025,900,0,10/30/2025,Paid
I02371,C0281,S0281,11/1/2025,11/30/2025,900,0,11/23/2025,Paid
I02372,C0281,S0281,12/1/2025,12/31/2025,900,0,12/26/2025,Paid
I02373,C0281,S0281,1/1/2026,1/31/2026,900,0,1/15/2026,Paid
I02374,C0281,S0281,2/1/2026,2/28/2026,900,0,3/1/2026,Paid
I02375,C0281,S0281,3/1/2026,3/31/2026,900,0,3/18/2026,Paid
I02376,C0281,S0281,4/1/2026,4/30/2026,900,0,4/27/2026,Paid
I02377,C0281,S0281,5/1/2026,5/31/2026,900,0,6/11/2026,Paid
I02378,C0281,S0281,6/1/2026,6/30/2026,900,0,7/2/2026,Paid
I02379,C0281,S0281,7/1/2026,7/31/2026,900,0,,Open
I02380,C0283,S0283,3/1/2026,3/31/2026,900,0,3/27/2026,Paid
I02381,C0283,S0283,4/1/2026,4/30/2026,900,0,4/21/2026,Paid
I02382,C0283,S0283,5/1/2026,5/31/2026,900,0,5/24/2026,Paid
I02383,C0283,S0283,6/1/2026,6/30/2026,900,0,6/15/2026,Paid
I02384,C0283,S0283,7/1/2026,7/31/2026,900,0,8/3/2026,Paid
I02385,C0284,S0284,9/1/2025,9/30/2025,2400,0,9/10/2025,Paid
I02386,C0284,S0284,10/1/2025,10/31/2025,2400,0,11/8/2025,Paid
I02387,C0284,S0284,11/1/2025,11/30/2025,2400,0,12/3/2025,Paid
I02388,C0284,S0284,12/1/2025,12/31/2025,2400,0,1/6/2026,Paid
I02389,C0284,S0284,1/1/2026,1/31/2026,2400,0,1/17/2026,Paid
I02390,C0284,S0284,2/1/2026,2/28/2026,2400,0,3/3/2026,Paid
I02391,C0284,S0284,3/1/2026,3/31/2026,2400,0,4/1/2026,Paid
I02392,C0284,S0284,4/1/2026,4/30/2026,2400,0,4/14/2026,Paid
I02393,C0284,S0284,5/1/2026,5/31/2026,2400,0,,Open
I02394,C0284,S0284,6/1/2026,6/30/2026,2400,0,6/28/2026,Paid
I02395,C0284,S0284,7/1/2026,7/31/2026,2400,0,7/15/2026,Paid
I02396,C0285,S0285,2/1/2025,2/28/2025,900,0,3/4/2025,Paid
I02397,C0285,S0285,3/1/2025,3/31/2025,900,0,3/19/2025,Paid
I02398,C0285,S0285,4/1/2025,4/30/2025,900,0,5/12/2025,Paid
I02399,C0285,S0285,5/1/2025,5/31/2025,900,0,5/28/2025,Paid
I02400,C0285,S0285,6/1/2025,6/30/2025,900,0,6/23/2025,Paid
I02401,C0285,S0285,7/1/2025,7/31/2025,900,0,8/2/2025,Paid
I02402,C0285,S0285,8/1/2025,8/31/2025,900,0,9/3/2025,Paid
I02403,C0285,S0285,9/1/2025,9/30/2025,900,0,10/5/2025,Paid
I02404,C0285,S0285,10/1/2025,10/31/2025,900,0,10/8/2025,Paid
I02405,C0285,S0285,11/1/2025,11/30/2025,900,0,12/5/2025,Paid
I02406,C0285,S0285,12/1/2025,12/31/2025,900,0,12/21/2025,Paid
I02407,C0285,S0285,1/1/2026,1/31/2026,900,0,1/30/2026,Paid
I02408,C0285,S0285,2/1/2026,2/28/2026,900,0,2/8/2026,Paid
I02409,C0285,S0285,3/1/2026,3/31/2026,900,0,4/9/2026,Paid
I02410,C0285,S0285,4/1/2026,4/30/2026,900,0,4/20/2026,Paid
I02411,C0285,S0285,5/1/2026,5/31/2026,900,0,5/23/2026,Paid
I02412,C0285,S0285,6/1/2026,6/30/2026,900,0,6/9/2026,Paid
I02413,C0285,S0285,7/1/2026,7/31/2026,900,0,7/10/2026,Paid
I02414,C0286,S0286,2/1/2026,2/28/2026,2400,0,2/20/2026,Paid
I02415,C0286,S0286,3/1/2026,3/31/2026,2400,0,3/16/2026,Paid
I02416,C0286,S0286,4/1/2026,4/30/2026,2400,0,4/11/2026,Paid
I02417,C0286,S0286,5/1/2026,5/31/2026,2400,0,6/11/2026,Paid
I02418,C0286,S0286,6/1/2026,6/30/2026,2400,0,7/1/2026,Paid
I02419,C0286,S0286,7/1/2026,7/31/2026,2400,0,7/19/2026,Paid
I02420,C0287,S0287,2/1/2026,2/28/2026,900,0,2/17/2026,Paid
I02421,C0287,S0287,3/1/2026,3/31/2026,900,0,3/27/2026,Paid
I02422,C0287,S0287,4/1/2026,4/30/2026,900,0,5/10/2026,Paid
I02423,C0287,S0287,5/1/2026,5/31/2026,900,0,6/10/2026,Paid
I02424,C0287,S0287,6/1/2026,6/30/2026,900,0,,Open
I02425,C0287,S0287,7/1/2026,7/31/2026,900,0,7/24/2026,Paid
I02426,C0288,S0288,4/1/2026,4/30/2026,2400,0,4/20/2026,Paid
I02427,C0288,S0288,5/1/2026,5/31/2026,2400,0,6/3/2026,Paid
I02428,C0288,S0288,6/1/2026,6/30/2026,2400,0,6/26/2026,Paid
I02429,C0288,S0288,7/1/2026,7/31/2026,2400,0,7/30/2026,Paid
I02430,C0289,S0289,9/1/2025,9/30/2025,2400,0,9/26/2025,Paid
I02431,C0289,S0289,10/1/2025,10/31/2025,2400,0,10/9/2025,Paid
I02432,C0289,S0289,11/1/2025,11/30/2025,2400,0,11/28/2025,Paid
I02433,C0289,S0289,12/1/2025,12/31/2025,2400,0,12/16/2025,Paid
I02434,C0289,S0289,1/1/2026,1/31/2026,2400,0,2/11/2026,Paid
I02435,C0289,S0289,2/1/2026,2/28/2026,2400,0,3/12/2026,Paid
I02436,C0289,S0289,3/1/2026,3/31/2026,2400,0,3/8/2026,Paid
I02437,C0289,S0289,4/1/2026,4/30/2026,2400,0,4/18/2026,Paid
I02438,C0289,S0289,5/1/2026,5/31/2026,2400,0,5/15/2026,Paid
I02439,C0289,S0289,6/1/2026,6/30/2026,2400,0,6/25/2026,Paid
I02440,C0289,S0289,7/1/2026,7/31/2026,2400,0,7/28/2026,Paid
I02441,C0290,S0290,3/1/2026,3/31/2026,900,0,3/25/2026,Paid
I02442,C0290,S0290,4/1/2026,4/30/2026,900,0,5/7/2026,Paid
I02443,C0290,S0290,5/1/2026,5/31/2026,900,0,6/1/2026,Paid
I02444,C0290,S0290,6/1/2026,6/30/2026,900,0,,Open
I02445,C0290,S0290,7/1/2026,7/31/2026,900,0,7/30/2026,Paid
I02446,C0291,S0291,11/1/2025,11/30/2025,2400,0,12/5/2025,Paid
I02447,C0291,S0291,12/1/2025,12/31/2025,2400,0,12/29/2025,Paid
I02448,C0291,S0291,1/1/2026,1/31/2026,2400,0,1/28/2026,Paid
I02449,C0291,S0291,2/1/2026,2/28/2026,2400,0,2/14/2026,Paid
I02450,C0291,S0291,3/1/2026,3/31/2026,2400,0,3/19/2026,Paid
I02451,C0291,S0291,4/1/2026,4/30/2026,2400,0,4/15/2026,Paid
I02452,C0291,S0291,5/1/2026,5/31/2026,2400,0,,Open
I02453,C0291,S0291,6/1/2026,6/30/2026,2400,0,7/8/2026,Paid
I02454,C0291,S0291,7/1/2026,7/31/2026,2400,0,7/11/2026,Paid
I02455,C0292,S0292,2/1/2025,2/28/2025,28800,0,2/19/2025,Paid
I02456,C0292,S0292,2/1/2026,2/28/2026,28800,0,2/21/2026,Paid
I02457,C0293,S0293,3/1/2025,3/31/2025,28800,0,3/20/2025,Paid
I02458,C0293,S0293,3/1/2026,3/31/2026,28800,0,3/8/2026,Paid
I02459,C0294,S0294,5/1/2026,5/31/2026,900,0,5/18/2026,Paid
I02460,C0294,S0294,6/1/2026,6/30/2026,900,0,7/4/2026,Paid
I02461,C0294,S0294,7/1/2026,7/31/2026,900,0,7/26/2026,Paid
I02462,C0295,S0295,4/1/2026,4/30/2026,2400,0,5/12/2026,Paid
I02463,C0295,S0295,5/1/2026,5/31/2026,2400,0,6/10/2026,Paid
I02464,C0295,S0295,6/1/2026,6/30/2026,2400,0,7/12/2026,Paid
I02465,C0295,S0295,7/1/2026,7/31/2026,2400,0,8/4/2026,Paid
I02466,C0296,S0296,2/1/2026,2/28/2026,900,0,3/13/2026,Paid
I02467,C0296,S0296,3/1/2026,3/31/2026,900,651,3/14/2026,Paid
I02468,C0296,S0296,4/1/2026,4/30/2026,900,0,4/11/2026,Paid
I02469,C0296,S0296,5/1/2026,5/31/2026,900,0,5/31/2026,Paid
I02470,C0296,S0296,6/1/2026,6/30/2026,900,0,6/24/2026,Paid
I02471,C0296,S0296,7/1/2026,7/31/2026,900,0,8/6/2026,Paid
I02472,C0297,S0297,4/1/2025,4/30/2025,900,0,5/4/2025,Paid
I02473,C0297,S0297,5/1/2025,5/31/2025,900,0,5/14/2025,Paid
I02474,C0297,S0297,6/1/2025,6/30/2025,900,0,,Open
I02475,C0297,S0297,7/1/2025,7/31/2025,900,0,,Open
I02476,C0297,S0297,8/1/2025,8/31/2025,900,0,8/23/2025,Paid
I02477,C0297,S0297,9/1/2025,9/30/2025,900,0,10/2/2025,Paid
I02478,C0297,S0297,10/1/2025,10/31/2025,900,0,10/28/2025,Paid
I02479,C0297,S0297,11/1/2025,11/30/2025,900,0,11/14/2025,Paid
I02480,C0297,S0297,12/1/2025,12/31/2025,900,0,12/19/2025,Paid
I02481,C0297,S0297,1/1/2026,1/31/2026,900,0,2/4/2026,Paid
I02482,C0297,S0297,2/1/2026,2/28/2026,900,0,2/21/2026,Paid
I02483,C0297,S0297,3/1/2026,3/31/2026,900,0,4/7/2026,Paid
I02484,C0297,S0297,4/1/2026,4/30/2026,900,0,4/8/2026,Paid
I02485,C0297,S0297,5/1/2026,5/31/2026,900,0,5/24/2026,Paid
I02486,C0297,S0297,6/1/2026,6/30/2026,900,0,6/14/2026,Paid
I02487,C0297,S0297,7/1/2026,7/31/2026,900,0,7/22/2026,Paid
I02488,C0298,S0298,4/1/2025,4/30/2025,28800,0,5/7/2025,Paid
I02489,C0298,S0298,4/1/2026,4/30/2026,28800,0,4/19/2026,Paid
I02490,C0299,S0299,8/1/2025,8/31/2025,2400,0,8/26/2025,Paid
I02491,C0299,S0299,9/1/2025,9/30/2025,2400,0,9/30/2025,Paid
I02492,C0299,S0299,10/1/2025,10/31/2025,2400,0,11/2/2025,Paid
I02493,C0299,S0299,11/1/2025,11/30/2025,2400,0,12/3/2025,Paid
I02494,C0299,S0299,12/1/2025,12/31/2025,2400,0,,Open
I02495,C0299,S0299,1/1/2026,1/31/2026,2400,0,1/19/2026,Paid
I02496,C0299,S0299,2/1/2026,2/28/2026,2400,0,2/8/2026,Paid
I02497,C0299,S0299,3/1/2026,3/31/2026,2400,0,4/8/2026,Paid
I02498,C0299,S0299,4/1/2026,4/30/2026,2400,0,5/7/2026,Paid
I02499,C0299,S0299,5/1/2026,5/31/2026,2400,0,5/29/2026,Paid
I02500,C0299,S0299,6/1/2026,6/30/2026,2400,0,7/7/2026,Paid
I02501,C0299,S0299,7/1/2026,7/31/2026,2400,0,7/22/2026,Paid
I02502,C0300,S0300,4/1/2026,4/30/2026,900,0,4/30/2026,Paid
I02503,C0300,S0300,5/1/2026,5/31/2026,900,0,5/31/2026,Paid
I02504,C0300,S0300,6/1/2026,6/30/2026,900,0,7/4/2026,Paid
I02505,C0300,S0300,7/1/2026,7/31/2026,900,0,7/31/2026,Paid
