usage_id,customer_id,subscription_id,usage_month,sessions,queries,dashboards_viewed,genie_questions
U00001,C0001,S0001,2025-07-01,0,0,0,0
U00002,C0001,S0001,2025-08-01,8,19,24,14
U00003,C0001,S0001,2025-09-01,3,14,12,5
U00004,C0001,S0001,2025-10-01,6,18,18,6
U00005,C0001,S0001,2025-11-01,3,12,11,1
U00006,C0001,S0001,2025-12-01,7,32,31,13
U00007,C0001,S0001,2026-01-01,5,21,6,9
U00008,C0001,S0001,2026-02-01,10,87,36,19
U00009,C0001,S0001,2026-03-01,11,34,28,21
U00010,C0001,S0001,2026-04-01,9,53,43,3
U00011,C0001,S0001,2026-05-01,10,22,19,13
U00012,C0001,S0001,2026-06-01,10,41,48,17
U00013,C0001,S0001,2026-07-01,4,25,19,6
U00014,C0002,S0002,2025-07-01,26,243,123,17
U00015,C0002,S0002,2025-08-01,26,173,126,18
U00016,C0002,S0002,2025-09-01,30,120,42,44
U00017,C0002,S0002,2025-10-01,18,75,54,7
U00018,C0002,S0002,2025-11-01,13,37,59,17
U00019,C0002,S0002,2025-12-01,17,123,37,16
U00020,C0002,S0002,2026-01-01,14,68,35,8
U00021,C0002,S0002,2026-02-01,5,46,8,1
U00022,C0002,S0002,2026-03-01,8,19,20,14
U00023,C0002,S0002,2026-04-01,20,177,26,40
U00024,C0002,S0002,2026-05-01,21,121,57,16
U00025,C0002,S0002,2026-06-01,35,346,99,23
U00026,C0002,S0002,2026-07-01,20,124,71,35
U00027,C0003,S0003,2025-10-01,10,67,47,9
U00028,C0003,S0003,2025-11-01,9,87,39,15
U00029,C0003,S0003,2025-12-01,9,65,12,4
U00030,C0003,S0003,2026-01-01,4,26,10,6
U00031,C0003,S0003,2026-02-01,7,61,34,9
U00032,C0003,S0003,2026-03-01,6,31,13,3
U00033,C0003,S0003,2026-04-01,4,35,16,4
U00034,C0003,S0003,2026-05-01,0,0,0,0
U00035,C0003,S0003,2026-06-01,0,0,0,0
U00036,C0003,S0003,2026-07-01,8,22,39,8
U00037,C0004,S0004,2026-01-01,10,88,13,18
U00038,C0004,S0004,2026-02-01,5,23,10,2
U00039,C0004,S0004,2026-03-01,10,25,39,6
U00040,C0004,S0004,2026-04-01,5,17,9,6
U00041,C0004,S0004,2026-05-01,0,0,0,0
U00042,C0004,S0004,2026-06-01,9,85,31,2
U00043,C0004,S0004,2026-07-01,9,22,26,16
U00044,C0005,S0005,2025-08-01,32,286,92,12
U00045,C0005,S0005,2025-09-01,21,95,65,4
U00046,C0005,S0005,2025-10-01,85,340,415,93
U00047,C0005,S0005,2025-11-01,0,0,0,0
U00048,C0005,S0005,2025-12-01,45,189,183,80
U00049,C0005,S0005,2026-01-01,87,698,97,35
U00050,C0005,S0005,2026-02-01,85,442,265,56
U00051,C0005,S0005,2026-03-01,87,431,161,155
U00052,C0005,S0005,2026-04-01,36,274,99,56
U00053,C0005,S0005,2026-05-01,47,453,126,43
U00054,C0005,S0005,2026-06-01,61,359,246,32
U00055,C0005,S0005,2026-07-01,75,398,86,70
U00056,C0006,S0006,2025-05-01,57,272,79,48
U00057,C0006,S0006,2025-06-01,36,358,134,50
U00058,C0006,S0006,2025-07-01,58,315,70,19
U00059,C0006,S0006,2025-08-01,58,135,133,15
U00060,C0006,S0006,2025-09-01,42,111,109,27
U00061,C0006,S0006,2025-10-01,36,198,162,26
U00062,C0006,S0006,2025-11-01,72,519,87,133
U00063,C0006,S0006,2025-12-01,21,95,71,41
U00064,C0006,S0006,2026-01-01,35,181,123,52
U00065,C0006,S0006,2026-02-01,49,340,188,25
U00066,C0006,S0006,2026-03-01,78,350,322,71
U00067,C0006,S0006,2026-04-01,26,238,31,15
U00068,C0006,S0006,2026-05-01,66,589,182,70
U00069,C0006,S0006,2026-06-01,20,68,79,17
U00070,C0006,S0006,2026-07-01,54,141,59,76
U00071,C0007,S0007,2025-08-01,19,108,48,34
U00072,C0007,S0007,2025-09-01,35,265,63,14
U00073,C0007,S0007,2025-10-01,6,47,9,7
U00074,C0007,S0007,2025-11-01,20,135,63,35
U00075,C0007,S0007,2025-12-01,31,64,64,43
U00076,C0007,S0007,2026-01-01,11,38,43,4
U00077,C0007,S0007,2026-02-01,15,101,30,18
U00078,C0007,S0007,2026-03-01,12,39,60,16
U00079,C0008,S0008,2025-06-01,3,14,7,5
U00080,C0008,S0008,2025-07-01,6,21,17,8
U00081,C0008,S0008,2025-08-01,5,47,14,1
U00082,C0008,S0008,2025-09-01,4,15,18,1
U00083,C0008,S0008,2025-10-01,5,41,16,5
U00084,C0008,S0008,2025-11-01,11,101,25,20
U00085,C0008,S0008,2025-12-01,0,0,0,0
U00086,C0008,S0008,2026-01-01,4,32,14,1
U00087,C0008,S0008,2026-02-01,3,15,13,3
U00088,C0008,S0008,2026-03-01,6,35,21,5
U00089,C0008,S0008,2026-04-01,9,45,39,7
U00090,C0009,S0009,2025-07-01,2,14,6,0
U00091,C0009,S0009,2025-08-01,2,17,8,2
U00092,C0009,S0009,2025-09-01,5,32,10,7
U00093,C0009,S0009,2025-10-01,1,3,5,2
U00094,C0009,S0009,2025-11-01,2,14,9,1
U00095,C0009,S0009,2025-12-01,4,18,13,3
U00096,C0009,S0009,2026-01-01,2,9,6,1
U00097,C0009,S0009,2026-02-01,5,12,24,2
U00098,C0009,S0009,2026-03-01,1,4,3,2
U00099,C0009,S0009,2026-04-01,3,21,4,1
U00100,C0009,S0009,2026-05-01,3,7,4,5
U00101,C0009,S0009,2026-06-01,4,9,15,3
U00102,C0009,S0009,2026-07-01,4,9,6,1
U00103,C0010,S0010,2025-07-01,5,35,14,2
U00104,C0010,S0010,2025-08-01,3,26,10,1
U00105,C0010,S0010,2025-09-01,8,41,22,9
U00106,C0010,S0010,2025-10-01,10,42,16,7
U00107,C0010,S0010,2025-11-01,11,41,13,15
U00108,C0010,S0010,2025-12-01,5,35,16,1
U00109,C0010,S0010,2026-01-01,5,13,9,6
U00110,C0010,S0010,2026-02-01,11,39,20,14
U00111,C0010,S0010,2026-03-01,3,18,11,2
U00112,C0010,S0010,2026-04-01,0,0,0,0
U00113,C0010,S0010,2026-05-01,4,17,16,4
U00114,C0010,S0010,2026-06-01,9,73,35,2
U00115,C0010,S0010,2026-07-01,4,18,13,2
U00116,C0011,S0011,2025-06-01,23,191,76,22
U00117,C0011,S0011,2025-07-01,16,153,27,13
U00118,C0011,S0011,2025-08-01,8,23,26,7
U00119,C0011,S0011,2025-09-01,30,123,110,58
U00120,C0011,S0011,2025-10-01,16,55,50,4
U00121,C0011,S0011,2025-11-01,12,45,52,13
U00122,C0011,S0011,2025-12-01,22,122,55,35
U00123,C0011,S0011,2026-01-01,16,108,72,5
U00124,C0011,S0011,2026-02-01,16,71,71,6
U00125,C0011,S0011,2026-03-01,23,150,45,6
U00126,C0011,S0011,2026-04-01,28,83,36,52
U00127,C0011,S0011,2026-05-01,23,159,58,38
U00128,C0011,S0011,2026-06-01,0,0,0,0
U00129,C0011,S0011,2026-07-01,10,97,13,4
U00130,C0012,S0012,2025-02-01,9,56,19,16
U00131,C0012,S0012,2025-03-01,11,70,52,7
U00132,C0012,S0012,2025-04-01,10,37,24,8
U00133,C0012,S0012,2025-05-01,4,29,19,1
U00134,C0012,S0012,2025-06-01,8,64,16,8
U00135,C0012,S0012,2025-07-01,9,75,25,8
U00136,C0012,S0012,2025-08-01,3,14,14,1
U00137,C0012,S0012,2025-09-01,8,38,40,4
U00138,C0012,S0012,2025-10-01,11,38,53,6
U00139,C0012,S0012,2025-11-01,4,19,11,1
U00140,C0012,S0012,2025-12-01,5,16,13,5
U00141,C0012,S0012,2026-01-01,7,41,31,4
U00142,C0012,S0012,2026-02-01,11,72,17,11
U00143,C0012,S0012,2026-03-01,7,41,16,3
U00144,C0012,S0012,2026-04-01,4,30,14,5
U00145,C0012,S0012,2026-05-01,3,18,10,2
U00146,C0012,S0012,2026-06-01,8,26,21,14
U00147,C0012,S0012,2026-07-01,5,23,11,3
U00148,C0013,S0013,2025-07-01,8,32,39,15
U00149,C0013,S0013,2025-08-01,8,72,11,2
U00150,C0013,S0013,2025-09-01,9,18,10,2
U00151,C0013,S0013,2025-10-01,1,6,4,1
U00152,C0013,S0013,2025-11-01,0,0,0,0
U00153,C0013,S0013,2025-12-01,5,23,21,3
U00154,C0013,S0013,2026-01-01,7,39,29,6
U00155,C0013,S0013,2026-02-01,11,66,49,7
U00156,C0013,S0013,2026-03-01,8,65,17,14
U00157,C0013,S0013,2026-04-01,10,81,22,14
U00158,C0013,S0013,2026-05-01,11,59,53,12
U00159,C0013,S0013,2026-06-01,9,62,13,8
U00160,C0013,S0013,2026-07-01,11,75,18,15
U00161,C0014,S0014,2026-03-01,10,53,19,14
U00162,C0014,S0014,2026-04-01,26,70,60,28
U00163,C0014,S0014,2026-05-01,30,213,75,53
U00164,C0014,S0014,2026-06-01,24,54,103,35
U00165,C0014,S0014,2026-07-01,18,149,35,18
U00166,C0015,S0015,2025-12-01,23,53,28,31
U00167,C0015,S0015,2026-01-01,0,0,0,0
U00168,C0015,S0015,2026-02-01,25,67,125,19
U00169,C0015,S0015,2026-03-01,24,234,94,14
U00170,C0015,S0015,2026-04-01,16,147,52,15
U00171,C0015,S0015,2026-05-01,26,125,71,23
U00172,C0015,S0015,2026-06-01,23,73,74,37
U00173,C0015,S0015,2026-07-01,19,99,27,35
U00174,C0016,S0016,2025-05-01,8,23,29,11
U00175,C0016,S0016,2025-06-01,5,38,22,7
U00176,C0016,S0016,2025-07-01,8,60,16,13
U00177,C0016,S0016,2025-08-01,8,45,11,10
U00178,C0016,S0016,2025-09-01,7,36,30,11
U00179,C0016,S0016,2025-10-01,3,28,11,4
U00180,C0016,S0016,2025-11-01,3,10,8,4
U00181,C0016,S0016,2025-12-01,5,18,7,10
U00182,C0016,S0016,2026-01-01,9,89,18,11
U00183,C0016,S0016,2026-02-01,9,83,22,12
U00184,C0016,S0016,2026-03-01,9,78,26,6
U00185,C0016,S0016,2026-04-01,7,27,32,7
U00186,C0016,S0016,2026-05-01,0,0,0,0
U00187,C0016,S0016,2026-06-01,4,37,20,4
U00188,C0016,S0016,2026-07-01,3,28,7,3
U00189,C0017,S0017,2026-05-01,2,12,9,1
U00190,C0017,S0017,2026-06-01,2,11,5,1
U00191,C0017,S0017,2026-07-01,4,15,9,6
U00192,C0018,S0018,2026-03-01,26,174,96,26
U00193,C0018,S0018,2026-04-01,17,119,33,14
U00194,C0018,S0018,2026-05-01,19,125,71,17
U00195,C0018,S0018,2026-06-01,34,251,143,26
U00196,C0019,S0019,2026-02-01,7,21,16,4
U00197,C0019,S0019,2026-03-01,3,19,8,6
U00198,C0019,S0019,2026-04-01,10,80,48,9
U00199,C0019,S0019,2026-05-01,6,42,8,12
U00200,C0019,S0019,2026-06-01,3,14,5,2
U00201,C0019,S0019,2026-07-01,11,56,41,7
U00202,C0020,S0020,2026-04-01,5,26,17,7
U00203,C0020,S0020,2026-05-01,11,71,19,16
U00204,C0020,S0020,2026-06-01,5,35,23,9
U00205,C0020,S0020,2026-07-01,4,22,7,1
U00206,C0021,S0021,2025-02-01,22,97,105,39
U00207,C0021,S0021,2025-03-01,23,63,50,20
U00208,C0021,S0021,2025-04-01,20,101,44,20
U00209,C0021,S0021,2025-05-01,14,57,31,9
U00210,C0021,S0021,2025-06-01,29,143,83,20
U00211,C0021,S0021,2025-07-01,19,42,25,8
U00212,C0021,S0021,2025-08-01,16,91,27,10
U00213,C0021,S0021,2025-09-01,28,62,98,36
U00214,C0022,S0022,2026-04-01,8,65,19,5
U00215,C0022,S0022,2026-05-01,3,30,12,1
U00216,C0022,S0022,2026-06-01,3,24,12,5
U00217,C0022,S0022,2026-07-01,9,24,30,16
U00218,C0023,S0023,2026-04-01,8,57,10,10
U00219,C0023,S0023,2026-05-01,32,203,139,50
U00220,C0023,S0023,2026-06-01,14,46,49,5
U00221,C0023,S0023,2026-07-01,11,82,22,12
U00222,C0024,S0024,2026-04-01,1,7,3,1
U00223,C0024,S0024,2026-05-01,3,7,15,2
U00224,C0024,S0024,2026-06-01,3,27,15,5
U00225,C0024,S0024,2026-07-01,2,5,7,1
U00226,C0025,S0025,2025-10-01,3,20,14,4
U00227,C0025,S0025,2025-11-01,3,13,8,5
U00228,C0025,S0025,2025-12-01,10,34,44,13
U00229,C0025,S0025,2026-01-01,4,26,20,6
U00230,C0025,S0025,2026-02-01,5,46,9,2
U00231,C0025,S0025,2026-03-01,11,36,42,8
U00232,C0025,S0025,2026-04-01,6,41,14,10
U00233,C0025,S0025,2026-05-01,9,46,10,11
U00234,C0025,S0025,2026-06-01,3,7,14,1
U00235,C0025,S0025,2026-07-01,8,54,14,10
U00236,C0026,S0026,2026-06-01,9,19,13,9
U00237,C0026,S0026,2026-07-01,9,27,39,4
U00238,C0027,S0027,2025-10-01,7,29,22,2
U00239,C0027,S0027,2025-11-01,3,12,6,1
U00240,C0027,S0027,2025-12-01,6,56,24,12
U00241,C0027,S0027,2026-01-01,7,26,26,14
U00242,C0027,S0027,2026-02-01,7,62,19,10
U00243,C0027,S0027,2026-03-01,5,28,25,9
U00244,C0027,S0027,2026-04-01,2,4,6,1
U00245,C0027,S0027,2026-05-01,9,87,9,2
U00246,C0028,S0028,2025-09-01,9,32,17,3
U00247,C0028,S0028,2025-10-01,3,20,4,4
U00248,C0028,S0028,2025-11-01,3,9,13,2
U00249,C0028,S0028,2025-12-01,5,44,11,10
U00250,C0028,S0028,2026-01-01,7,17,32,7
U00251,C0028,S0028,2026-02-01,5,28,10,7
U00252,C0028,S0028,2026-03-01,3,19,7,4
U00253,C0028,S0028,2026-04-01,7,70,35,5
U00254,C0028,S0028,2026-05-01,5,26,14,9
U00255,C0028,S0028,2026-06-01,11,29,47,19
U00256,C0028,S0028,2026-07-01,9,69,38,15
U00257,C0029,S0029,2025-03-01,8,40,19,7
U00258,C0029,S0029,2025-04-01,11,71,12,6
U00259,C0029,S0029,2025-05-01,7,64,14,5
U00260,C0029,S0029,2025-06-01,5,43,18,6
U00261,C0029,S0029,2025-07-01,5,46,16,3
U00262,C0029,S0029,2025-08-01,4,30,18,8
U00263,C0029,S0029,2025-09-01,9,55,18,11
U00264,C0029,S0029,2025-10-01,9,61,33,7
U00265,C0029,S0029,2025-11-01,8,49,12,9
U00266,C0029,S0029,2025-12-01,8,56,13,5
U00267,C0029,S0029,2026-01-01,8,44,13,14
U00268,C0029,S0029,2026-02-01,3,14,9,4
U00269,C0029,S0029,2026-03-01,3,29,3,5
U00270,C0029,S0029,2026-04-01,4,33,8,4
U00271,C0029,S0029,2026-05-01,3,15,13,3
U00272,C0029,S0029,2026-06-01,9,29,30,5
U00273,C0029,S0029,2026-07-01,6,50,15,2
U00274,C0030,S0030,2025-10-01,72,443,184,96
U00275,C0030,S0030,2025-11-01,25,208,75,38
U00276,C0030,S0030,2025-12-01,0,0,0,0
U00277,C0030,S0030,2026-01-01,45,106,127,83
U00278,C0030,S0030,2026-02-01,88,344,304,25
U00279,C0030,S0030,2026-03-01,80,521,342,73
U00280,C0030,S0030,2026-04-01,36,245,83,47
U00281,C0030,S0030,2026-05-01,56,153,218,30
U00282,C0030,S0030,2026-06-01,74,244,171,88
U00283,C0030,S0030,2026-07-01,43,92,107,83
U00284,C0031,S0031,2025-04-01,6,39,14,1
U00285,C0031,S0031,2025-05-01,10,33,13,9
U00286,C0031,S0031,2025-06-01,5,26,12,10
U00287,C0031,S0031,2025-07-01,9,25,40,8
U00288,C0031,S0031,2025-08-01,11,32,47,12
U00289,C0031,S0031,2025-09-01,4,20,9,6
U00290,C0031,S0031,2025-10-01,8,73,34,2
U00291,C0031,S0031,2025-11-01,6,50,7,2
U00292,C0031,S0031,2025-12-01,11,93,16,5
U00293,C0031,S0031,2026-01-01,7,18,21,10
U00294,C0031,S0031,2026-02-01,6,30,26,12
U00295,C0031,S0031,2026-03-01,11,50,23,8
U00296,C0031,S0031,2026-04-01,4,20,19,5
U00297,C0031,S0031,2026-05-01,10,96,27,3
U00298,C0031,S0031,2026-06-01,8,33,20,4
U00299,C0031,S0031,2026-07-01,11,54,16,4
U00300,C0032,S0032,2025-08-01,3,9,4,3
U00301,C0032,S0032,2025-09-01,9,44,16,11
U00302,C0032,S0032,2025-10-01,5,19,11,5
U00303,C0032,S0032,2025-11-01,11,30,35,22
U00304,C0032,S0032,2025-12-01,8,64,28,7
U00305,C0032,S0032,2026-01-01,10,78,21,4
U00306,C0032,S0032,2026-02-01,3,28,10,2
U00307,C0032,S0032,2026-03-01,11,65,32,12
U00308,C0032,S0032,2026-04-01,10,79,33,10
U00309,C0032,S0032,2026-05-01,4,32,5,4
U00310,C0032,S0032,2026-06-01,7,16,9,10
U00311,C0032,S0032,2026-07-01,7,61,11,13
U00312,C0033,S0033,2025-09-01,9,24,28,6
U00313,C0033,S0033,2025-10-01,3,10,11,4
U00314,C0033,S0033,2025-11-01,5,32,5,2
U00315,C0033,S0033,2025-12-01,6,57,19,3
U00316,C0033,S0033,2026-01-01,10,36,25,2
U00317,C0033,S0033,2026-02-01,6,54,28,10
U00318,C0033,S0033,2026-03-01,8,25,13,15
U00319,C0033,S0033,2026-04-01,11,52,42,8
U00320,C0033,S0033,2026-05-01,9,80,30,13
U00321,C0033,S0033,2026-06-01,9,31,39,4
U00322,C0033,S0033,2026-07-01,10,87,30,18
U00323,C0034,S0034,2025-12-01,7,18,13,4
U00324,C0034,S0034,2026-01-01,5,41,22,3
U00325,C0034,S0034,2026-02-01,9,21,13,2
U00326,C0034,S0034,2026-03-01,3,16,13,5
U00327,C0034,S0034,2026-04-01,0,0,0,0
U00328,C0034,S0034,2026-05-01,3,11,6,3
U00329,C0034,S0034,2026-06-01,3,21,9,1
U00330,C0034,S0034,2026-07-01,7,43,20,12
U00331,C0035,S0035,2025-03-01,10,21,21,20
U00332,C0035,S0035,2025-04-01,10,49,34,6
U00333,C0035,S0035,2025-05-01,4,32,7,3
U00334,C0035,S0035,2025-06-01,9,65,16,15
U00335,C0035,S0035,2025-07-01,10,81,36,12
U00336,C0035,S0035,2025-08-01,7,22,28,3
U00337,C0035,S0035,2025-09-01,9,83,37,17
U00338,C0035,S0035,2025-10-01,4,25,16,5
U00339,C0035,S0035,2025-11-01,4,34,13,7
U00340,C0035,S0035,2025-12-01,5,42,5,8
U00341,C0036,S0036,2026-05-01,30,76,129,37
U00342,C0036,S0036,2026-06-01,0,0,0,0
U00343,C0036,S0036,2026-07-01,17,94,42,24
U00344,C0037,S0037,2025-06-01,6,47,8,3
U00345,C0037,S0037,2025-07-01,6,15,29,7
U00346,C0037,S0037,2025-08-01,7,27,28,7
U00347,C0037,S0037,2025-09-01,10,41,28,4
U00348,C0037,S0037,2025-10-01,11,110,43,18
U00349,C0037,S0037,2025-11-01,6,47,13,7
U00350,C0037,S0037,2025-12-01,6,49,13,5
U00351,C0037,S0037,2026-01-01,4,29,13,6
U00352,C0037,S0037,2026-02-01,9,55,35,8
U00353,C0037,S0037,2026-03-01,11,109,53,20
U00354,C0037,S0037,2026-04-01,10,63,49,3
U00355,C0037,S0037,2026-05-01,4,29,6,5
U00356,C0037,S0037,2026-06-01,4,24,16,1
U00357,C0037,S0037,2026-07-01,10,40,33,10
U00358,C0038,S0038,2025-09-01,0,0,0,0
U00359,C0038,S0038,2025-10-01,36,143,168,20
U00360,C0038,S0038,2025-11-01,27,189,52,39
U00361,C0038,S0038,2025-12-01,74,232,138,39
U00362,C0038,S0038,2026-01-01,63,280,195,22
U00363,C0038,S0038,2026-02-01,82,377,155,159
U00364,C0038,S0038,2026-03-01,23,155,68,21
U00365,C0038,S0038,2026-04-01,82,455,178,138
U00366,C0038,S0038,2026-05-01,35,283,135,45
U00367,C0038,S0038,2026-06-01,43,179,164,86
U00368,C0038,S0038,2026-07-01,20,117,79,21
U00369,C0039,S0039,2026-05-01,5,28,6,8
U00370,C0039,S0039,2026-06-01,3,23,7,3
U00371,C0039,S0039,2026-07-01,5,44,8,8
U00372,C0040,S0040,2025-03-01,34,328,114,45
U00373,C0040,S0040,2025-04-01,50,240,172,62
U00374,C0040,S0040,2025-05-01,53,143,205,23
U00375,C0040,S0040,2025-06-01,45,248,199,38
U00376,C0040,S0040,2025-07-01,61,608,66,30
U00377,C0040,S0040,2025-08-01,34,207,143,44
U00378,C0040,S0040,2025-09-01,88,576,229,93
U00379,C0040,S0040,2025-10-01,43,206,212,11
U00380,C0040,S0040,2025-11-01,34,72,93,42
U00381,C0040,S0040,2025-12-01,32,148,73,49
U00382,C0040,S0040,2026-01-01,40,86,118,17
U00383,C0040,S0040,2026-02-01,47,259,228,50
U00384,C0040,S0040,2026-03-01,22,111,86,5
U00385,C0040,S0040,2026-04-01,53,228,127,72
U00386,C0040,S0040,2026-05-01,88,201,307,60
U00387,C0040,S0040,2026-06-01,33,158,138,26
U00388,C0040,S0040,2026-07-01,75,574,319,147
U00389,C0041,S0041,2025-05-01,1,6,5,2
U00390,C0041,S0041,2025-06-01,2,6,4,1
U00391,C0041,S0041,2025-07-01,2,5,8,2
U00392,C0041,S0041,2025-08-01,1,6,5,2
U00393,C0041,S0041,2025-09-01,2,18,5,0
U00394,C0041,S0041,2025-10-01,4,39,15,7
U00395,C0041,S0041,2025-11-01,2,13,8,3
U00396,C0041,S0041,2025-12-01,2,18,9,2
U00397,C0041,S0041,2026-01-01,5,41,6,10
U00398,C0041,S0041,2026-02-01,3,26,4,1
U00399,C0041,S0041,2026-03-01,2,5,9,3
U00400,C0041,S0041,2026-04-01,4,31,9,6
U00401,C0041,S0041,2026-05-01,3,21,12,2
U00402,C0041,S0041,2026-06-01,4,28,8,7
U00403,C0041,S0041,2026-07-01,3,19,8,5
U00404,C0042,S0042,2026-04-01,3,11,11,5
U00405,C0042,S0042,2026-05-01,7,40,13,7
U00406,C0042,S0042,2026-06-01,3,13,5,1
U00407,C0042,S0042,2026-07-01,9,18,43,18
U00408,C0043,S0043,2025-08-01,6,39,29,3
U00409,C0043,S0043,2025-09-01,4,38,9,5
U00410,C0043,S0043,2025-10-01,9,41,40,11
U00411,C0043,S0043,2025-11-01,3,27,7,4
U00412,C0043,S0043,2025-12-01,11,93,22,17
U00413,C0043,S0043,2026-01-01,7,24,24,8
U00414,C0043,S0043,2026-02-01,9,39,39,9
U00415,C0043,S0043,2026-03-01,3,23,5,2
U00416,C0043,S0043,2026-04-01,7,44,9,8
U00417,C0043,S0043,2026-05-01,4,32,9,3
U00418,C0043,S0043,2026-06-01,9,36,26,15
U00419,C0043,S0043,2026-07-01,4,30,4,2
U00420,C0044,S0044,2025-10-01,31,95,63,38
U00421,C0044,S0044,2025-11-01,24,102,49,9
U00422,C0044,S0044,2025-12-01,26,131,35,36
U00423,C0044,S0044,2026-01-01,17,124,37,32
U00424,C0044,S0044,2026-02-01,28,248,32,29
U00425,C0045,S0045,2025-07-01,10,81,48,18
U00426,C0045,S0045,2025-08-01,11,39,17,6
U00427,C0045,S0045,2025-09-01,3,15,13,4
U00428,C0045,S0045,2025-10-01,5,41,19,3
U00429,C0045,S0045,2025-11-01,6,60,17,9
U00430,C0045,S0045,2025-12-01,6,55,23,9
U00431,C0045,S0045,2026-01-01,5,17,23,1
U00432,C0045,S0045,2026-02-01,10,68,20,17
U00433,C0045,S0045,2026-03-01,9,20,20,18
U00434,C0045,S0045,2026-04-01,4,22,6,1
U00435,C0045,S0045,2026-05-01,7,48,17,8
U00436,C0045,S0045,2026-06-01,4,27,17,4
U00437,C0045,S0045,2026-07-01,9,71,19,15
U00438,C0046,S0046,2026-02-01,7,23,14,9
U00439,C0046,S0046,2026-03-01,9,46,10,12
U00440,C0046,S0046,2026-04-01,7,37,30,12
U00441,C0046,S0046,2026-05-01,4,24,19,7
U00442,C0046,S0046,2026-06-01,8,58,12,15
U00443,C0046,S0046,2026-07-01,3,27,14,2
U00444,C0047,S0047,2025-12-01,4,22,14,6
U00445,C0047,S0047,2026-01-01,8,66,11,4
U00446,C0047,S0047,2026-02-01,19,132,73,28
U00447,C0047,S0047,2026-03-01,33,76,142,18
U00448,C0047,S0047,2026-04-01,20,173,35,6
U00449,C0047,S0047,2026-05-01,12,43,51,9
U00450,C0047,S0047,2026-06-01,13,28,19,12
U00451,C0047,S0047,2026-07-01,32,89,83,18
U00452,C0048,S0048,2025-07-01,5,32,16,3
U00453,C0048,S0048,2025-08-01,5,19,11,9
U00454,C0048,S0048,2025-09-01,4,14,8,6
U00455,C0048,S0048,2025-10-01,0,0,0,0
U00456,C0048,S0048,2025-11-01,5,13,12,9
U00457,C0048,S0048,2025-12-01,10,69,19,20
U00458,C0048,S0048,2026-01-01,6,17,11,11
U00459,C0048,S0048,2026-02-01,4,29,18,1
U00460,C0048,S0048,2026-03-01,5,26,14,4
U00461,C0048,S0048,2026-04-01,10,44,48,3
U00462,C0048,S0048,2026-05-01,9,55,27,7
U00463,C0048,S0048,2026-06-01,11,42,48,15
U00464,C0048,S0048,2026-07-01,4,26,6,7
U00465,C0049,S0049,2025-02-01,32,142,124,31
U00466,C0049,S0049,2025-03-01,75,242,85,117
U00467,C0049,S0049,2025-04-01,30,212,102,41
U00468,C0049,S0049,2025-05-01,72,207,309,102
U00469,C0049,S0049,2025-06-01,29,267,69,42
U00470,C0049,S0049,2025-07-01,55,338,207,52
U00471,C0049,S0049,2025-08-01,31,285,86,49
U00472,C0049,S0049,2025-09-01,40,328,61,62
U00473,C0049,S0049,2025-10-01,23,225,28,44
U00474,C0049,S0049,2025-11-01,6,18,13,9
U00475,C0049,S0049,2025-12-01,20,155,54,21
U00476,C0049,S0049,2026-01-01,83,519,326,72
U00477,C0049,S0049,2026-02-01,83,535,121,26
U00478,C0049,S0049,2026-03-01,73,542,330,92
U00479,C0049,S0049,2026-04-01,52,344,80,42
U00480,C0049,S0049,2026-05-01,28,252,80,20
U00481,C0049,S0049,2026-06-01,50,401,134,17
U00482,C0049,S0049,2026-07-01,44,97,166,40
U00483,C0050,S0050,2026-06-01,13,112,25,5
U00484,C0050,S0050,2026-07-01,26,212,54,48
U00485,C0051,S0051,2025-09-01,10,71,45,3
U00486,C0051,S0051,2025-10-01,8,59,27,14
U00487,C0051,S0051,2025-11-01,11,67,25,17
U00488,C0051,S0051,2025-12-01,8,67,19,9
U00489,C0051,S0051,2026-01-01,8,69,24,6
U00490,C0051,S0051,2026-02-01,9,33,17,4
U00491,C0051,S0051,2026-03-01,5,37,15,5
U00492,C0051,S0051,2026-04-01,8,37,19,15
U00493,C0051,S0051,2026-05-01,4,35,8,3
U00494,C0051,S0051,2026-06-01,6,57,19,2
U00495,C0051,S0051,2026-07-01,9,47,27,5
U00496,C0052,S0052,2026-02-01,68,612,234,63
U00497,C0052,S0052,2026-03-01,0,0,0,0
U00498,C0052,S0052,2026-04-01,70,528,263,55
U00499,C0052,S0052,2026-05-01,65,153,234,94
U00500,C0052,S0052,2026-06-01,76,642,292,140
U00501,C0052,S0052,2026-07-01,37,126,169,66
U00502,C0053,S0053,2025-02-01,24,112,28,29
U00503,C0053,S0053,2025-03-01,12,115,41,21
U00504,C0053,S0053,2025-04-01,10,31,41,9
U00505,C0053,S0053,2025-05-01,32,302,80,61
U00506,C0053,S0053,2025-06-01,21,153,62,12
U00507,C0053,S0053,2025-07-01,17,40,78,14
U00508,C0053,S0053,2025-08-01,14,47,36,11
U00509,C0053,S0053,2025-09-01,21,192,54,25
U00510,C0053,S0053,2025-10-01,22,183,56,7
U00511,C0053,S0053,2025-11-01,21,53,88,18
U00512,C0053,S0053,2025-12-01,8,19,15,5
U00513,C0053,S0053,2026-01-01,14,102,35,19
U00514,C0053,S0053,2026-02-01,28,255,136,35
U00515,C0053,S0053,2026-03-01,0,0,0,0
U00516,C0053,S0053,2026-04-01,25,162,57,20
U00517,C0053,S0053,2026-05-01,19,64,64,31
U00518,C0053,S0053,2026-06-01,19,64,77,17
U00519,C0053,S0053,2026-07-01,35,83,43,46
U00520,C0054,S0054,2026-01-01,6,53,28,6
U00521,C0054,S0054,2026-02-01,5,32,8,7
U00522,C0054,S0054,2026-03-01,9,44,33,16
U00523,C0054,S0054,2026-04-01,9,19,27,5
U00524,C0054,S0054,2026-05-01,9,67,22,3
U00525,C0054,S0054,2026-06-01,9,74,31,8
U00526,C0054,S0054,2026-07-01,4,10,9,2
U00527,C0055,S0055,2025-02-01,7,42,9,14
U00528,C0055,S0055,2025-03-01,10,63,18,10
U00529,C0055,S0055,2025-04-01,7,40,19,9
U00530,C0055,S0055,2025-05-01,5,44,12,6
U00531,C0055,S0055,2025-06-01,4,10,16,2
U00532,C0055,S0055,2025-07-01,2,16,7,2
U00533,C0056,S0056,2025-03-01,10,38,19,13
U00534,C0056,S0056,2025-04-01,25,192,91,6
U00535,C0056,S0056,2025-05-01,24,51,111,36
U00536,C0056,S0056,2025-06-01,20,84,27,11
U00537,C0057,S0057,2026-03-01,22,149,79,38
U00538,C0057,S0057,2026-04-01,35,237,174,50
U00539,C0057,S0057,2026-05-01,35,313,110,37
U00540,C0057,S0057,2026-06-01,17,169,29,20
U00541,C0057,S0057,2026-07-01,14,44,17,7
U00542,C0058,S0058,2025-07-01,4,37,14,3
U00543,C0058,S0058,2025-08-01,4,34,5,5
U00544,C0058,S0058,2025-09-01,9,53,36,6
U00545,C0058,S0058,2025-10-01,9,47,29,7
U00546,C0058,S0058,2025-11-01,11,30,21,8
U00547,C0058,S0058,2025-12-01,6,29,18,8
U00548,C0058,S0058,2026-01-01,6,48,23,9
U00549,C0058,S0058,2026-02-01,9,89,44,17
U00550,C0058,S0058,2026-03-01,6,17,14,5
U00551,C0058,S0058,2026-04-01,3,30,5,2
U00552,C0058,S0058,2026-05-01,9,47,24,14
U00553,C0058,S0058,2026-06-01,8,56,35,13
U00554,C0058,S0058,2026-07-01,5,44,6,1
U00555,C0059,S0059,2025-03-01,21,145,104,19
U00556,C0059,S0059,2025-04-01,20,55,35,40
U00557,C0059,S0059,2025-05-01,33,103,107,56
U00558,C0059,S0059,2025-06-01,0,0,0,0
U00559,C0059,S0059,2025-07-01,17,147,37,33
U00560,C0059,S0059,2025-08-01,11,50,31,8
U00561,C0059,S0059,2025-09-01,18,148,89,17
U00562,C0059,S0059,2025-10-01,10,43,47,17
U00563,C0059,S0059,2025-11-01,21,169,94,23
U00564,C0059,S0059,2025-12-01,28,278,35,10
U00565,C0059,S0059,2026-01-01,27,93,92,44
U00566,C0059,S0059,2026-02-01,10,93,40,12
U00567,C0059,S0059,2026-03-01,20,144,84,15
U00568,C0059,S0059,2026-04-01,28,102,131,24
U00569,C0059,S0059,2026-05-01,16,149,67,18
U00570,C0059,S0059,2026-06-01,33,239,47,31
U00571,C0059,S0059,2026-07-01,15,93,66,26
U00572,C0060,S0060,2025-05-01,10,30,24,5
U00573,C0060,S0060,2025-06-01,35,234,120,36
U00574,C0060,S0060,2025-07-01,20,141,41,35
U00575,C0060,S0060,2025-08-01,15,113,52,8
U00576,C0060,S0060,2025-09-01,33,90,72,21
U00577,C0060,S0060,2025-10-01,17,123,48,22
U00578,C0060,S0060,2025-11-01,10,22,26,9
U00579,C0060,S0060,2025-12-01,0,0,0,0
U00580,C0060,S0060,2026-01-01,27,92,107,10
U00581,C0060,S0060,2026-02-01,15,112,42,29
U00582,C0060,S0060,2026-03-01,0,0,0,0
U00583,C0060,S0060,2026-04-01,31,235,66,50
U00584,C0060,S0060,2026-05-01,4,36,14,4
U00585,C0060,S0060,2026-06-01,15,99,34,6
U00586,C0060,S0060,2026-07-01,9,43,43,14
U00587,C0061,S0061,2026-04-01,2,15,5,2
U00588,C0061,S0061,2026-05-01,5,38,8,2
U00589,C0061,S0061,2026-06-01,4,38,5,7
U00590,C0061,S0061,2026-07-01,4,14,14,3
U00591,C0062,S0062,2026-05-01,34,163,86,58
U00592,C0062,S0062,2026-06-01,33,269,140,52
U00593,C0062,S0062,2026-07-01,22,203,100,41
U00594,C0063,S0063,2025-11-01,11,76,46,21
U00595,C0063,S0063,2025-12-01,4,8,17,2
U00596,C0063,S0063,2026-01-01,4,29,12,3
U00597,C0063,S0063,2026-02-01,7,48,10,12
U00598,C0063,S0063,2026-03-01,10,45,22,13
U00599,C0063,S0063,2026-04-01,7,42,27,11
U00600,C0063,S0063,2026-05-01,7,27,21,2
U00601,C0063,S0063,2026-06-01,4,25,18,5
U00602,C0063,S0063,2026-07-01,11,106,21,16
U00603,C0064,S0064,2026-04-01,19,140,65,36
U00604,C0064,S0064,2026-05-01,11,43,49,9
U00605,C0064,S0064,2026-06-01,26,151,125,11
U00606,C0064,S0064,2026-07-01,33,118,87,31
U00607,C0065,S0065,2025-05-01,39,136,160,71
U00608,C0065,S0065,2025-06-01,60,385,71,45
U00609,C0065,S0065,2025-07-01,49,217,96,52
U00610,C0065,S0065,2025-08-01,0,0,0,0
U00611,C0065,S0065,2025-09-01,32,257,141,31
U00612,C0065,S0065,2025-10-01,3,22,13,6
U00613,C0065,S0065,2025-11-01,0,0,0,0
U00614,C0065,S0065,2025-12-01,56,397,258,100
U00615,C0065,S0065,2026-01-01,39,258,64,73
U00616,C0065,S0065,2026-02-01,32,305,129,21
U00617,C0065,S0065,2026-03-01,22,160,56,43
U00618,C0065,S0065,2026-04-01,43,401,59,9
U00619,C0065,S0065,2026-05-01,23,206,57,26
U00620,C0065,S0065,2026-06-01,22,80,54,6
U00621,C0065,S0065,2026-07-01,30,106,80,7
U00622,C0066,S0066,2025-09-01,5,15,19,3
U00623,C0066,S0066,2025-10-01,7,45,11,13
U00624,C0066,S0066,2025-11-01,3,11,11,6
U00625,C0066,S0066,2025-12-01,8,52,19,15
U00626,C0066,S0066,2026-01-01,11,46,55,7
U00627,C0066,S0066,2026-02-01,5,31,7,5
U00628,C0066,S0066,2026-03-01,7,59,31,6
U00629,C0066,S0066,2026-04-01,10,61,41,16
U00630,C0066,S0066,2026-05-01,7,40,13,8
U00631,C0066,S0066,2026-06-01,8,32,11,9
U00632,C0066,S0066,2026-07-01,0,0,0,0
U00633,C0067,S0067,2025-08-01,4,33,5,4
U00634,C0067,S0067,2025-09-01,3,30,13,5
U00635,C0067,S0067,2025-10-01,5,22,22,7
U00636,C0067,S0067,2025-11-01,1,6,3,1
U00637,C0067,S0067,2025-12-01,3,6,8,5
U00638,C0067,S0067,2026-01-01,2,12,5,0
U00639,C0067,S0067,2026-02-01,4,19,9,2
U00640,C0067,S0067,2026-03-01,4,18,6,1
U00641,C0067,S0067,2026-04-01,3,16,11,2
U00642,C0067,S0067,2026-05-01,1,2,5,1
U00643,C0067,S0067,2026-06-01,3,23,14,3
U00644,C0067,S0067,2026-07-01,4,12,14,4
U00645,C0068,S0068,2025-06-01,10,47,43,20
U00646,C0068,S0068,2025-07-01,3,26,4,3
U00647,C0068,S0068,2025-08-01,9,28,27,8
U00648,C0068,S0068,2025-09-01,10,63,32,3
U00649,C0068,S0068,2025-10-01,7,60,10,8
U00650,C0068,S0068,2025-11-01,5,49,9,9
U00651,C0068,S0068,2025-12-01,6,12,25,10
U00652,C0068,S0068,2026-01-01,7,56,22,6
U00653,C0068,S0068,2026-02-01,11,91,29,17
U00654,C0068,S0068,2026-03-01,7,55,28,9
U00655,C0068,S0068,2026-04-01,8,50,35,8
U00656,C0068,S0068,2026-05-01,0,0,0,0
U00657,C0068,S0068,2026-06-01,7,53,14,10
U00658,C0068,S0068,2026-07-01,6,42,9,9
U00659,C0069,S0069,2025-10-01,78,716,387,113
U00660,C0069,S0069,2025-11-01,51,345,57,98
U00661,C0069,S0069,2025-12-01,83,424,237,54
U00662,C0069,S0069,2026-01-01,20,45,30,11
U00663,C0069,S0069,2026-02-01,63,491,165,23
U00664,C0069,S0069,2026-03-01,33,84,79,15
U00665,C0069,S0069,2026-04-01,19,150,73,25
U00666,C0069,S0069,2026-05-01,31,223,81,12
U00667,C0069,S0069,2026-06-01,26,202,117,23
U00668,C0069,S0069,2026-07-01,1,7,2,0
U00669,C0070,S0070,2025-06-01,35,169,115,34
U00670,C0070,S0070,2025-07-01,15,33,72,28
U00671,C0070,S0070,2025-08-01,30,246,84,20
U00672,C0070,S0070,2025-09-01,3,19,11,3
U00673,C0070,S0070,2025-10-01,10,46,21,8
U00674,C0070,S0070,2025-11-01,10,46,48,3
U00675,C0070,S0070,2025-12-01,13,108,41,14
U00676,C0070,S0070,2026-01-01,32,163,156,37
U00677,C0070,S0070,2026-02-01,19,154,20,28
U00678,C0070,S0070,2026-03-01,26,168,36,33
U00679,C0070,S0070,2026-04-01,17,164,19,4
U00680,C0070,S0070,2026-05-01,19,171,29,17
U00681,C0070,S0070,2026-06-01,8,62,29,12
U00682,C0070,S0070,2026-07-01,29,152,49,34
U00683,C0071,S0071,2025-04-01,7,34,32,3
U00684,C0071,S0071,2025-05-01,3,7,5,6
U00685,C0071,S0071,2025-06-01,10,69,17,14
U00686,C0071,S0071,2025-07-01,6,16,25,2
U00687,C0071,S0071,2025-08-01,4,38,8,1
U00688,C0071,S0071,2025-09-01,9,19,28,17
U00689,C0071,S0071,2025-10-01,11,62,16,16
U00690,C0071,S0071,2025-11-01,4,38,9,6
U00691,C0071,S0071,2025-12-01,7,40,24,4
U00692,C0071,S0071,2026-01-01,4,13,9,4
U00693,C0071,S0071,2026-02-01,11,37,55,10
U00694,C0071,S0071,2026-03-01,9,77,30,10
U00695,C0071,S0071,2026-04-01,3,25,5,2
U00696,C0071,S0071,2026-05-01,4,33,10,3
U00697,C0071,S0071,2026-06-01,9,28,20,3
U00698,C0071,S0071,2026-07-01,8,30,29,15
U00699,C0072,S0072,2026-03-01,29,194,60,54
U00700,C0072,S0072,2026-04-01,19,147,71,27
U00701,C0072,S0072,2026-05-01,17,115,58,27
U00702,C0072,S0072,2026-06-01,20,195,26,29
U00703,C0072,S0072,2026-07-01,24,180,30,5
U00704,C0073,S0073,2026-05-01,2,8,8,4
U00705,C0073,S0073,2026-06-01,4,23,5,7
U00706,C0073,S0073,2026-07-01,3,25,6,2
U00707,C0074,S0074,2025-01-01,4,11,11,7
U00708,C0074,S0074,2025-02-01,8,39,39,11
U00709,C0074,S0074,2025-03-01,10,97,46,14
U00710,C0074,S0074,2025-04-01,11,108,35,5
U00711,C0074,S0074,2025-05-01,10,75,30,2
U00712,C0074,S0074,2025-06-01,4,22,6,7
U00713,C0074,S0074,2025-07-01,3,23,7,3
U00714,C0074,S0074,2025-08-01,6,31,27,12
U00715,C0074,S0074,2025-09-01,6,34,9,11
U00716,C0074,S0074,2025-10-01,5,21,14,7
U00717,C0074,S0074,2025-11-01,4,24,7,4
U00718,C0074,S0074,2025-12-01,10,93,22,10
U00719,C0074,S0074,2026-01-01,10,22,39,8
U00720,C0074,S0074,2026-02-01,6,53,7,12
U00721,C0074,S0074,2026-03-01,11,35,14,16
U00722,C0074,S0074,2026-04-01,10,47,25,2
U00723,C0074,S0074,2026-05-01,6,33,24,3
U00724,C0074,S0074,2026-06-01,6,42,7,2
U00725,C0074,S0074,2026-07-01,8,31,9,15
U00726,C0075,S0075,2026-03-01,32,265,146,8
U00727,C0075,S0075,2026-04-01,12,58,53,5
U00728,C0075,S0075,2026-05-01,28,157,117,30
U00729,C0075,S0075,2026-06-01,11,60,30,19
U00730,C0075,S0075,2026-07-01,27,138,54,35
U00731,C0076,S0076,2025-10-01,35,313,152,43
U00732,C0076,S0076,2025-11-01,20,136,44,11
U00733,C0076,S0076,2025-12-01,27,229,129,48
U00734,C0076,S0076,2026-01-01,24,70,37,10
U00735,C0076,S0076,2026-02-01,11,98,30,3
U00736,C0076,S0076,2026-03-01,13,41,28,5
U00737,C0076,S0076,2026-04-01,23,154,88,39
U00738,C0076,S0076,2026-05-01,4,15,14,8
U00739,C0076,S0076,2026-06-01,17,95,22,33
U00740,C0076,S0076,2026-07-01,24,234,106,44
U00741,C0077,S0077,2025-05-01,78,667,182,31
U00742,C0077,S0077,2025-06-01,78,382,381,124
U00743,C0077,S0077,2025-07-01,42,113,151,59
U00744,C0077,S0077,2025-08-01,26,246,82,42
U00745,C0077,S0077,2025-09-01,20,170,58,11
U00746,C0077,S0077,2025-10-01,67,455,142,54
U00747,C0077,S0077,2025-11-01,75,273,127,126
U00748,C0077,S0077,2025-12-01,57,204,113,94
U00749,C0077,S0077,2026-01-01,36,148,94,59
U00750,C0077,S0077,2026-02-01,87,578,104,24
U00751,C0077,S0077,2026-03-01,59,399,75,55
U00752,C0077,S0077,2026-04-01,13,82,30,8
U00753,C0077,S0077,2026-05-01,53,258,240,93
U00754,C0077,S0077,2026-06-01,84,738,284,53
U00755,C0077,S0077,2026-07-01,72,626,83,120
U00756,C0078,S0078,2025-06-01,11,38,51,8
U00757,C0078,S0078,2025-07-01,4,21,6,3
U00758,C0078,S0078,2025-08-01,10,22,19,3
U00759,C0078,S0078,2025-09-01,5,29,5,8
U00760,C0078,S0078,2025-10-01,10,72,14,8
U00761,C0078,S0078,2025-11-01,3,25,14,4
U00762,C0078,S0078,2025-12-01,11,41,54,13
U00763,C0078,S0078,2026-01-01,3,27,11,1
U00764,C0078,S0078,2026-02-01,8,46,28,9
U00765,C0079,S0079,2025-06-01,84,170,231,125
U00766,C0079,S0079,2025-07-01,50,464,214,39
U00767,C0079,S0079,2025-08-01,73,527,197,101
U00768,C0079,S0079,2025-09-01,33,265,72,19
U00769,C0079,S0079,2025-10-01,82,523,289,18
U00770,C0079,S0079,2025-11-01,69,342,173,121
U00771,C0079,S0079,2025-12-01,51,339,190,41
U00772,C0079,S0079,2026-01-01,25,74,37,10
U00773,C0079,S0079,2026-02-01,45,317,61,88
U00774,C0079,S0079,2026-03-01,86,255,323,171
U00775,C0079,S0079,2026-04-01,55,527,116,65
U00776,C0079,S0079,2026-05-01,87,455,412,104
U00777,C0079,S0079,2026-06-01,73,636,298,87
U00778,C0079,S0079,2026-07-01,69,139,208,108
U00779,C0080,S0080,2025-06-01,31,266,35,12
U00780,C0080,S0080,2025-07-01,14,33,21,14
U00781,C0080,S0080,2025-08-01,11,75,15,14
U00782,C0080,S0080,2025-09-01,25,73,38,17
U00783,C0080,S0080,2025-10-01,26,64,91,17
U00784,C0080,S0080,2025-11-01,26,97,81,38
U00785,C0080,S0080,2025-12-01,26,221,26,39
U00786,C0080,S0080,2026-01-01,25,129,113,16
U00787,C0080,S0080,2026-02-01,13,82,55,8
U00788,C0080,S0080,2026-03-01,17,35,65,23
U00789,C0080,S0080,2026-04-01,29,62,123,18
U00790,C0080,S0080,2026-05-01,28,232,93,37
U00791,C0080,S0080,2026-06-01,13,54,22,15
U00792,C0080,S0080,2026-07-01,19,83,41,17
U00793,C0081,S0081,2026-05-01,3,8,10,2
U00794,C0081,S0081,2026-06-01,10,31,38,3
U00795,C0081,S0081,2026-07-01,6,22,11,7
U00796,C0082,S0082,2025-11-01,11,29,49,16
U00797,C0082,S0082,2025-12-01,10,31,23,10
U00798,C0082,S0082,2026-01-01,9,49,14,11
U00799,C0082,S0082,2026-02-01,7,70,17,12
U00800,C0082,S0082,2026-03-01,10,46,37,16
U00801,C0082,S0082,2026-04-01,10,57,42,6
U00802,C0082,S0082,2026-05-01,11,97,34,11
U00803,C0082,S0082,2026-06-01,9,90,18,6
U00804,C0082,S0082,2026-07-01,6,48,16,8
U00805,C0083,S0083,2025-10-01,27,91,116,39
U00806,C0083,S0083,2025-11-01,17,144,75,4
U00807,C0083,S0083,2025-12-01,31,104,53,27
U00808,C0083,S0083,2026-01-01,11,31,22,8
U00809,C0083,S0083,2026-02-01,30,116,139,46
U00810,C0083,S0083,2026-03-01,21,44,79,19
U00811,C0083,S0083,2026-04-01,30,262,144,27
U00812,C0083,S0083,2026-05-01,23,152,59,6
U00813,C0083,S0083,2026-06-01,28,109,134,45
U00814,C0083,S0083,2026-07-01,29,95,142,50
U00815,C0084,S0084,2026-05-01,87,441,178,85
U00816,C0084,S0084,2026-06-01,0,0,0,0
U00817,C0084,S0084,2026-07-01,62,359,183,18
U00818,C0085,S0085,2026-05-01,9,75,35,10
U00819,C0085,S0085,2026-06-01,4,15,7,4
U00820,C0085,S0085,2026-07-01,5,22,14,1
U00821,C0086,S0086,2025-02-01,12,98,29,11
U00822,C0086,S0086,2025-03-01,10,54,41,14
U00823,C0086,S0086,2025-04-01,8,73,35,3
U00824,C0086,S0086,2025-05-01,28,176,118,56
U00825,C0086,S0086,2025-06-01,32,278,92,13
U00826,C0086,S0086,2025-07-01,16,35,40,22
U00827,C0086,S0086,2025-08-01,25,219,125,32
U00828,C0086,S0086,2025-09-01,20,151,89,37
U00829,C0086,S0086,2025-10-01,10,32,21,7
U00830,C0086,S0086,2025-11-01,12,64,32,15
U00831,C0086,S0086,2025-12-01,21,111,32,16
U00832,C0086,S0086,2026-01-01,12,110,27,18
U00833,C0086,S0086,2026-02-01,18,126,81,25
U00834,C0086,S0086,2026-03-01,14,48,44,21
U00835,C0086,S0086,2026-04-01,18,44,55,7
U00836,C0086,S0086,2026-05-01,14,123,49,18
U00837,C0086,S0086,2026-06-01,19,138,25,14
U00838,C0086,S0086,2026-07-01,22,65,62,36
U00839,C0087,S0087,2025-11-01,5,39,8,2
U00840,C0087,S0087,2025-12-01,6,40,28,3
U00841,C0087,S0087,2026-01-01,4,13,16,7
U00842,C0087,S0087,2026-02-01,9,49,11,8
U00843,C0087,S0087,2026-03-01,5,16,14,8
U00844,C0087,S0087,2026-04-01,9,22,9,3
U00845,C0087,S0087,2026-05-01,10,84,12,7
U00846,C0087,S0087,2026-06-01,7,15,16,11
U00847,C0087,S0087,2026-07-01,10,30,24,7
U00848,C0088,S0088,2025-05-01,3,28,5,5
U00849,C0088,S0088,2025-06-01,8,47,10,16
U00850,C0088,S0088,2025-07-01,4,32,7,1
U00851,C0088,S0088,2025-08-01,9,48,12,12
U00852,C0088,S0088,2025-09-01,10,42,25,3
U00853,C0088,S0088,2025-10-01,6,54,7,10
U00854,C0088,S0088,2025-11-01,11,63,31,17
U00855,C0088,S0088,2025-12-01,5,34,18,3
U00856,C0088,S0088,2026-01-01,10,83,31,10
U00857,C0088,S0088,2026-02-01,5,24,21,4
U00858,C0088,S0088,2026-03-01,4,11,20,6
U00859,C0088,S0088,2026-04-01,8,21,39,8
U00860,C0088,S0088,2026-05-01,10,27,20,12
U00861,C0088,S0088,2026-06-01,11,100,22,11
U00862,C0088,S0088,2026-07-01,1,4,2,0
U00863,C0089,S0089,2026-05-01,3,30,4,3
U00864,C0089,S0089,2026-06-01,5,21,25,4
U00865,C0089,S0089,2026-07-01,3,19,4,6
U00866,C0090,S0090,2025-08-01,5,40,16,3
U00867,C0090,S0090,2025-09-01,2,19,2,1
U00868,C0090,S0090,2025-10-01,2,10,9,3
U00869,C0090,S0090,2025-11-01,3,24,7,3
U00870,C0090,S0090,2025-12-01,3,28,7,1
U00871,C0090,S0090,2026-01-01,4,29,4,7
U00872,C0090,S0090,2026-02-01,3,21,12,1
U00873,C0090,S0090,2026-03-01,2,12,4,4
U00874,C0090,S0090,2026-04-01,4,21,19,7
U00875,C0090,S0090,2026-05-01,5,47,10,9
U00876,C0090,S0090,2026-06-01,3,13,11,2
U00877,C0090,S0090,2026-07-01,1,9,5,1
U00878,C0091,S0091,2025-05-01,4,27,8,3
U00879,C0091,S0091,2025-06-01,3,16,12,5
U00880,C0091,S0091,2025-07-01,9,18,38,9
U00881,C0091,S0091,2025-08-01,5,19,6,10
U00882,C0091,S0091,2025-09-01,4,35,18,2
U00883,C0091,S0091,2025-10-01,10,56,15,14
U00884,C0091,S0091,2025-11-01,10,32,46,2
U00885,C0091,S0091,2025-12-01,9,89,43,3
U00886,C0091,S0091,2026-01-01,11,72,15,8
U00887,C0091,S0091,2026-02-01,5,41,8,10
U00888,C0091,S0091,2026-03-01,7,55,30,12
U00889,C0091,S0091,2026-04-01,6,42,28,3
U00890,C0091,S0091,2026-05-01,4,8,14,5
U00891,C0091,S0091,2026-06-01,8,48,17,9
U00892,C0091,S0091,2026-07-01,10,65,22,3
U00893,C0092,S0092,2026-05-01,28,98,110,23
U00894,C0092,S0092,2026-06-01,25,218,113,21
U00895,C0092,S0092,2026-07-01,12,61,20,13
U00896,C0093,S0093,2025-06-01,22,220,66,18
U00897,C0093,S0093,2025-07-01,0,0,0,0
U00898,C0093,S0093,2025-08-01,27,232,51,43
U00899,C0093,S0093,2025-09-01,14,99,18,12
U00900,C0093,S0093,2025-10-01,0,0,0,0
U00901,C0093,S0093,2025-11-01,10,69,42,4
U00902,C0093,S0093,2025-12-01,13,38,15,14
U00903,C0093,S0093,2026-01-01,34,99,118,12
U00904,C0093,S0093,2026-02-01,32,140,52,59
U00905,C0093,S0093,2026-03-01,28,238,100,43
U00906,C0093,S0093,2026-04-01,0,0,0,0
U00907,C0093,S0093,2026-05-01,9,69,27,13
U00908,C0093,S0093,2026-06-01,14,91,60,12
U00909,C0093,S0093,2026-07-01,26,66,57,36
U00910,C0094,S0094,2025-02-01,73,444,141,140
U00911,C0094,S0094,2025-03-01,74,715,352,101
U00912,C0094,S0094,2025-04-01,53,231,185,70
U00913,C0094,S0094,2025-05-01,26,102,72,47
U00914,C0094,S0094,2025-06-01,34,216,41,18
U00915,C0094,S0094,2025-07-01,82,490,337,98
U00916,C0094,S0094,2025-08-01,83,297,299,135
U00917,C0094,S0094,2025-09-01,0,0,0,0
U00918,C0094,S0094,2025-10-01,38,233,40,35
U00919,C0094,S0094,2025-11-01,62,510,291,66
U00920,C0094,S0094,2025-12-01,81,372,235,72
U00921,C0094,S0094,2026-01-01,82,345,156,91
U00922,C0094,S0094,2026-02-01,64,507,201,107
U00923,C0094,S0094,2026-03-01,23,59,56,41
U00924,C0094,S0094,2026-04-01,26,247,26,9
U00925,C0094,S0094,2026-05-01,55,474,164,49
U00926,C0094,S0094,2026-06-01,37,349,95,55
U00927,C0094,S0094,2026-07-01,69,613,281,23
U00928,C0095,S0095,2025-06-01,3,16,10,5
U00929,C0095,S0095,2025-07-01,9,71,24,13
U00930,C0095,S0095,2025-08-01,6,41,25,2
U00931,C0095,S0095,2025-09-01,6,60,23,4
U00932,C0095,S0095,2025-10-01,3,20,9,6
U00933,C0095,S0095,2025-11-01,10,83,42,8
U00934,C0095,S0095,2025-12-01,6,54,9,3
U00935,C0095,S0095,2026-01-01,7,29,30,4
U00936,C0095,S0095,2026-02-01,3,29,13,3
U00937,C0095,S0095,2026-03-01,11,55,17,18
U00938,C0095,S0095,2026-04-01,1,9,4,1
U00939,C0095,S0095,2026-05-01,8,38,22,11
U00940,C0096,S0096,2026-01-01,17,130,51,14
U00941,C0096,S0096,2026-02-01,8,69,26,14
U00942,C0096,S0096,2026-03-01,1,10,5,1
U00943,C0096,S0096,2026-04-01,27,64,111,21
U00944,C0096,S0096,2026-05-01,16,125,53,14
U00945,C0096,S0096,2026-06-01,2,9,9,3
U00946,C0096,S0096,2026-07-01,11,45,32,10
U00947,C0097,S0097,2025-05-01,2,13,4,1
U00948,C0097,S0097,2025-06-01,3,22,9,6
U00949,C0097,S0097,2025-07-01,0,0,0,0
U00950,C0097,S0097,2025-08-01,3,12,7,1
U00951,C0097,S0097,2025-09-01,3,9,10,1
U00952,C0097,S0097,2025-10-01,1,8,4,2
U00953,C0097,S0097,2025-11-01,2,15,5,1
U00954,C0097,S0097,2025-12-01,4,31,18,7
U00955,C0097,S0097,2026-01-01,3,7,14,6
U00956,C0097,S0097,2026-02-01,1,6,1,1
U00957,C0097,S0097,2026-03-01,2,13,8,1
U00958,C0097,S0097,2026-04-01,2,16,6,3
U00959,C0097,S0097,2026-05-01,3,12,13,5
U00960,C0097,S0097,2026-06-01,0,0,0,0
U00961,C0097,S0097,2026-07-01,3,7,6,6
U00962,C0098,S0098,2025-05-01,11,36,18,3
U00963,C0098,S0098,2025-06-01,15,112,60,23
U00964,C0098,S0098,2025-07-01,26,126,45,42
U00965,C0098,S0098,2025-08-01,30,136,80,21
U00966,C0098,S0098,2025-09-01,32,185,145,23
U00967,C0098,S0098,2025-10-01,28,154,81,9
U00968,C0098,S0098,2025-11-01,28,96,36,20
U00969,C0098,S0098,2025-12-01,20,69,34,25
U00970,C0098,S0098,2026-01-01,35,233,128,47
U00971,C0098,S0098,2026-02-01,14,32,52,22
U00972,C0098,S0098,2026-03-01,25,60,78,18
U00973,C0098,S0098,2026-04-01,12,85,25,6
U00974,C0098,S0098,2026-05-01,29,237,80,9
U00975,C0098,S0098,2026-06-01,33,209,128,61
U00976,C0098,S0098,2026-07-01,19,43,63,9
U00977,C0099,S0099,2025-05-01,2,10,7,1
U00978,C0099,S0099,2025-06-01,11,43,36,20
U00979,C0099,S0099,2025-07-01,9,52,22,7
U00980,C0099,S0099,2025-08-01,7,60,19,10
U00981,C0099,S0099,2025-09-01,6,40,30,5
U00982,C0099,S0099,2025-10-01,8,73,8,14
U00983,C0099,S0099,2025-11-01,4,21,17,5
U00984,C0099,S0099,2025-12-01,8,54,18,6
U00985,C0099,S0099,2026-01-01,3,7,3,4
U00986,C0100,S0100,2026-04-01,32,258,40,15
U00987,C0100,S0100,2026-05-01,47,111,209,61
U00988,C0100,S0100,2026-06-01,30,104,137,53
U00989,C0100,S0100,2026-07-01,52,110,65,11
U00990,C0101,S0101,2025-11-01,6,26,11,9
U00991,C0101,S0101,2025-12-01,0,0,0,0
U00992,C0101,S0101,2026-01-01,11,66,55,15
U00993,C0101,S0101,2026-02-01,9,28,36,10
U00994,C0101,S0101,2026-03-01,6,33,22,4
U00995,C0101,S0101,2026-04-01,0,0,0,0
U00996,C0101,S0101,2026-05-01,11,73,19,20
U00997,C0101,S0101,2026-06-01,3,23,11,6
U00998,C0101,S0101,2026-07-01,9,38,24,11
U00999,C0102,S0102,2025-02-01,56,539,164,69
U01000,C0102,S0102,2025-03-01,25,218,75,50
U01001,C0102,S0102,2025-04-01,23,212,52,18
U01002,C0102,S0102,2025-05-01,79,502,116,68
U01003,C0102,S0102,2025-06-01,81,344,88,63
U01004,C0102,S0102,2025-07-01,64,357,167,62
U01005,C0102,S0102,2025-08-01,84,772,260,148
U01006,C0102,S0102,2025-09-01,21,123,34,37
U01007,C0102,S0102,2025-10-01,0,0,0,0
U01008,C0102,S0102,2025-11-01,36,275,106,53
U01009,C0102,S0102,2025-12-01,0,0,0,0
U01010,C0102,S0102,2026-01-01,79,555,149,48
U01011,C0102,S0102,2026-02-01,30,272,146,52
U01012,C0102,S0102,2026-03-01,70,676,268,108
U01013,C0102,S0102,2026-04-01,55,223,77,29
U01014,C0102,S0102,2026-05-01,48,327,209,39
U01015,C0102,S0102,2026-06-01,23,92,40,34
U01016,C0102,S0102,2026-07-01,75,441,182,56
U01017,C0103,S0103,2025-10-01,35,343,58,29
U01018,C0103,S0103,2025-11-01,32,70,88,19
U01019,C0103,S0103,2025-12-01,24,234,69,15
U01020,C0103,S0103,2026-01-01,25,102,84,32
U01021,C0103,S0103,2026-02-01,33,298,90,57
U01022,C0103,S0103,2026-03-01,24,61,105,25
U01023,C0103,S0103,2026-04-01,20,186,62,16
U01024,C0103,S0103,2026-05-01,26,186,87,10
U01025,C0103,S0103,2026-06-01,30,203,82,33
U01026,C0103,S0103,2026-07-01,29,129,67,49
U01027,C0104,S0104,2026-05-01,3,26,5,6
U01028,C0104,S0104,2026-06-01,11,50,37,6
U01029,C0104,S0104,2026-07-01,5,44,12,8
U01030,C0105,S0105,2026-06-01,67,581,246,88
U01031,C0105,S0105,2026-07-01,84,350,333,157
U01032,C0106,S0106,2026-04-01,32,83,68,7
U01033,C0106,S0106,2026-05-01,17,160,36,8
U01034,C0106,S0106,2026-06-01,23,204,93,35
U01035,C0106,S0106,2026-07-01,18,169,61,9
U01036,C0107,S0107,2025-09-01,4,17,9,2
U01037,C0107,S0107,2025-10-01,1,10,4,1
U01038,C0107,S0107,2025-11-01,2,7,8,2
U01039,C0107,S0107,2025-12-01,1,3,2,2
U01040,C0107,S0107,2026-01-01,2,4,3,2
U01041,C0107,S0107,2026-02-01,5,27,12,5
U01042,C0107,S0107,2026-03-01,3,18,3,3
U01043,C0107,S0107,2026-04-01,4,17,12,4
U01044,C0107,S0107,2026-05-01,4,21,17,6
U01045,C0107,S0107,2026-06-01,3,29,9,5
U01046,C0107,S0107,2026-07-01,1,8,3,1
U01047,C0108,S0108,2025-03-01,14,71,36,13
U01048,C0108,S0108,2025-04-01,20,119,59,23
U01049,C0108,S0108,2025-05-01,10,25,40,14
U01050,C0108,S0108,2025-06-01,12,35,37,14
U01051,C0108,S0108,2025-07-01,9,24,16,12
U01052,C0108,S0108,2025-08-01,25,178,120,38
U01053,C0108,S0108,2025-09-01,33,259,63,27
U01054,C0108,S0108,2025-10-01,25,109,125,33
U01055,C0108,S0108,2025-11-01,12,96,42,16
U01056,C0108,S0108,2025-12-01,33,185,53,27
U01057,C0108,S0108,2026-01-01,17,50,44,20
U01058,C0108,S0108,2026-02-01,15,89,58,10
U01059,C0108,S0108,2026-03-01,12,100,14,18
U01060,C0108,S0108,2026-04-01,9,64,35,4
U01061,C0108,S0108,2026-05-01,16,54,40,31
U01062,C0108,S0108,2026-06-01,32,276,88,52
U01063,C0108,S0108,2026-07-01,31,286,52,33
U01064,C0109,S0109,2025-11-01,24,99,119,33
U01065,C0109,S0109,2025-12-01,18,85,82,34
U01066,C0109,S0109,2026-01-01,11,27,28,3
U01067,C0109,S0109,2026-02-01,6,18,25,8
U01068,C0109,S0109,2026-03-01,29,149,55,52
U01069,C0109,S0109,2026-04-01,14,51,50,16
U01070,C0109,S0109,2026-05-01,3,24,8,6
U01071,C0109,S0109,2026-06-01,20,169,43,37
U01072,C0109,S0109,2026-07-01,17,164,31,20
U01073,C0110,S0110,2025-05-01,25,124,34,9
U01074,C0110,S0110,2025-06-01,29,231,30,18
U01075,C0110,S0110,2025-07-01,21,205,42,5
U01076,C0110,S0110,2025-08-01,29,164,66,35
U01077,C0110,S0110,2025-09-01,24,66,83,20
U01078,C0110,S0110,2025-10-01,16,145,32,26
U01079,C0110,S0110,2025-11-01,31,218,46,57
U01080,C0110,S0110,2025-12-01,10,91,40,10
U01081,C0110,S0110,2026-01-01,33,191,162,42
U01082,C0110,S0110,2026-02-01,15,148,67,22
U01083,C0110,S0110,2026-03-01,10,98,43,2
U01084,C0110,S0110,2026-04-01,13,99,39,17
U01085,C0110,S0110,2026-05-01,27,78,49,20
U01086,C0110,S0110,2026-06-01,21,180,76,37
U01087,C0110,S0110,2026-07-01,13,85,16,7
U01088,C0111,S0111,2026-05-01,3,8,5,3
U01089,C0111,S0111,2026-06-01,10,71,27,9
U01090,C0111,S0111,2026-07-01,0,0,0,0
U01091,C0112,S0112,2026-03-01,1,10,2,0
U01092,C0112,S0112,2026-04-01,2,14,3,4
U01093,C0112,S0112,2026-05-01,0,0,0,0
U01094,C0112,S0112,2026-06-01,1,3,2,1
U01095,C0112,S0112,2026-07-01,2,11,8,3
U01096,C0113,S0113,2025-03-01,16,43,59,6
U01097,C0113,S0113,2025-04-01,30,287,47,30
U01098,C0113,S0113,2025-05-01,17,40,74,20
U01099,C0113,S0113,2025-06-01,28,143,50,25
U01100,C0113,S0113,2025-07-01,20,74,76,18
U01101,C0113,S0113,2025-08-01,7,61,22,9
U01102,C0113,S0113,2025-09-01,34,200,89,17
U01103,C0113,S0113,2025-10-01,0,0,0,0
U01104,C0113,S0113,2025-11-01,10,48,30,9
U01105,C0113,S0113,2025-12-01,10,38,34,6
U01106,C0113,S0113,2026-01-01,25,97,117,32
U01107,C0113,S0113,2026-02-01,14,40,25,3
U01108,C0113,S0113,2026-03-01,28,163,44,13
U01109,C0113,S0113,2026-04-01,21,119,94,22
U01110,C0113,S0113,2026-05-01,14,95,45,16
U01111,C0113,S0113,2026-06-01,8,71,9,11
U01112,C0113,S0113,2026-07-01,32,117,121,38
U01113,C0114,S0114,2025-03-01,28,80,43,8
U01114,C0114,S0114,2025-04-01,12,25,17,7
U01115,C0114,S0114,2025-05-01,11,69,27,5
U01116,C0114,S0114,2025-06-01,17,83,47,26
U01117,C0114,S0114,2025-07-01,15,93,46,21
U01118,C0115,S0115,2025-07-01,11,35,16,7
U01119,C0115,S0115,2025-08-01,10,28,23,3
U01120,C0115,S0115,2025-09-01,4,23,6,6
U01121,C0115,S0115,2025-10-01,3,13,14,2
U01122,C0115,S0115,2025-11-01,8,31,35,12
U01123,C0115,S0115,2025-12-01,2,8,6,1
U01124,C0115,S0115,2026-01-01,6,29,14,7
U01125,C0115,S0115,2026-02-01,3,10,12,2
U01126,C0115,S0115,2026-03-01,5,32,21,7
U01127,C0115,S0115,2026-04-01,9,60,19,12
U01128,C0115,S0115,2026-05-01,9,51,39,10
U01129,C0115,S0115,2026-06-01,10,38,16,6
U01130,C0115,S0115,2026-07-01,10,31,11,11
U01131,C0116,S0116,2025-07-01,4,25,16,5
U01132,C0116,S0116,2025-08-01,3,22,4,3
U01133,C0116,S0116,2025-09-01,7,20,35,7
U01134,C0116,S0116,2025-10-01,9,54,25,12
U01135,C0116,S0116,2025-11-01,8,74,21,2
U01136,C0116,S0116,2025-12-01,1,8,4,1
U01137,C0116,S0116,2026-01-01,0,0,0,0
U01138,C0116,S0116,2026-02-01,7,51,7,4
U01139,C0116,S0116,2026-03-01,6,43,9,2
U01140,C0116,S0116,2026-04-01,6,51,13,10
U01141,C0116,S0116,2026-05-01,4,18,12,4
U01142,C0116,S0116,2026-06-01,8,60,22,6
U01143,C0116,S0116,2026-07-01,10,24,45,8
U01144,C0117,S0117,2025-04-01,26,108,53,8
U01145,C0117,S0117,2025-05-01,16,103,59,25
U01146,C0117,S0117,2025-06-01,23,219,114,30
U01147,C0117,S0117,2025-07-01,34,75,47,18
U01148,C0117,S0117,2025-08-01,31,70,118,44
U01149,C0117,S0117,2025-09-01,22,116,83,18
U01150,C0117,S0117,2025-10-01,0,0,0,0
U01151,C0117,S0117,2025-11-01,13,91,35,24
U01152,C0117,S0117,2025-12-01,27,116,67,13
U01153,C0117,S0117,2026-01-01,23,122,104,34
U01154,C0117,S0117,2026-02-01,12,94,40,13
U01155,C0117,S0117,2026-03-01,13,51,19,13
U01156,C0117,S0117,2026-04-01,24,235,67,12
U01157,C0117,S0117,2026-05-01,14,130,25,14
U01158,C0117,S0117,2026-06-01,1,5,1,2
U01159,C0117,S0117,2026-07-01,15,36,68,4
U01160,C0118,S0118,2025-11-01,15,100,38,24
U01161,C0118,S0118,2025-12-01,20,101,37,30
U01162,C0118,S0118,2026-01-01,12,27,12,10
U01163,C0118,S0118,2026-02-01,16,125,57,5
U01164,C0118,S0118,2026-03-01,28,87,66,45
U01165,C0118,S0118,2026-04-01,8,28,40,12
U01166,C0118,S0118,2026-05-01,12,72,41,22
U01167,C0118,S0118,2026-06-01,22,115,25,44
U01168,C0118,S0118,2026-07-01,28,155,61,51
U01169,C0119,S0119,2025-10-01,0,0,0,0
U01170,C0119,S0119,2025-11-01,5,36,7,2
U01171,C0119,S0119,2025-12-01,5,26,17,9
U01172,C0119,S0119,2026-01-01,10,87,13,13
U01173,C0119,S0119,2026-02-01,10,55,36,5
U01174,C0119,S0119,2026-03-01,9,23,40,9
U01175,C0119,S0119,2026-04-01,5,19,11,7
U01176,C0119,S0119,2026-05-01,4,13,18,2
U01177,C0119,S0119,2026-06-01,11,32,19,8
U01178,C0119,S0119,2026-07-01,11,102,24,12
U01179,C0120,S0120,2025-11-01,6,12,20,9
U01180,C0120,S0120,2025-12-01,6,44,27,3
U01181,C0120,S0120,2026-01-01,4,14,15,4
U01182,C0120,S0120,2026-02-01,2,9,4,3
U01183,C0121,S0121,2025-03-01,5,11,24,3
U01184,C0121,S0121,2025-04-01,7,14,14,13
U01185,C0121,S0121,2025-05-01,0,0,0,0
U01186,C0121,S0121,2025-06-01,6,32,9,8
U01187,C0121,S0121,2025-07-01,5,25,12,1
U01188,C0121,S0121,2025-08-01,7,47,20,2
U01189,C0121,S0121,2025-09-01,4,37,19,8
U01190,C0121,S0121,2025-10-01,9,67,19,7
U01191,C0121,S0121,2025-11-01,8,60,23,3
U01192,C0121,S0121,2025-12-01,11,101,44,19
U01193,C0121,S0121,2026-01-01,4,18,15,2
U01194,C0121,S0121,2026-02-01,4,34,17,3
U01195,C0121,S0121,2026-03-01,3,16,6,5
U01196,C0121,S0121,2026-04-01,5,35,10,8
U01197,C0121,S0121,2026-05-01,10,36,46,9
U01198,C0121,S0121,2026-06-01,0,0,0,0
U01199,C0121,S0121,2026-07-01,5,32,10,5
U01200,C0122,S0122,2025-07-01,11,71,55,12
U01201,C0122,S0122,2025-08-01,5,15,23,3
U01202,C0122,S0122,2025-09-01,11,82,40,3
U01203,C0122,S0122,2025-10-01,7,68,33,13
U01204,C0122,S0122,2025-11-01,7,66,33,3
U01205,C0122,S0122,2025-12-01,5,48,12,1
U01206,C0122,S0122,2026-01-01,4,34,13,8
U01207,C0122,S0122,2026-02-01,6,37,9,10
U01208,C0122,S0122,2026-03-01,7,25,19,2
U01209,C0122,S0122,2026-04-01,8,67,20,2
U01210,C0123,S0123,2025-08-01,27,155,125,28
U01211,C0123,S0123,2025-09-01,24,116,84,43
U01212,C0123,S0123,2025-10-01,29,218,69,16
U01213,C0123,S0123,2025-11-01,7,24,30,3
U01214,C0123,S0123,2025-12-01,24,116,32,5
U01215,C0123,S0123,2026-01-01,12,98,54,6
U01216,C0123,S0123,2026-02-01,17,147,25,22
U01217,C0123,S0123,2026-03-01,0,0,0,0
U01218,C0123,S0123,2026-04-01,33,195,151,22
U01219,C0123,S0123,2026-05-01,30,293,47,34
U01220,C0123,S0123,2026-06-01,29,139,117,56
U01221,C0123,S0123,2026-07-01,0,0,0,0
U01222,C0124,S0124,2025-06-01,10,97,23,3
U01223,C0124,S0124,2025-07-01,6,31,7,4
U01224,C0124,S0124,2025-08-01,6,19,25,7
U01225,C0124,S0124,2025-09-01,4,29,7,4
U01226,C0124,S0124,2025-10-01,11,107,41,17
U01227,C0124,S0124,2025-11-01,4,23,10,2
U01228,C0124,S0124,2025-12-01,8,50,15,7
U01229,C0124,S0124,2026-01-01,9,35,27,7
U01230,C0124,S0124,2026-02-01,4,22,20,8
U01231,C0124,S0124,2026-03-01,8,70,29,2
U01232,C0124,S0124,2026-04-01,8,76,17,11
U01233,C0124,S0124,2026-05-01,4,24,16,6
U01234,C0124,S0124,2026-06-01,8,26,28,4
U01235,C0124,S0124,2026-07-01,10,86,18,12
U01236,C0125,S0125,2026-01-01,17,101,50,28
U01237,C0125,S0125,2026-02-01,18,113,58,5
U01238,C0125,S0125,2026-03-01,19,58,28,29
U01239,C0125,S0125,2026-04-01,35,104,47,61
U01240,C0125,S0125,2026-05-01,18,180,36,21
U01241,C0125,S0125,2026-06-01,30,134,49,19
U01242,C0125,S0125,2026-07-01,28,175,115,11
U01243,C0126,S0126,2025-02-01,10,45,23,5
U01244,C0126,S0126,2025-03-01,5,14,7,7
U01245,C0126,S0126,2025-04-01,6,47,25,7
U01246,C0126,S0126,2025-05-01,11,70,20,5
U01247,C0126,S0126,2025-06-01,9,80,39,11
U01248,C0126,S0126,2025-07-01,9,72,16,6
U01249,C0126,S0126,2025-08-01,11,107,49,4
U01250,C0126,S0126,2025-09-01,9,20,43,3
U01251,C0126,S0126,2025-10-01,10,31,18,14
U01252,C0126,S0126,2025-11-01,3,16,13,2
U01253,C0126,S0126,2025-12-01,7,59,10,9
U01254,C0126,S0126,2026-01-01,4,31,19,1
U01255,C0126,S0126,2026-02-01,5,17,18,1
U01256,C0126,S0126,2026-03-01,10,46,42,10
U01257,C0126,S0126,2026-04-01,9,66,21,14
U01258,C0126,S0126,2026-05-01,3,15,13,1
U01259,C0126,S0126,2026-06-01,3,29,13,3
U01260,C0126,S0126,2026-07-01,5,45,13,2
U01261,C0127,S0127,2026-05-01,5,23,24,6
U01262,C0127,S0127,2026-06-01,5,49,23,4
U01263,C0127,S0127,2026-07-01,9,43,19,6
U01264,C0128,S0128,2025-11-01,4,14,14,2
U01265,C0128,S0128,2025-12-01,7,56,12,5
U01266,C0128,S0128,2026-01-01,6,29,21,2
U01267,C0128,S0128,2026-02-01,6,24,12,5
U01268,C0128,S0128,2026-03-01,6,58,21,7
U01269,C0128,S0128,2026-04-01,6,24,7,10
U01270,C0128,S0128,2026-05-01,3,15,14,2
U01271,C0128,S0128,2026-06-01,11,49,51,9
U01272,C0128,S0128,2026-07-01,10,55,14,12
U01273,C0129,S0129,2025-02-01,64,155,190,117
U01274,C0129,S0129,2025-03-01,82,433,389,24
U01275,C0129,S0129,2025-04-01,60,326,66,64
U01276,C0129,S0129,2025-05-01,8,39,35,14
U01277,C0129,S0129,2025-06-01,54,146,204,107
U01278,C0129,S0129,2025-07-01,69,457,213,53
U01279,C0129,S0129,2025-08-01,87,808,396,163
U01280,C0129,S0129,2025-09-01,66,413,242,36
U01281,C0129,S0129,2025-10-01,86,422,116,49
U01282,C0129,S0129,2025-11-01,64,135,289,45
U01283,C0129,S0129,2025-12-01,51,434,249,20
U01284,C0129,S0129,2026-01-01,55,536,123,94
U01285,C0129,S0129,2026-02-01,32,160,125,27
U01286,C0129,S0129,2026-03-01,46,323,188,14
U01287,C0129,S0129,2026-04-01,75,199,151,58
U01288,C0129,S0129,2026-05-01,45,331,141,19
U01289,C0129,S0129,2026-06-01,85,427,421,98
U01290,C0129,S0129,2026-07-01,87,345,262,116
U01291,C0130,S0130,2025-02-01,11,55,11,22
U01292,C0130,S0130,2025-03-01,3,10,10,3
U01293,C0130,S0130,2025-04-01,10,58,42,3
U01294,C0130,S0130,2025-05-01,10,74,25,17
U01295,C0130,S0130,2025-06-01,5,39,20,4
U01296,C0130,S0130,2025-07-01,4,31,12,5
U01297,C0130,S0130,2025-08-01,6,53,27,11
U01298,C0130,S0130,2025-09-01,10,54,41,3
U01299,C0130,S0130,2025-10-01,5,24,19,6
U01300,C0130,S0130,2025-11-01,1,8,3,2
U01301,C0130,S0130,2025-12-01,11,79,36,11
U01302,C0130,S0130,2026-01-01,7,69,15,13
U01303,C0130,S0130,2026-02-01,4,22,11,7
U01304,C0130,S0130,2026-03-01,10,73,19,18
U01305,C0130,S0130,2026-04-01,9,28,29,17
U01306,C0130,S0130,2026-05-01,9,77,27,17
U01307,C0130,S0130,2026-06-01,8,53,19,7
U01308,C0130,S0130,2026-07-01,7,41,8,2
U01309,C0131,S0131,2025-10-01,26,150,31,46
U01310,C0131,S0131,2025-11-01,76,633,160,41
U01311,C0131,S0131,2025-12-01,77,224,276,94
U01312,C0131,S0131,2026-01-01,21,156,82,14
U01313,C0131,S0131,2026-02-01,33,316,117,24
U01314,C0131,S0131,2026-03-01,75,334,346,91
U01315,C0131,S0131,2026-04-01,21,173,83,21
U01316,C0131,S0131,2026-05-01,72,253,136,81
U01317,C0131,S0131,2026-06-01,65,424,302,107
U01318,C0131,S0131,2026-07-01,78,446,127,82
U01319,C0132,S0132,2025-11-01,1,4,5,0
U01320,C0132,S0132,2025-12-01,3,23,5,1
U01321,C0132,S0132,2026-01-01,2,12,3,2
U01322,C0132,S0132,2026-02-01,4,17,7,7
U01323,C0132,S0132,2026-03-01,2,12,4,3
U01324,C0132,S0132,2026-04-01,2,10,4,4
U01325,C0132,S0132,2026-05-01,3,21,15,1
U01326,C0132,S0132,2026-06-01,4,23,5,4
U01327,C0132,S0132,2026-07-01,0,0,0,0
U01328,C0133,S0133,2025-02-01,4,29,8,4
U01329,C0133,S0133,2025-03-01,3,7,4,4
U01330,C0133,S0133,2025-04-01,0,0,0,0
U01331,C0133,S0133,2025-05-01,1,2,5,1
U01332,C0133,S0133,2025-06-01,3,13,6,1
U01333,C0133,S0133,2025-07-01,1,8,4,1
U01334,C0133,S0133,2025-08-01,3,21,6,5
U01335,C0133,S0133,2025-09-01,3,28,8,2
U01336,C0133,S0133,2025-10-01,1,2,2,0
U01337,C0133,S0133,2025-11-01,3,15,10,1
U01338,C0133,S0133,2025-12-01,3,26,11,3
U01339,C0133,S0133,2026-01-01,4,39,6,5
U01340,C0133,S0133,2026-02-01,4,39,17,5
U01341,C0133,S0133,2026-03-01,5,12,20,7
U01342,C0133,S0133,2026-04-01,2,6,3,3
U01343,C0133,S0133,2026-05-01,3,11,6,3
U01344,C0133,S0133,2026-06-01,5,29,15,7
U01345,C0133,S0133,2026-07-01,4,17,10,7
U01346,C0134,S0134,2025-10-01,3,22,12,1
U01347,C0134,S0134,2025-11-01,32,228,95,22
U01348,C0134,S0134,2025-12-01,29,125,106,33
U01349,C0134,S0134,2026-01-01,31,271,89,18
U01350,C0134,S0134,2026-02-01,19,66,46,23
U01351,C0134,S0134,2026-03-01,13,122,52,11
U01352,C0134,S0134,2026-04-01,16,61,47,18
U01353,C0134,S0134,2026-05-01,16,94,69,26
U01354,C0134,S0134,2026-06-01,30,184,72,9
U01355,C0134,S0134,2026-07-01,11,67,33,19
U01356,C0135,S0135,2025-07-01,21,208,87,17
U01357,C0135,S0135,2025-08-01,0,0,0,0
U01358,C0135,S0135,2025-09-01,30,277,139,21
U01359,C0135,S0135,2025-10-01,20,120,33,36
U01360,C0135,S0135,2025-11-01,20,186,41,5
U01361,C0135,S0135,2025-12-01,9,66,40,13
U01362,C0135,S0135,2026-01-01,15,79,21,17
U01363,C0135,S0135,2026-02-01,13,40,64,21
U01364,C0135,S0135,2026-03-01,34,90,87,65
U01365,C0135,S0135,2026-04-01,12,111,58,23
U01366,C0135,S0135,2026-05-01,23,52,86,34
U01367,C0135,S0135,2026-06-01,1,4,4,1
U01368,C0135,S0135,2026-07-01,32,144,102,48
U01369,C0136,S0136,2025-10-01,61,282,94,86
U01370,C0136,S0136,2025-11-01,58,570,215,20
U01371,C0136,S0136,2025-12-01,44,134,149,60
U01372,C0136,S0136,2026-01-01,87,774,91,58
U01373,C0136,S0136,2026-02-01,69,663,75,109
U01374,C0136,S0136,2026-03-01,27,116,114,37
U01375,C0136,S0136,2026-04-01,0,0,0,0
U01376,C0136,S0136,2026-05-01,66,643,67,112
U01377,C0136,S0136,2026-06-01,37,103,172,49
U01378,C0136,S0136,2026-07-01,42,333,188,65
U01379,C0137,S0137,2026-04-01,2,17,2,1
U01380,C0137,S0137,2026-05-01,10,59,48,17
U01381,C0137,S0137,2026-06-01,11,34,15,11
U01382,C0137,S0137,2026-07-01,5,45,14,4
U01383,C0138,S0138,2025-07-01,11,55,45,17
U01384,C0138,S0138,2025-08-01,10,43,30,16
U01385,C0138,S0138,2025-09-01,8,42,20,13
U01386,C0138,S0138,2025-10-01,6,30,19,9
U01387,C0138,S0138,2025-11-01,4,33,14,3
U01388,C0138,S0138,2025-12-01,9,27,10,13
U01389,C0138,S0138,2026-01-01,10,52,13,16
U01390,C0138,S0138,2026-02-01,10,32,22,19
U01391,C0138,S0138,2026-03-01,8,23,35,5
U01392,C0138,S0138,2026-04-01,8,28,33,12
U01393,C0138,S0138,2026-05-01,9,46,36,16
U01394,C0138,S0138,2026-06-01,10,27,28,19
U01395,C0138,S0138,2026-07-01,9,32,41,7
U01396,C0139,S0139,2026-05-01,23,155,83,10
U01397,C0139,S0139,2026-06-01,8,23,30,2
U01398,C0139,S0139,2026-07-01,16,51,37,14
U01399,C0140,S0140,2026-02-01,10,33,12,4
U01400,C0140,S0140,2026-03-01,3,14,9,2
U01401,C0140,S0140,2026-04-01,7,23,25,5
U01402,C0140,S0140,2026-05-01,7,20,32,10
U01403,C0140,S0140,2026-06-01,7,66,10,4
U01404,C0140,S0140,2026-07-01,6,46,10,8
U01405,C0141,S0141,2026-05-01,33,129,110,60
U01406,C0141,S0141,2026-06-01,18,99,72,28
U01407,C0141,S0141,2026-07-01,19,60,85,6
U01408,C0142,S0142,2026-04-01,25,245,55,43
U01409,C0142,S0142,2026-05-01,28,141,65,45
U01410,C0142,S0142,2026-06-01,13,33,17,18
U01411,C0142,S0142,2026-07-01,10,66,44,7
U01412,C0143,S0143,2025-02-01,10,22,35,20
U01413,C0143,S0143,2025-03-01,6,51,14,12
U01414,C0143,S0143,2025-04-01,1,8,2,1
U01415,C0143,S0143,2025-05-01,5,10,7,8
U01416,C0143,S0143,2025-06-01,7,25,29,13
U01417,C0143,S0143,2025-07-01,9,25,14,11
U01418,C0143,S0143,2025-08-01,4,30,10,3
U01419,C0143,S0143,2025-09-01,9,27,10,9
U01420,C0143,S0143,2025-10-01,6,26,22,12
U01421,C0143,S0143,2025-11-01,3,23,13,1
U01422,C0143,S0143,2025-12-01,6,13,28,4
U01423,C0143,S0143,2026-01-01,6,57,28,1
U01424,C0143,S0143,2026-02-01,6,56,8,7
U01425,C0143,S0143,2026-03-01,5,50,5,4
U01426,C0143,S0143,2026-04-01,7,28,18,5
U01427,C0143,S0143,2026-05-01,6,43,13,5
U01428,C0143,S0143,2026-06-01,7,32,32,10
U01429,C0143,S0143,2026-07-01,7,52,12,7
U01430,C0144,S0144,2025-03-01,4,8,16,2
U01431,C0144,S0144,2025-04-01,5,16,13,4
U01432,C0144,S0144,2025-05-01,5,25,7,9
U01433,C0144,S0144,2025-06-01,3,26,14,1
U01434,C0144,S0144,2025-07-01,3,18,12,6
U01435,C0144,S0144,2025-08-01,3,20,7,3
U01436,C0144,S0144,2025-09-01,9,59,29,14
U01437,C0144,S0144,2025-10-01,10,96,29,15
U01438,C0144,S0144,2025-11-01,3,18,9,4
U01439,C0144,S0144,2025-12-01,4,20,16,3
U01440,C0144,S0144,2026-01-01,6,16,15,2
U01441,C0144,S0144,2026-02-01,9,39,26,14
U01442,C0144,S0144,2026-03-01,4,10,19,5
U01443,C0144,S0144,2026-04-01,7,70,15,6
U01444,C0144,S0144,2026-05-01,10,33,26,7
U01445,C0144,S0144,2026-06-01,4,31,15,6
U01446,C0144,S0144,2026-07-01,5,20,17,8
U01447,C0145,S0145,2025-05-01,27,107,115,15
U01448,C0145,S0145,2025-06-01,18,113,48,5
U01449,C0145,S0145,2025-07-01,28,80,103,46
U01450,C0145,S0145,2025-08-01,19,134,64,15
U01451,C0145,S0145,2025-09-01,10,72,18,18
U01452,C0145,S0145,2025-10-01,16,105,79,14
U01453,C0145,S0145,2025-11-01,21,89,67,16
U01454,C0145,S0145,2025-12-01,26,53,97,11
U01455,C0145,S0145,2026-01-01,24,149,73,44
U01456,C0145,S0145,2026-02-01,9,41,21,12
U01457,C0145,S0145,2026-03-01,19,115,57,13
U01458,C0145,S0145,2026-04-01,21,130,98,22
U01459,C0145,S0145,2026-05-01,12,95,43,3
U01460,C0145,S0145,2026-06-01,20,163,34,20
U01461,C0145,S0145,2026-07-01,21,116,72,13
U01462,C0146,S0146,2025-07-01,34,284,79,19
U01463,C0146,S0146,2025-08-01,18,36,62,28
U01464,C0146,S0146,2025-09-01,28,244,33,55
U01465,C0146,S0146,2025-10-01,10,96,39,19
U01466,C0146,S0146,2025-11-01,23,188,92,30
U01467,C0146,S0146,2025-12-01,31,200,61,24
U01468,C0146,S0146,2026-01-01,31,65,41,31
U01469,C0146,S0146,2026-02-01,27,68,41,53
U01470,C0146,S0146,2026-03-01,16,34,71,31
U01471,C0146,S0146,2026-04-01,11,51,14,14
U01472,C0146,S0146,2026-05-01,22,153,31,8
U01473,C0146,S0146,2026-06-01,11,38,45,9
U01474,C0146,S0146,2026-07-01,26,67,81,44
U01475,C0147,S0147,2026-04-01,6,12,16,9
U01476,C0147,S0147,2026-05-01,5,16,10,5
U01477,C0147,S0147,2026-06-01,5,14,16,5
U01478,C0147,S0147,2026-07-01,8,66,38,6
U01479,C0148,S0148,2026-03-01,19,136,22,7
U01480,C0148,S0148,2026-04-01,18,60,78,34
U01481,C0148,S0148,2026-05-01,13,93,46,9
U01482,C0148,S0148,2026-06-01,10,89,49,4
U01483,C0148,S0148,2026-07-01,32,265,158,53
U01484,C0149,S0149,2025-08-01,22,141,30,16
U01485,C0149,S0149,2025-09-01,14,125,24,3
U01486,C0149,S0149,2025-10-01,17,61,82,33
U01487,C0149,S0149,2025-11-01,24,48,56,15
U01488,C0149,S0149,2025-12-01,14,70,55,22
U01489,C0149,S0149,2026-01-01,30,95,119,32
U01490,C0149,S0149,2026-02-01,31,163,115,42
U01491,C0149,S0149,2026-03-01,9,58,13,10
U01492,C0149,S0149,2026-04-01,15,87,63,26
U01493,C0149,S0149,2026-05-01,25,176,26,7
U01494,C0149,S0149,2026-06-01,13,113,27,14
U01495,C0149,S0149,2026-07-01,26,169,80,22
U01496,C0150,S0150,2025-05-01,14,84,23,15
U01497,C0150,S0150,2025-06-01,22,195,32,38
U01498,C0150,S0150,2025-07-01,14,31,39,11
U01499,C0150,S0150,2025-08-01,28,222,32,43
U01500,C0150,S0150,2025-09-01,15,47,40,30
U01501,C0150,S0150,2025-10-01,18,110,47,20
U01502,C0150,S0150,2025-11-01,12,40,19,7
U01503,C0150,S0150,2025-12-01,34,258,107,35
U01504,C0150,S0150,2026-01-01,34,261,88,18
U01505,C0150,S0150,2026-02-01,20,141,48,28
U01506,C0150,S0150,2026-03-01,18,77,54,11
U01507,C0150,S0150,2026-04-01,20,92,26,25
U01508,C0150,S0150,2026-05-01,13,57,27,6
U01509,C0150,S0150,2026-06-01,18,142,25,9
U01510,C0150,S0150,2026-07-01,31,71,117,13
U01511,C0151,S0151,2026-01-01,3,26,14,4
U01512,C0151,S0151,2026-02-01,4,14,20,4
U01513,C0151,S0151,2026-03-01,2,14,9,2
U01514,C0151,S0151,2026-04-01,1,5,3,1
U01515,C0151,S0151,2026-05-01,4,17,12,7
U01516,C0151,S0151,2026-06-01,4,19,16,2
U01517,C0151,S0151,2026-07-01,3,9,3,5
U01518,C0152,S0152,2025-10-01,9,43,23,6
U01519,C0152,S0152,2025-11-01,5,12,17,2
U01520,C0152,S0152,2025-12-01,7,60,17,2
U01521,C0152,S0152,2026-01-01,6,28,28,12
U01522,C0152,S0152,2026-02-01,4,18,18,6
U01523,C0152,S0152,2026-03-01,3,30,11,5
U01524,C0152,S0152,2026-04-01,0,0,0,0
U01525,C0152,S0152,2026-05-01,9,88,21,3
U01526,C0152,S0152,2026-06-01,8,55,28,11
U01527,C0152,S0152,2026-07-01,8,63,9,4
U01528,C0153,S0153,2025-03-01,14,66,64,15
U01529,C0153,S0153,2025-04-01,11,73,20,11
U01530,C0153,S0153,2025-05-01,16,119,50,28
U01531,C0153,S0153,2025-06-01,24,106,41,21
U01532,C0153,S0153,2025-07-01,23,150,108,31
U01533,C0153,S0153,2025-08-01,28,98,87,17
U01534,C0153,S0153,2025-09-01,27,216,126,38
U01535,C0153,S0153,2025-10-01,8,61,19,2
U01536,C0153,S0153,2025-11-01,24,92,33,40
U01537,C0153,S0153,2025-12-01,20,107,93,10
U01538,C0153,S0153,2026-01-01,14,118,19,4
U01539,C0153,S0153,2026-02-01,15,94,66,11
U01540,C0153,S0153,2026-03-01,12,109,52,12
U01541,C0153,S0153,2026-04-01,12,100,35,17
U01542,C0153,S0153,2026-05-01,13,110,16,5
U01543,C0153,S0153,2026-06-01,27,149,95,19
U01544,C0153,S0153,2026-07-01,30,61,59,17
U01545,C0154,S0154,2026-03-01,28,225,53,45
U01546,C0154,S0154,2026-04-01,30,174,123,18
U01547,C0154,S0154,2026-05-01,10,40,12,3
U01548,C0154,S0154,2026-06-01,8,49,19,10
U01549,C0154,S0154,2026-07-01,17,122,63,16
U01550,C0155,S0155,2025-05-01,34,294,160,64
U01551,C0155,S0155,2025-06-01,80,760,392,57
U01552,C0155,S0155,2025-07-01,64,210,140,108
U01553,C0155,S0155,2025-08-01,32,237,134,14
U01554,C0155,S0155,2025-09-01,48,303,104,82
U01555,C0155,S0155,2025-10-01,48,402,70,95
U01556,C0155,S0155,2025-11-01,58,497,124,57
U01557,C0155,S0155,2025-12-01,35,243,91,14
U01558,C0155,S0155,2026-01-01,81,627,155,51
U01559,C0155,S0155,2026-02-01,72,417,85,77
U01560,C0155,S0155,2026-03-01,85,592,123,135
U01561,C0155,S0155,2026-04-01,0,0,0,0
U01562,C0155,S0155,2026-05-01,49,321,188,96
U01563,C0155,S0155,2026-06-01,20,158,54,15
U01564,C0155,S0155,2026-07-01,25,131,90,43
U01565,C0156,S0156,2025-07-01,19,179,27,8
U01566,C0156,S0156,2025-08-01,9,35,10,4
U01567,C0156,S0156,2025-09-01,9,30,17,5
U01568,C0156,S0156,2025-10-01,23,195,113,41
U01569,C0156,S0156,2025-11-01,22,133,95,28
U01570,C0156,S0156,2025-12-01,18,125,27,8
U01571,C0156,S0156,2026-01-01,35,82,52,12
U01572,C0156,S0156,2026-02-01,32,125,92,12
U01573,C0156,S0156,2026-03-01,31,287,126,23
U01574,C0156,S0156,2026-04-01,11,25,14,20
U01575,C0156,S0156,2026-05-01,27,117,60,34
U01576,C0157,S0157,2026-01-01,3,12,8,5
U01577,C0157,S0157,2026-02-01,10,44,46,7
U01578,C0157,S0157,2026-03-01,9,20,15,11
U01579,C0157,S0157,2026-04-01,8,22,18,2
U01580,C0157,S0157,2026-05-01,8,33,11,6
U01581,C0157,S0157,2026-06-01,6,13,12,8
U01582,C0157,S0157,2026-07-01,10,75,45,2
U01583,C0158,S0158,2026-04-01,2,12,8,1
U01584,C0158,S0158,2026-05-01,3,22,9,1
U01585,C0158,S0158,2026-06-01,2,4,9,3
U01586,C0158,S0158,2026-07-01,3,12,6,1
U01587,C0159,S0159,2025-01-01,20,124,90,37
U01588,C0159,S0159,2025-02-01,32,217,124,48
U01589,C0159,S0159,2025-03-01,22,79,106,25
U01590,C0159,S0159,2025-04-01,29,270,123,27
U01591,C0159,S0159,2025-05-01,20,177,61,30
U01592,C0159,S0159,2025-06-01,11,99,16,5
U01593,C0159,S0159,2025-07-01,26,85,101,25
U01594,C0159,S0159,2025-08-01,12,112,51,12
U01595,C0159,S0159,2025-09-01,22,200,90,5
U01596,C0159,S0159,2025-10-01,13,57,32,7
U01597,C0159,S0159,2025-11-01,31,193,52,23
U01598,C0159,S0159,2025-12-01,18,141,69,20
U01599,C0159,S0159,2026-01-01,15,84,40,16
U01600,C0159,S0159,2026-02-01,11,99,45,16
U01601,C0159,S0159,2026-03-01,21,55,32,7
U01602,C0159,S0159,2026-04-01,16,111,17,27
U01603,C0159,S0159,2026-05-01,22,55,24,9
U01604,C0159,S0159,2026-06-01,20,149,95,25
U01605,C0159,S0159,2026-07-01,33,115,145,64
U01606,C0160,S0160,2025-04-01,23,187,76,38
U01607,C0160,S0160,2025-05-01,31,114,48,29
U01608,C0160,S0160,2025-06-01,31,264,143,46
U01609,C0160,S0160,2025-07-01,27,126,40,6
U01610,C0160,S0160,2025-08-01,32,105,119,49
U01611,C0160,S0160,2025-09-01,34,219,55,51
U01612,C0160,S0160,2025-10-01,11,39,48,8
U01613,C0160,S0160,2025-11-01,22,176,43,15
U01614,C0160,S0160,2025-12-01,34,228,155,61
U01615,C0160,S0160,2026-01-01,14,54,50,8
U01616,C0160,S0160,2026-02-01,20,107,23,39
U01617,C0160,S0160,2026-03-01,5,25,8,5
U01618,C0160,S0160,2026-04-01,29,191,118,34
U01619,C0160,S0160,2026-05-01,11,72,21,13
U01620,C0160,S0160,2026-06-01,34,311,127,54
U01621,C0160,S0160,2026-07-01,22,182,76,15
U01622,C0161,S0161,2025-08-01,28,75,127,14
U01623,C0161,S0161,2025-09-01,8,17,19,10
U01624,C0161,S0161,2025-10-01,12,111,44,8
U01625,C0161,S0161,2025-11-01,33,222,50,25
U01626,C0161,S0161,2025-12-01,15,69,59,6
U01627,C0161,S0161,2026-01-01,33,306,97,35
U01628,C0161,S0161,2026-02-01,10,53,31,9
U01629,C0161,S0161,2026-03-01,17,134,24,30
U01630,C0161,S0161,2026-04-01,29,281,87,11
U01631,C0161,S0161,2026-05-01,17,108,64,12
U01632,C0161,S0161,2026-06-01,25,167,45,48
U01633,C0161,S0161,2026-07-01,0,0,0,0
U01634,C0162,S0162,2025-05-01,9,59,35,18
U01635,C0162,S0162,2025-06-01,7,51,20,8
U01636,C0162,S0162,2025-07-01,3,20,5,6
U01637,C0162,S0162,2025-08-01,4,14,13,2
U01638,C0162,S0162,2025-09-01,8,31,17,15
U01639,C0162,S0162,2025-10-01,0,0,0,0
U01640,C0162,S0162,2025-11-01,4,37,9,3
U01641,C0162,S0162,2025-12-01,8,54,15,13
U01642,C0162,S0162,2026-01-01,3,17,9,3
U01643,C0162,S0162,2026-02-01,8,62,31,9
U01644,C0162,S0162,2026-03-01,11,65,18,12
U01645,C0162,S0162,2026-04-01,11,51,30,8
U01646,C0162,S0162,2026-05-01,3,26,14,2
U01647,C0162,S0162,2026-06-01,9,23,43,2
U01648,C0162,S0162,2026-07-01,5,17,20,3
U01649,C0163,S0163,2026-03-01,19,40,51,33
U01650,C0163,S0163,2026-04-01,33,179,70,23
U01651,C0163,S0163,2026-05-01,12,39,24,19
U01652,C0163,S0163,2026-06-01,25,111,73,15
U01653,C0163,S0163,2026-07-01,21,192,94,35
U01654,C0164,S0164,2025-09-01,9,37,38,7
U01655,C0164,S0164,2025-10-01,9,29,28,17
U01656,C0164,S0164,2025-11-01,3,24,15,4
U01657,C0164,S0164,2025-12-01,3,6,5,5
U01658,C0164,S0164,2026-01-01,10,85,28,15
U01659,C0164,S0164,2026-02-01,10,43,15,4
U01660,C0164,S0164,2026-03-01,10,52,21,8
U01661,C0164,S0164,2026-04-01,0,0,0,0
U01662,C0164,S0164,2026-05-01,6,27,13,6
U01663,C0164,S0164,2026-06-01,6,59,13,7
U01664,C0164,S0164,2026-07-01,8,72,36,12
U01665,C0165,S0165,2025-03-01,4,21,6,2
U01666,C0165,S0165,2025-04-01,3,9,12,6
U01667,C0165,S0165,2025-05-01,2,15,3,2
U01668,C0165,S0165,2025-06-01,3,12,8,6
U01669,C0165,S0165,2025-07-01,4,36,13,7
U01670,C0165,S0165,2025-08-01,2,16,7,1
U01671,C0165,S0165,2025-09-01,4,9,5,7
U01672,C0165,S0165,2025-10-01,4,39,19,6
U01673,C0165,S0165,2025-11-01,4,25,16,3
U01674,C0165,S0165,2025-12-01,1,9,4,2
U01675,C0165,S0165,2026-01-01,3,30,8,3
U01676,C0165,S0165,2026-02-01,1,9,2,1
U01677,C0165,S0165,2026-03-01,1,3,1,2
U01678,C0165,S0165,2026-04-01,3,15,5,5
U01679,C0165,S0165,2026-05-01,4,27,11,3
U01680,C0165,S0165,2026-06-01,3,19,9,5
U01681,C0165,S0165,2026-07-01,2,9,2,3
U01682,C0166,S0166,2025-02-01,9,68,42,12
U01683,C0166,S0166,2025-03-01,11,50,41,9
U01684,C0166,S0166,2025-04-01,5,29,17,4
U01685,C0166,S0166,2025-05-01,11,67,16,9
U01686,C0166,S0166,2025-06-01,6,43,24,4
U01687,C0166,S0166,2025-07-01,0,0,0,0
U01688,C0166,S0166,2025-08-01,8,66,33,14
U01689,C0166,S0166,2025-09-01,7,68,26,12
U01690,C0166,S0166,2025-10-01,7,56,35,2
U01691,C0166,S0166,2025-11-01,5,44,14,8
U01692,C0167,S0167,2025-02-01,6,35,19,11
U01693,C0167,S0167,2025-03-01,9,70,14,6
U01694,C0167,S0167,2025-04-01,7,59,13,4
U01695,C0167,S0167,2025-05-01,10,92,12,17
U01696,C0167,S0167,2025-06-01,9,52,24,9
U01697,C0167,S0167,2025-07-01,4,25,4,5
U01698,C0167,S0167,2025-08-01,5,45,12,8
U01699,C0167,S0167,2025-09-01,8,75,19,14
U01700,C0167,S0167,2025-10-01,3,9,13,5
U01701,C0167,S0167,2025-11-01,3,24,9,5
U01702,C0167,S0167,2025-12-01,4,36,6,4
U01703,C0167,S0167,2026-01-01,0,0,0,0
U01704,C0167,S0167,2026-02-01,9,66,23,6
U01705,C0167,S0167,2026-03-01,9,39,22,16
U01706,C0167,S0167,2026-04-01,3,21,4,2
U01707,C0167,S0167,2026-05-01,7,19,8,10
U01708,C0167,S0167,2026-06-01,8,41,16,11
U01709,C0167,S0167,2026-07-01,10,72,42,14
U01710,C0168,S0168,2025-06-01,7,60,18,13
U01711,C0168,S0168,2025-07-01,3,7,7,2
U01712,C0168,S0168,2025-08-01,10,86,17,2
U01713,C0168,S0168,2025-09-01,11,110,54,19
U01714,C0168,S0168,2025-10-01,7,20,16,7
U01715,C0168,S0168,2025-11-01,8,76,12,3
U01716,C0168,S0168,2025-12-01,7,14,30,3
U01717,C0168,S0168,2026-01-01,10,25,37,10
U01718,C0168,S0168,2026-02-01,7,42,27,7
U01719,C0168,S0168,2026-03-01,11,78,47,14
U01720,C0168,S0168,2026-04-01,3,19,4,1
U01721,C0168,S0168,2026-05-01,8,62,29,14
U01722,C0168,S0168,2026-06-01,11,105,32,4
U01723,C0168,S0168,2026-07-01,9,70,30,15
U01724,C0169,S0169,2025-10-01,25,112,109,24
U01725,C0169,S0169,2025-11-01,20,162,21,30
U01726,C0169,S0169,2025-12-01,13,34,59,16
U01727,C0169,S0169,2026-01-01,35,345,67,53
U01728,C0169,S0169,2026-02-01,29,251,69,10
U01729,C0169,S0169,2026-03-01,23,214,91,35
U01730,C0169,S0169,2026-04-01,14,53,21,18
U01731,C0169,S0169,2026-05-01,21,182,55,37
U01732,C0169,S0169,2026-06-01,21,141,38,29
U01733,C0169,S0169,2026-07-01,33,242,136,14
U01734,C0170,S0170,2025-05-01,1,4,4,2
U01735,C0170,S0170,2025-06-01,2,8,4,1
U01736,C0170,S0170,2025-07-01,0,0,0,0
U01737,C0170,S0170,2025-08-01,4,32,17,8
U01738,C0170,S0170,2025-09-01,2,13,7,2
U01739,C0170,S0170,2025-10-01,4,10,10,2
U01740,C0170,S0170,2025-11-01,4,37,15,3
U01741,C0170,S0170,2025-12-01,3,9,11,2
U01742,C0170,S0170,2026-01-01,5,25,14,9
U01743,C0170,S0170,2026-02-01,2,5,7,1
U01744,C0170,S0170,2026-03-01,3,10,9,5
U01745,C0170,S0170,2026-04-01,3,26,14,4
U01746,C0170,S0170,2026-05-01,3,13,12,1
U01747,C0170,S0170,2026-06-01,1,8,5,2
U01748,C0170,S0170,2026-07-01,3,20,14,1
U01749,C0171,S0171,2025-02-01,15,82,56,15
U01750,C0171,S0171,2025-03-01,27,122,85,48
U01751,C0171,S0171,2025-04-01,30,250,139,45
U01752,C0171,S0171,2025-05-01,21,193,73,23
U01753,C0171,S0171,2025-06-01,14,53,26,16
U01754,C0171,S0171,2025-07-01,18,115,29,23
U01755,C0172,S0172,2025-09-01,10,51,42,19
U01756,C0172,S0172,2025-10-01,5,16,15,1
U01757,C0172,S0172,2025-11-01,8,76,16,16
U01758,C0172,S0172,2025-12-01,9,52,13,14
U01759,C0172,S0172,2026-01-01,3,18,11,2
U01760,C0172,S0172,2026-02-01,9,31,16,15
U01761,C0172,S0172,2026-03-01,4,30,12,3
U01762,C0172,S0172,2026-04-01,4,25,10,5
U01763,C0172,S0172,2026-05-01,5,43,10,4
U01764,C0172,S0172,2026-06-01,8,18,13,2
U01765,C0172,S0172,2026-07-01,7,16,31,10
U01766,C0173,S0173,2025-04-01,8,49,29,9
U01767,C0173,S0173,2025-05-01,5,47,9,10
U01768,C0173,S0173,2025-06-01,4,17,14,3
U01769,C0173,S0173,2025-07-01,7,38,10,10
U01770,C0173,S0173,2025-08-01,8,69,38,12
U01771,C0174,S0174,2025-03-01,33,157,129,7
U01772,C0174,S0174,2025-04-01,23,154,24,39
U01773,C0174,S0174,2025-05-01,23,199,114,39
U01774,C0174,S0174,2025-06-01,8,75,28,9
U01775,C0174,S0174,2025-07-01,12,27,32,8
U01776,C0174,S0174,2025-08-01,26,131,49,26
U01777,C0174,S0174,2025-09-01,0,0,0,0
U01778,C0174,S0174,2025-10-01,15,131,17,23
U01779,C0174,S0174,2025-11-01,27,93,41,51
U01780,C0174,S0174,2025-12-01,33,285,58,25
U01781,C0174,S0174,2026-01-01,31,301,59,15
U01782,C0175,S0175,2026-03-01,3,22,14,2
U01783,C0175,S0175,2026-04-01,8,52,18,14
U01784,C0175,S0175,2026-05-01,6,59,14,5
U01785,C0175,S0175,2026-06-01,7,21,24,2
U01786,C0175,S0175,2026-07-01,9,29,19,9
U01787,C0176,S0176,2026-06-01,11,79,44,11
U01788,C0176,S0176,2026-07-01,11,84,30,7
U01789,C0177,S0177,2026-02-01,27,214,54,35
U01790,C0177,S0177,2026-03-01,15,138,20,12
U01791,C0177,S0177,2026-04-01,9,44,34,5
U01792,C0177,S0177,2026-05-01,27,171,75,17
U01793,C0177,S0177,2026-06-01,16,73,29,16
U01794,C0177,S0177,2026-07-01,15,148,17,28
U01795,C0178,S0178,2025-03-01,20,53,71,8
U01796,C0178,S0178,2025-04-01,28,254,108,18
U01797,C0178,S0178,2025-05-01,37,263,179,63
U01798,C0178,S0178,2025-06-01,83,632,280,111
U01799,C0178,S0178,2025-07-01,30,159,112,27
U01800,C0178,S0178,2025-08-01,53,485,260,63
U01801,C0178,S0178,2025-09-01,67,469,145,129
U01802,C0178,S0178,2025-10-01,80,708,288,66
U01803,C0178,S0178,2025-11-01,46,314,151,12
U01804,C0178,S0178,2025-12-01,22,76,44,41
U01805,C0179,S0179,2025-03-01,9,22,32,12
U01806,C0179,S0179,2025-04-01,4,39,12,6
U01807,C0179,S0179,2025-05-01,6,52,23,4
U01808,C0179,S0179,2025-06-01,10,32,11,9
U01809,C0179,S0179,2025-07-01,5,27,15,3
U01810,C0179,S0179,2025-08-01,11,33,37,14
U01811,C0179,S0179,2025-09-01,3,23,11,2
U01812,C0179,S0179,2025-10-01,5,29,21,8
U01813,C0179,S0179,2025-11-01,6,33,12,12
U01814,C0179,S0179,2025-12-01,11,49,23,11
U01815,C0179,S0179,2026-01-01,6,39,8,10
U01816,C0180,S0180,2026-01-01,1,3,4,1
U01817,C0180,S0180,2026-02-01,1,9,2,1
U01818,C0180,S0180,2026-03-01,1,7,2,1
U01819,C0180,S0180,2026-04-01,4,28,8,1
U01820,C0180,S0180,2026-05-01,3,12,8,4
U01821,C0180,S0180,2026-06-01,5,36,20,2
U01822,C0180,S0180,2026-07-01,2,19,5,1
U01823,C0181,S0181,2025-10-01,44,423,76,12
U01824,C0181,S0181,2025-11-01,77,566,218,82
U01825,C0181,S0181,2025-12-01,43,208,93,46
U01826,C0181,S0181,2026-01-01,72,571,206,120
U01827,C0181,S0181,2026-02-01,15,106,16,7
U01828,C0181,S0181,2026-03-01,21,141,23,12
U01829,C0181,S0181,2026-04-01,83,670,165,97
U01830,C0181,S0181,2026-05-01,48,420,92,84
U01831,C0181,S0181,2026-06-01,68,174,87,104
U01832,C0181,S0181,2026-07-01,64,475,139,44
U01833,C0182,S0182,2025-04-01,3,13,10,4
U01834,C0182,S0182,2025-05-01,6,40,15,1
U01835,C0182,S0182,2025-06-01,3,28,11,3
U01836,C0182,S0182,2025-07-01,10,95,19,10
U01837,C0182,S0182,2025-08-01,5,49,21,2
U01838,C0182,S0182,2025-09-01,3,22,3,4
U01839,C0182,S0182,2025-10-01,6,57,25,4
U01840,C0182,S0182,2025-11-01,6,53,20,8
U01841,C0182,S0182,2025-12-01,10,92,35,6
U01842,C0182,S0182,2026-01-01,9,51,23,13
U01843,C0182,S0182,2026-02-01,4,23,5,4
U01844,C0182,S0182,2026-03-01,4,14,10,8
U01845,C0182,S0182,2026-04-01,4,11,15,7
U01846,C0182,S0182,2026-05-01,8,22,8,9
U01847,C0182,S0182,2026-06-01,6,35,12,11
U01848,C0182,S0182,2026-07-01,6,19,21,1
U01849,C0183,S0183,2025-07-01,7,33,24,13
U01850,C0183,S0183,2025-08-01,8,49,21,13
U01851,C0183,S0183,2025-09-01,8,67,24,12
U01852,C0183,S0183,2025-10-01,3,18,12,4
U01853,C0183,S0183,2025-11-01,7,19,30,6
U01854,C0183,S0183,2025-12-01,7,62,25,7
U01855,C0183,S0183,2026-01-01,9,40,26,2
U01856,C0183,S0183,2026-02-01,7,19,25,13
U01857,C0183,S0183,2026-03-01,9,63,42,4
U01858,C0183,S0183,2026-04-01,5,42,20,6
U01859,C0183,S0183,2026-05-01,7,32,26,4
U01860,C0183,S0183,2026-06-01,7,48,20,7
U01861,C0183,S0183,2026-07-01,8,23,32,6
U01862,C0184,S0184,2025-06-01,35,107,43,49
U01863,C0184,S0184,2025-07-01,25,125,89,26
U01864,C0184,S0184,2025-08-01,32,232,94,8
U01865,C0184,S0184,2025-09-01,24,61,54,13
U01866,C0184,S0184,2025-10-01,45,193,202,41
U01867,C0184,S0184,2025-11-01,79,538,388,102
U01868,C0184,S0184,2025-12-01,67,482,176,73
U01869,C0184,S0184,2026-01-01,68,543,84,100
U01870,C0184,S0184,2026-02-01,31,271,83,52
U01871,C0184,S0184,2026-03-01,0,0,0,0
U01872,C0184,S0184,2026-04-01,42,310,111,49
U01873,C0184,S0184,2026-05-01,18,171,73,19
U01874,C0184,S0184,2026-06-01,24,56,120,27
U01875,C0184,S0184,2026-07-01,62,360,254,111
U01876,C0185,S0185,2026-03-01,11,86,36,20
U01877,C0185,S0185,2026-04-01,8,58,12,9
U01878,C0185,S0185,2026-05-01,7,18,13,10
U01879,C0185,S0185,2026-06-01,5,11,23,3
U01880,C0185,S0185,2026-07-01,11,93,38,13
U01881,C0186,S0186,2025-09-01,29,163,78,6
U01882,C0186,S0186,2025-10-01,10,49,24,3
U01883,C0186,S0186,2025-11-01,18,171,79,11
U01884,C0186,S0186,2025-12-01,15,128,46,16
U01885,C0186,S0186,2026-01-01,14,76,17,3
U01886,C0186,S0186,2026-02-01,27,157,54,27
U01887,C0186,S0186,2026-03-01,25,250,71,8
U01888,C0186,S0186,2026-04-01,0,0,0,0
U01889,C0186,S0186,2026-05-01,35,105,153,37
U01890,C0186,S0186,2026-06-01,25,57,67,18
U01891,C0186,S0186,2026-07-01,35,305,119,15
U01892,C0187,S0187,2026-01-01,4,21,14,2
U01893,C0187,S0187,2026-02-01,9,81,25,6
U01894,C0187,S0187,2026-03-01,11,101,28,8
U01895,C0187,S0187,2026-04-01,10,91,39,6
U01896,C0187,S0187,2026-05-01,4,12,19,3
U01897,C0187,S0187,2026-06-01,11,54,12,6
U01898,C0187,S0187,2026-07-01,4,29,19,2
U01899,C0188,S0188,2025-07-01,4,21,17,7
U01900,C0188,S0188,2025-08-01,0,0,0,0
U01901,C0188,S0188,2025-09-01,10,56,24,3
U01902,C0188,S0188,2025-10-01,11,100,24,4
U01903,C0188,S0188,2025-11-01,7,61,20,13
U01904,C0188,S0188,2025-12-01,3,19,4,6
U01905,C0188,S0188,2026-01-01,5,27,19,10
U01906,C0188,S0188,2026-02-01,8,79,25,2
U01907,C0188,S0188,2026-03-01,6,40,29,2
U01908,C0188,S0188,2026-04-01,11,90,27,11
U01909,C0188,S0188,2026-05-01,8,31,18,15
U01910,C0188,S0188,2026-06-01,10,48,47,18
U01911,C0188,S0188,2026-07-01,5,14,7,4
U01912,C0189,S0189,2025-08-01,5,24,13,8
U01913,C0189,S0189,2025-09-01,5,36,16,5
U01914,C0189,S0189,2025-10-01,2,10,7,2
U01915,C0189,S0189,2025-11-01,3,10,14,3
U01916,C0189,S0189,2025-12-01,0,0,0,0
U01917,C0189,S0189,2026-01-01,4,40,10,7
U01918,C0189,S0189,2026-02-01,0,0,0,0
U01919,C0189,S0189,2026-03-01,3,11,9,5
U01920,C0189,S0189,2026-04-01,5,43,18,2
U01921,C0189,S0189,2026-05-01,4,10,12,7
U01922,C0189,S0189,2026-06-01,5,20,19,4
U01923,C0189,S0189,2026-07-01,3,22,10,3
U01924,C0190,S0190,2025-06-01,31,180,66,19
U01925,C0190,S0190,2025-07-01,11,80,16,3
U01926,C0190,S0190,2025-08-01,25,177,60,41
U01927,C0190,S0190,2025-09-01,15,55,55,26
U01928,C0190,S0190,2025-10-01,18,133,47,19
U01929,C0190,S0190,2025-11-01,20,77,49,37
U01930,C0190,S0190,2025-12-01,22,179,57,6
U01931,C0190,S0190,2026-01-01,0,0,0,0
U01932,C0190,S0190,2026-02-01,14,91,63,23
U01933,C0190,S0190,2026-03-01,31,100,41,48
U01934,C0190,S0190,2026-04-01,33,302,108,29
U01935,C0190,S0190,2026-05-01,24,143,56,22
U01936,C0190,S0190,2026-06-01,34,97,58,62
U01937,C0190,S0190,2026-07-01,29,152,139,54
U01938,C0191,S0191,2025-10-01,6,24,24,10
U01939,C0191,S0191,2025-11-01,7,40,22,9
U01940,C0191,S0191,2025-12-01,6,16,26,12
U01941,C0191,S0191,2026-01-01,5,29,20,9
U01942,C0191,S0191,2026-02-01,4,17,18,6
U01943,C0191,S0191,2026-03-01,4,27,19,7
U01944,C0191,S0191,2026-04-01,0,0,0,0
U01945,C0191,S0191,2026-05-01,5,14,22,7
U01946,C0191,S0191,2026-06-01,6,14,7,8
U01947,C0191,S0191,2026-07-01,8,72,32,3
U01948,C0192,S0192,2025-11-01,22,77,57,11
U01949,C0192,S0192,2025-12-01,35,84,39,11
U01950,C0192,S0192,2026-01-01,27,164,87,28
U01951,C0192,S0192,2026-02-01,34,260,118,33
U01952,C0192,S0192,2026-03-01,35,349,170,43
U01953,C0192,S0192,2026-04-01,26,235,127,7
U01954,C0192,S0192,2026-05-01,26,81,65,46
U01955,C0192,S0192,2026-06-01,11,39,23,5
U01956,C0192,S0192,2026-07-01,28,128,74,8
U01957,C0193,S0193,2025-12-01,10,64,30,2
U01958,C0193,S0193,2026-01-01,5,48,24,9
U01959,C0193,S0193,2026-02-01,6,15,25,5
U01960,C0193,S0193,2026-03-01,4,12,8,7
U01961,C0193,S0193,2026-04-01,9,51,12,9
U01962,C0193,S0193,2026-05-01,10,26,21,15
U01963,C0193,S0193,2026-06-01,9,75,29,13
U01964,C0193,S0193,2026-07-01,8,73,29,13
U01965,C0194,S0194,2026-03-01,14,123,68,16
U01966,C0194,S0194,2026-04-01,27,178,77,6
U01967,C0194,S0194,2026-05-01,17,51,57,11
U01968,C0194,S0194,2026-06-01,28,254,33,7
U01969,C0194,S0194,2026-07-01,9,29,32,2
U01970,C0195,S0195,2026-02-01,4,31,19,6
U01971,C0195,S0195,2026-03-01,2,14,4,3
U01972,C0195,S0195,2026-04-01,2,11,5,2
U01973,C0195,S0195,2026-05-01,2,10,9,3
U01974,C0195,S0195,2026-06-01,3,12,12,4
U01975,C0195,S0195,2026-07-01,4,24,13,8
U01976,C0196,S0196,2026-02-01,11,30,21,12
U01977,C0196,S0196,2026-03-01,7,52,22,13
U01978,C0196,S0196,2026-04-01,10,43,17,15
U01979,C0196,S0196,2026-05-01,11,101,30,20
U01980,C0196,S0196,2026-06-01,6,31,10,6
U01981,C0196,S0196,2026-07-01,11,96,44,10
U01982,C0197,S0197,2026-04-01,10,88,20,12
U01983,C0197,S0197,2026-05-01,16,133,25,5
U01984,C0197,S0197,2026-06-01,3,12,8,5
U01985,C0197,S0197,2026-07-01,23,75,108,5
U01986,C0198,S0198,2025-02-01,5,20,20,4
U01987,C0198,S0198,2025-03-01,9,57,41,11
U01988,C0198,S0198,2025-04-01,8,45,15,13
U01989,C0198,S0198,2025-05-01,4,11,7,7
U01990,C0198,S0198,2025-06-01,11,73,51,7
U01991,C0198,S0198,2025-07-01,9,36,27,4
U01992,C0198,S0198,2025-08-01,8,51,12,7
U01993,C0198,S0198,2025-09-01,9,54,13,12
U01994,C0198,S0198,2025-10-01,5,28,17,9
U01995,C0198,S0198,2025-11-01,8,41,19,12
U01996,C0198,S0198,2025-12-01,7,37,25,12
U01997,C0198,S0198,2026-01-01,8,48,13,4
U01998,C0198,S0198,2026-02-01,10,43,32,12
U01999,C0198,S0198,2026-03-01,6,17,11,2
U02000,C0198,S0198,2026-04-01,3,8,4,2
U02001,C0198,S0198,2026-05-01,4,12,12,2
U02002,C0198,S0198,2026-06-01,3,10,14,3
U02003,C0198,S0198,2026-07-01,6,30,16,10
U02004,C0199,S0199,2025-01-01,9,60,27,13
U02005,C0199,S0199,2025-02-01,5,30,23,4
U02006,C0199,S0199,2025-03-01,3,27,15,5
U02007,C0199,S0199,2025-04-01,11,99,14,12
U02008,C0199,S0199,2025-05-01,7,14,12,12
U02009,C0199,S0199,2025-06-01,11,108,46,8
U02010,C0199,S0199,2025-07-01,3,16,14,5
U02011,C0199,S0199,2025-08-01,7,32,20,6
U02012,C0199,S0199,2025-09-01,9,83,38,5
U02013,C0199,S0199,2025-10-01,4,26,14,1
U02014,C0199,S0199,2025-11-01,7,57,11,9
U02015,C0199,S0199,2025-12-01,2,10,2,2
U02016,C0199,S0199,2026-01-01,7,70,12,6
U02017,C0199,S0199,2026-02-01,4,32,15,2
U02018,C0199,S0199,2026-03-01,11,26,41,17
U02019,C0199,S0199,2026-04-01,10,76,33,9
U02020,C0199,S0199,2026-05-01,10,54,12,5
U02021,C0199,S0199,2026-06-01,3,12,12,2
U02022,C0199,S0199,2026-07-01,0,0,0,0
U02023,C0200,S0200,2025-09-01,9,61,16,10
U02024,C0200,S0200,2025-10-01,0,0,0,0
U02025,C0200,S0200,2025-11-01,9,59,27,7
U02026,C0200,S0200,2025-12-01,9,26,28,7
U02027,C0200,S0200,2026-01-01,9,31,23,10
U02028,C0200,S0200,2026-02-01,9,52,38,10
U02029,C0200,S0200,2026-03-01,7,15,13,9
U02030,C0200,S0200,2026-04-01,2,4,8,3
U02031,C0200,S0200,2026-05-01,11,55,37,8
U02032,C0200,S0200,2026-06-01,11,84,44,18
U02033,C0200,S0200,2026-07-01,0,0,0,0
U02034,C0201,S0201,2025-10-01,2,8,3,1
U02035,C0201,S0201,2025-11-01,4,36,10,2
U02036,C0201,S0201,2025-12-01,2,10,9,4
U02037,C0201,S0201,2026-01-01,3,25,4,1
U02038,C0201,S0201,2026-02-01,4,35,18,1
U02039,C0201,S0201,2026-03-01,2,18,7,3
U02040,C0201,S0201,2026-04-01,3,11,14,3
U02041,C0201,S0201,2026-05-01,4,16,20,6
U02042,C0201,S0201,2026-06-01,2,6,4,3
U02043,C0201,S0201,2026-07-01,4,25,13,3
U02044,C0202,S0202,2025-06-01,7,47,33,13
U02045,C0202,S0202,2025-07-01,6,27,10,3
U02046,C0202,S0202,2025-08-01,5,23,7,2
U02047,C0202,S0202,2025-09-01,8,76,33,15
U02048,C0202,S0202,2025-10-01,5,22,10,8
U02049,C0202,S0202,2025-11-01,8,56,18,4
U02050,C0203,S0203,2026-05-01,25,225,100,40
U02051,C0203,S0203,2026-06-01,15,92,23,5
U02052,C0203,S0203,2026-07-01,29,237,91,38
U02053,C0204,S0204,2026-03-01,3,18,8,5
U02054,C0204,S0204,2026-04-01,3,21,8,3
U02055,C0204,S0204,2026-05-01,4,10,8,2
U02056,C0204,S0204,2026-06-01,4,13,9,4
U02057,C0204,S0204,2026-07-01,5,32,15,2
U02058,C0205,S0205,2025-08-01,11,84,19,18
U02059,C0205,S0205,2025-09-01,6,36,15,6
U02060,C0205,S0205,2025-10-01,7,67,31,12
U02061,C0205,S0205,2025-11-01,11,46,12,16
U02062,C0205,S0205,2025-12-01,9,49,15,15
U02063,C0205,S0205,2026-01-01,6,34,24,10
U02064,C0205,S0205,2026-02-01,5,30,11,6
U02065,C0205,S0205,2026-03-01,9,68,17,4
U02066,C0205,S0205,2026-04-01,6,36,24,3
U02067,C0205,S0205,2026-05-01,10,30,12,3
U02068,C0205,S0205,2026-06-01,4,24,14,2
U02069,C0205,S0205,2026-07-01,7,52,21,2
U02070,C0206,S0206,2025-01-01,23,57,71,17
U02071,C0206,S0206,2025-02-01,29,238,70,33
U02072,C0206,S0206,2025-03-01,22,73,64,23
U02073,C0206,S0206,2025-04-01,20,125,75,36
U02074,C0206,S0206,2025-05-01,16,93,21,16
U02075,C0206,S0206,2025-06-01,15,70,57,5
U02076,C0206,S0206,2025-07-01,15,125,62,14
U02077,C0206,S0206,2025-08-01,30,114,55,8
U02078,C0206,S0206,2025-09-01,32,127,58,24
U02079,C0206,S0206,2025-10-01,17,108,39,25
U02080,C0206,S0206,2025-11-01,12,30,47,11
U02081,C0206,S0206,2025-12-01,28,70,65,6
U02082,C0206,S0206,2026-01-01,30,296,146,28
U02083,C0206,S0206,2026-02-01,18,125,34,10
U02084,C0206,S0206,2026-03-01,20,50,57,9
U02085,C0206,S0206,2026-04-01,16,120,58,19
U02086,C0206,S0206,2026-05-01,7,26,27,4
U02087,C0206,S0206,2026-06-01,12,87,15,3
U02088,C0206,S0206,2026-07-01,24,208,52,37
U02089,C0207,S0207,2025-08-01,11,22,29,10
U02090,C0207,S0207,2025-09-01,26,108,119,7
U02091,C0207,S0207,2025-10-01,10,21,14,5
U02092,C0207,S0207,2025-11-01,20,73,40,29
U02093,C0207,S0207,2025-12-01,11,28,52,14
U02094,C0207,S0207,2026-01-01,23,189,69,45
U02095,C0207,S0207,2026-02-01,31,179,52,34
U02096,C0207,S0207,2026-03-01,18,180,85,17
U02097,C0207,S0207,2026-04-01,25,95,101,26
U02098,C0207,S0207,2026-05-01,28,133,55,38
U02099,C0207,S0207,2026-06-01,32,299,60,49
U02100,C0207,S0207,2026-07-01,24,223,97,7
U02101,C0208,S0208,2025-08-01,0,0,0,0
U02102,C0208,S0208,2025-09-01,35,207,162,63
U02103,C0208,S0208,2025-10-01,29,251,83,20
U02104,C0208,S0208,2025-11-01,0,0,0,0
U02105,C0208,S0208,2025-12-01,8,46,25,9
U02106,C0208,S0208,2026-01-01,8,77,23,4
U02107,C0208,S0208,2026-02-01,29,238,49,25
U02108,C0208,S0208,2026-03-01,22,119,60,18
U02109,C0208,S0208,2026-04-01,16,74,80,30
U02110,C0208,S0208,2026-05-01,6,53,29,4
U02111,C0208,S0208,2026-06-01,0,0,0,0
U02112,C0208,S0208,2026-07-01,25,241,84,33
U02113,C0209,S0209,2025-12-01,27,155,34,11
U02114,C0209,S0209,2026-01-01,15,90,15,10
U02115,C0209,S0209,2026-02-01,18,106,34,9
U02116,C0209,S0209,2026-03-01,13,117,56,13
U02117,C0209,S0209,2026-04-01,8,28,25,6
U02118,C0209,S0209,2026-05-01,15,101,67,30
U02119,C0209,S0209,2026-06-01,18,106,25,8
U02120,C0209,S0209,2026-07-01,26,170,108,41
U02121,C0210,S0210,2026-05-01,7,28,28,6
U02122,C0210,S0210,2026-06-01,0,0,0,0
U02123,C0210,S0210,2026-07-01,6,46,25,2
U02124,C0211,S0211,2025-03-01,21,69,27,16
U02125,C0211,S0211,2025-04-01,31,109,108,24
U02126,C0211,S0211,2025-05-01,15,148,49,27
U02127,C0211,S0211,2025-06-01,23,59,100,33
U02128,C0211,S0211,2025-07-01,20,118,95,5
U02129,C0211,S0211,2025-08-01,17,155,17,33
U02130,C0211,S0211,2025-09-01,32,97,140,20
U02131,C0211,S0211,2025-10-01,0,0,0,0
U02132,C0211,S0211,2025-11-01,19,97,68,28
U02133,C0211,S0211,2025-12-01,12,32,52,18
U02134,C0211,S0211,2026-01-01,32,136,132,13
U02135,C0211,S0211,2026-02-01,8,44,12,16
U02136,C0211,S0211,2026-03-01,28,243,133,44
U02137,C0211,S0211,2026-04-01,14,82,33,24
U02138,C0211,S0211,2026-05-01,30,156,101,51
U02139,C0211,S0211,2026-06-01,16,67,46,16
U02140,C0211,S0211,2026-07-01,30,274,99,49
U02141,C0212,S0212,2026-02-01,18,124,33,12
U02142,C0212,S0212,2026-03-01,30,96,42,31
U02143,C0212,S0212,2026-04-01,28,61,70,9
U02144,C0212,S0212,2026-05-01,15,78,61,15
U02145,C0212,S0212,2026-06-01,24,139,62,10
U02146,C0212,S0212,2026-07-01,33,186,43,33
U02147,C0213,S0213,2025-03-01,3,16,6,2
U02148,C0213,S0213,2025-04-01,9,77,39,15
U02149,C0213,S0213,2025-05-01,10,82,15,19
U02150,C0213,S0213,2025-06-01,3,11,13,2
U02151,C0213,S0213,2025-07-01,3,23,13,5
U02152,C0213,S0213,2025-08-01,3,25,12,2
U02153,C0213,S0213,2025-09-01,9,37,13,4
U02154,C0213,S0213,2025-10-01,6,28,28,1
U02155,C0213,S0213,2025-11-01,4,37,16,6
U02156,C0213,S0213,2025-12-01,4,15,6,8
U02157,C0213,S0213,2026-01-01,10,48,18,4
U02158,C0213,S0213,2026-02-01,0,0,0,0
U02159,C0213,S0213,2026-03-01,7,43,14,8
U02160,C0213,S0213,2026-04-01,11,25,32,7
U02161,C0213,S0213,2026-05-01,6,20,28,3
U02162,C0213,S0213,2026-06-01,9,23,20,2
U02163,C0213,S0213,2026-07-01,10,65,46,18
U02164,C0214,S0214,2026-06-01,9,75,40,4
U02165,C0214,S0214,2026-07-01,6,46,15,6
U02166,C0215,S0215,2025-12-01,51,395,203,99
U02167,C0215,S0215,2026-01-01,21,53,70,35
U02168,C0215,S0215,2026-02-01,20,182,45,30
U02169,C0215,S0215,2026-03-01,47,341,55,28
U02170,C0215,S0215,2026-04-01,83,226,300,98
U02171,C0215,S0215,2026-05-01,21,139,55,40
U02172,C0215,S0215,2026-06-01,49,143,173,84
U02173,C0215,S0215,2026-07-01,54,123,243,62
U02174,C0216,S0216,2025-10-01,85,687,361,130
U02175,C0216,S0216,2025-11-01,73,675,188,71
U02176,C0216,S0216,2025-12-01,38,253,60,22
U02177,C0216,S0216,2026-01-01,65,610,291,16
U02178,C0216,S0216,2026-02-01,21,167,104,27
U02179,C0216,S0216,2026-03-01,25,166,54,8
U02180,C0216,S0216,2026-04-01,30,178,138,19
U02181,C0216,S0216,2026-05-01,74,578,183,111
U02182,C0216,S0216,2026-06-01,35,256,87,70
U02183,C0216,S0216,2026-07-01,56,378,196,45
U02184,C0217,S0217,2025-02-01,28,93,110,29
U02185,C0217,S0217,2025-03-01,34,275,69,43
U02186,C0217,S0217,2025-04-01,20,175,33,17
U02187,C0217,S0217,2025-05-01,20,87,79,15
U02188,C0217,S0217,2025-06-01,11,49,52,3
U02189,C0217,S0217,2025-07-01,24,92,39,13
U02190,C0217,S0217,2025-08-01,29,259,36,48
U02191,C0217,S0217,2025-09-01,10,72,29,17
U02192,C0217,S0217,2025-10-01,23,127,82,18
U02193,C0217,S0217,2025-11-01,17,137,23,6
U02194,C0217,S0217,2025-12-01,17,70,83,24
U02195,C0217,S0217,2026-01-01,22,73,85,27
U02196,C0217,S0217,2026-02-01,14,139,21,23
U02197,C0217,S0217,2026-03-01,27,80,70,17
U02198,C0217,S0217,2026-04-01,21,79,41,13
U02199,C0217,S0217,2026-05-01,18,73,19,6
U02200,C0217,S0217,2026-06-01,10,55,31,12
U02201,C0217,S0217,2026-07-01,17,142,67,24
U02202,C0218,S0218,2025-05-01,6,44,29,5
U02203,C0218,S0218,2025-06-01,6,48,6,1
U02204,C0218,S0218,2025-07-01,8,50,31,12
U02205,C0218,S0218,2025-08-01,7,42,19,5
U02206,C0218,S0218,2025-09-01,6,58,18,2
U02207,C0218,S0218,2025-10-01,11,97,24,14
U02208,C0218,S0218,2025-11-01,6,34,20,8
U02209,C0218,S0218,2025-12-01,5,44,18,3
U02210,C0218,S0218,2026-01-01,3,10,4,5
U02211,C0218,S0218,2026-02-01,8,74,39,11
U02212,C0218,S0218,2026-03-01,3,19,10,2
U02213,C0218,S0218,2026-04-01,8,63,12,10
U02214,C0218,S0218,2026-05-01,7,53,10,4
U02215,C0218,S0218,2026-06-01,5,28,6,6
U02216,C0218,S0218,2026-07-01,4,30,12,1
U02217,C0219,S0219,2025-11-01,11,34,17,12
U02218,C0219,S0219,2025-12-01,10,46,24,15
U02219,C0219,S0219,2026-01-01,7,60,25,7
U02220,C0219,S0219,2026-02-01,8,72,31,4
U02221,C0219,S0219,2026-03-01,7,40,17,13
U02222,C0219,S0219,2026-04-01,11,73,50,9
U02223,C0219,S0219,2026-05-01,5,45,6,3
U02224,C0219,S0219,2026-06-01,11,49,35,21
U02225,C0219,S0219,2026-07-01,8,51,34,14
U02226,C0220,S0220,2025-04-01,4,31,16,3
U02227,C0220,S0220,2025-05-01,0,0,0,0
U02228,C0220,S0220,2025-06-01,9,81,25,16
U02229,C0220,S0220,2025-07-01,3,30,8,1
U02230,C0220,S0220,2025-08-01,4,19,12,4
U02231,C0220,S0220,2025-09-01,6,42,22,4
U02232,C0220,S0220,2025-10-01,7,32,34,11
U02233,C0220,S0220,2025-11-01,7,36,25,3
U02234,C0220,S0220,2025-12-01,10,31,46,8
U02235,C0220,S0220,2026-01-01,11,37,38,6
U02236,C0220,S0220,2026-02-01,0,0,0,0
U02237,C0220,S0220,2026-03-01,6,53,23,2
U02238,C0220,S0220,2026-04-01,9,65,45,15
U02239,C0220,S0220,2026-05-01,8,68,28,5
U02240,C0220,S0220,2026-06-01,11,88,51,18
U02241,C0220,S0220,2026-07-01,9,53,32,5
U02242,C0221,S0221,2026-01-01,4,23,11,7
U02243,C0221,S0221,2026-02-01,8,27,31,7
U02244,C0221,S0221,2026-03-01,4,27,17,2
U02245,C0221,S0221,2026-04-01,5,48,8,9
U02246,C0221,S0221,2026-05-01,4,15,11,5
U02247,C0221,S0221,2026-06-01,5,39,17,5
U02248,C0221,S0221,2026-07-01,7,45,21,2
U02249,C0222,S0222,2026-02-01,2,12,8,2
U02250,C0222,S0222,2026-03-01,5,40,7,9
U02251,C0222,S0222,2026-04-01,2,17,7,1
U02252,C0222,S0222,2026-05-01,2,18,5,1
U02253,C0222,S0222,2026-06-01,4,28,5,6
U02254,C0222,S0222,2026-07-01,3,12,6,5
U02255,C0223,S0223,2025-10-01,7,24,35,13
U02256,C0223,S0223,2025-11-01,11,109,19,5
U02257,C0223,S0223,2025-12-01,4,28,19,2
U02258,C0223,S0223,2026-01-01,9,41,16,11
U02259,C0223,S0223,2026-02-01,9,60,23,6
U02260,C0223,S0223,2026-03-01,9,43,44,5
U02261,C0223,S0223,2026-04-01,10,54,47,14
U02262,C0223,S0223,2026-05-01,5,43,18,9
U02263,C0223,S0223,2026-06-01,9,80,39,5
U02264,C0223,S0223,2026-07-01,7,50,19,11
U02265,C0224,S0224,2025-07-01,32,237,48,18
U02266,C0224,S0224,2025-08-01,8,77,37,10
U02267,C0224,S0224,2025-09-01,22,147,90,25
U02268,C0224,S0224,2025-10-01,16,64,80,25
U02269,C0224,S0224,2025-11-01,35,330,160,55
U02270,C0224,S0224,2025-12-01,17,87,40,18
U02271,C0224,S0224,2026-01-01,18,84,51,24
U02272,C0224,S0224,2026-02-01,6,57,26,4
U02273,C0224,S0224,2026-03-01,26,113,47,12
U02274,C0224,S0224,2026-04-01,20,68,56,33
U02275,C0224,S0224,2026-05-01,31,68,131,27
U02276,C0224,S0224,2026-06-01,35,154,101,63
U02277,C0224,S0224,2026-07-01,13,129,14,22
U02278,C0225,S0225,2025-09-01,4,14,13,5
U02279,C0225,S0225,2025-10-01,3,27,12,5
U02280,C0225,S0225,2025-11-01,3,12,9,5
U02281,C0225,S0225,2025-12-01,4,28,9,5
U02282,C0225,S0225,2026-01-01,1,6,2,2
U02283,C0225,S0225,2026-02-01,4,36,9,8
U02284,C0225,S0225,2026-03-01,4,33,14,5
U02285,C0225,S0225,2026-04-01,3,12,15,2
U02286,C0225,S0225,2026-05-01,3,29,11,6
U02287,C0225,S0225,2026-06-01,2,6,10,3
U02288,C0225,S0225,2026-07-01,4,27,13,4
U02289,C0226,S0226,2025-08-01,7,30,9,11
U02290,C0226,S0226,2025-09-01,4,35,9,6
U02291,C0226,S0226,2025-10-01,4,12,7,2
U02292,C0226,S0226,2025-11-01,10,46,13,6
U02293,C0226,S0226,2025-12-01,3,7,5,5
U02294,C0226,S0226,2026-01-01,3,17,10,4
U02295,C0226,S0226,2026-02-01,8,65,31,12
U02296,C0226,S0226,2026-03-01,3,25,6,1
U02297,C0226,S0226,2026-04-01,4,25,15,5
U02298,C0226,S0226,2026-05-01,3,28,9,2
U02299,C0226,S0226,2026-06-01,4,9,10,4
U02300,C0226,S0226,2026-07-01,3,6,14,1
U02301,C0227,S0227,2026-01-01,9,52,31,3
U02302,C0227,S0227,2026-02-01,25,125,26,46
U02303,C0227,S0227,2026-03-01,21,126,52,38
U02304,C0227,S0227,2026-04-01,28,120,41,49
U02305,C0227,S0227,2026-05-01,20,185,60,14
U02306,C0227,S0227,2026-06-01,0,0,0,0
U02307,C0227,S0227,2026-07-01,24,219,41,40
U02308,C0228,S0228,2026-01-01,10,49,44,17
U02309,C0228,S0228,2026-02-01,11,103,23,20
U02310,C0228,S0228,2026-03-01,10,87,36,6
U02311,C0228,S0228,2026-04-01,9,50,12,6
U02312,C0228,S0228,2026-05-01,29,192,118,23
U02313,C0228,S0228,2026-06-01,21,55,36,17
U02314,C0228,S0228,2026-07-01,34,159,96,32
U02315,C0229,S0229,2025-10-01,27,54,53,43
U02316,C0229,S0229,2025-11-01,25,174,100,30
U02317,C0229,S0229,2025-12-01,13,115,20,21
U02318,C0229,S0229,2026-01-01,19,114,95,11
U02319,C0229,S0229,2026-02-01,23,213,111,29
U02320,C0229,S0229,2026-03-01,13,28,44,15
U02321,C0229,S0229,2026-04-01,26,59,61,7
U02322,C0229,S0229,2026-05-01,21,205,89,16
U02323,C0229,S0229,2026-06-01,13,38,21,23
U02324,C0229,S0229,2026-07-01,17,134,36,4
U02325,C0230,S0230,2025-08-01,63,571,160,56
U02326,C0230,S0230,2025-09-01,51,220,55,70
U02327,C0230,S0230,2025-10-01,42,139,153,11
U02328,C0230,S0230,2025-11-01,59,293,81,105
U02329,C0230,S0230,2025-12-01,43,288,48,47
U02330,C0230,S0230,2026-01-01,29,116,69,31
U02331,C0230,S0230,2026-02-01,86,780,263,17
U02332,C0230,S0230,2026-03-01,54,485,144,82
U02333,C0230,S0230,2026-04-01,0,0,0,0
U02334,C0230,S0230,2026-05-01,28,152,112,15
U02335,C0230,S0230,2026-06-01,11,23,32,17
U02336,C0230,S0230,2026-07-01,78,655,193,145
U02337,C0231,S0231,2025-06-01,30,104,62,20
U02338,C0231,S0231,2025-07-01,16,117,61,24
U02339,C0231,S0231,2025-08-01,34,83,112,58
U02340,C0231,S0231,2025-09-01,23,131,54,15
U02341,C0231,S0231,2025-10-01,35,140,81,32
U02342,C0231,S0231,2025-11-01,22,123,73,31
U02343,C0231,S0231,2025-12-01,7,20,9,2
U02344,C0231,S0231,2026-01-01,13,79,13,15
U02345,C0231,S0231,2026-02-01,14,32,57,21
U02346,C0231,S0231,2026-03-01,19,99,77,19
U02347,C0231,S0231,2026-04-01,18,105,55,5
U02348,C0231,S0231,2026-05-01,27,240,107,21
U02349,C0231,S0231,2026-06-01,32,280,151,18
U02350,C0231,S0231,2026-07-01,35,148,90,67
U02351,C0232,S0232,2025-09-01,10,36,36,13
U02352,C0232,S0232,2025-10-01,10,93,17,16
U02353,C0232,S0232,2025-11-01,6,39,19,6
U02354,C0232,S0232,2025-12-01,4,16,18,6
U02355,C0232,S0232,2026-01-01,3,29,5,3
U02356,C0232,S0232,2026-02-01,7,44,19,5
U02357,C0233,S0233,2025-11-01,0,0,0,0
U02358,C0233,S0233,2025-12-01,25,128,81,22
U02359,C0233,S0233,2026-01-01,14,28,66,14
U02360,C0233,S0233,2026-02-01,13,59,24,9
U02361,C0233,S0233,2026-03-01,16,51,72,11
U02362,C0233,S0233,2026-04-01,8,50,11,7
U02363,C0234,S0234,2025-04-01,20,178,66,20
U02364,C0234,S0234,2025-05-01,35,306,46,42
U02365,C0234,S0234,2025-06-01,15,123,16,4
U02366,C0234,S0234,2025-07-01,18,40,65,25
U02367,C0235,S0235,2026-02-01,7,21,18,10
U02368,C0235,S0235,2026-03-01,7,29,13,3
U02369,C0235,S0235,2026-04-01,6,20,28,2
U02370,C0235,S0235,2026-05-01,3,7,14,4
U02371,C0235,S0235,2026-06-01,9,62,28,10
U02372,C0235,S0235,2026-07-01,10,44,33,18
U02373,C0236,S0236,2025-10-01,34,329,97,10
U02374,C0236,S0236,2025-11-01,54,306,67,69
U02375,C0236,S0236,2025-12-01,46,310,100,87
U02376,C0236,S0236,2026-01-01,58,281,146,36
U02377,C0236,S0236,2026-02-01,85,462,323,106
U02378,C0236,S0236,2026-03-01,82,319,115,148
U02379,C0236,S0236,2026-04-01,24,227,59,31
U02380,C0236,S0236,2026-05-01,78,491,195,24
U02381,C0236,S0236,2026-06-01,85,602,164,42
U02382,C0236,S0236,2026-07-01,24,110,60,45
U02383,C0237,S0237,2025-06-01,0,0,0,0
U02384,C0237,S0237,2025-07-01,11,82,19,17
U02385,C0237,S0237,2025-08-01,30,251,54,56
U02386,C0237,S0237,2025-09-01,10,32,25,11
U02387,C0237,S0237,2025-10-01,23,217,111,21
U02388,C0237,S0237,2025-11-01,3,23,8,3
U02389,C0237,S0237,2025-12-01,14,98,16,28
U02390,C0237,S0237,2026-01-01,21,50,71,13
U02391,C0237,S0237,2026-02-01,22,95,98,26
U02392,C0237,S0237,2026-03-01,27,224,51,21
U02393,C0237,S0237,2026-04-01,17,67,30,30
U02394,C0237,S0237,2026-05-01,15,120,45,8
U02395,C0237,S0237,2026-06-01,14,139,25,20
U02396,C0237,S0237,2026-07-01,11,62,22,16
U02397,C0238,S0238,2025-08-01,11,95,49,16
U02398,C0238,S0238,2025-09-01,10,43,15,20
U02399,C0238,S0238,2025-10-01,4,30,8,7
U02400,C0238,S0238,2025-11-01,8,31,16,8
U02401,C0238,S0238,2025-12-01,3,9,8,6
U02402,C0238,S0238,2026-01-01,5,15,19,4
U02403,C0238,S0238,2026-02-01,6,36,13,9
U02404,C0238,S0238,2026-03-01,10,69,25,5
U02405,C0238,S0238,2026-04-01,6,34,27,4
U02406,C0238,S0238,2026-05-01,10,57,37,11
U02407,C0238,S0238,2026-06-01,5,37,12,9
U02408,C0238,S0238,2026-07-01,4,29,12,2
U02409,C0239,S0239,2025-07-01,20,180,79,26
U02410,C0239,S0239,2025-08-01,64,528,200,90
U02411,C0239,S0239,2025-09-01,39,173,92,64
U02412,C0239,S0239,2025-10-01,78,274,105,46
U02413,C0239,S0239,2025-11-01,69,453,139,78
U02414,C0239,S0239,2025-12-01,47,218,192,22
U02415,C0239,S0239,2026-01-01,40,124,58,32
U02416,C0239,S0239,2026-02-01,55,335,131,58
U02417,C0239,S0239,2026-03-01,82,706,197,117
U02418,C0239,S0239,2026-04-01,20,199,70,6
U02419,C0239,S0239,2026-05-01,41,124,177,57
U02420,C0239,S0239,2026-06-01,50,171,153,58
U02421,C0239,S0239,2026-07-01,25,225,59,18
U02422,C0240,S0240,2025-09-01,5,37,12,4
U02423,C0240,S0240,2025-10-01,6,17,25,1
U02424,C0240,S0240,2025-11-01,7,26,13,13
U02425,C0240,S0240,2025-12-01,6,40,7,3
U02426,C0240,S0240,2026-01-01,5,22,14,1
U02427,C0240,S0240,2026-02-01,3,21,7,6
U02428,C0240,S0240,2026-03-01,5,40,5,4
U02429,C0240,S0240,2026-04-01,3,29,10,6
U02430,C0240,S0240,2026-05-01,3,29,14,1
U02431,C0240,S0240,2026-06-01,6,17,22,2
U02432,C0240,S0240,2026-07-01,10,20,49,10
U02433,C0241,S0241,2026-05-01,25,155,73,35
U02434,C0241,S0241,2026-06-01,24,222,84,26
U02435,C0241,S0241,2026-07-01,0,0,0,0
U02436,C0242,S0242,2026-04-01,29,84,121,19
U02437,C0242,S0242,2026-05-01,28,200,96,49
U02438,C0242,S0242,2026-06-01,34,117,143,47
U02439,C0242,S0242,2026-07-01,12,48,50,21
U02440,C0243,S0243,2025-03-01,4,16,12,1
U02441,C0243,S0243,2025-04-01,5,38,21,4
U02442,C0243,S0243,2025-05-01,8,39,14,12
U02443,C0243,S0243,2025-06-01,3,27,6,3
U02444,C0243,S0243,2025-07-01,6,54,6,5
U02445,C0243,S0243,2025-08-01,0,0,0,0
U02446,C0243,S0243,2025-09-01,9,63,36,16
U02447,C0243,S0243,2025-10-01,10,31,37,6
U02448,C0243,S0243,2025-11-01,9,43,25,7
U02449,C0243,S0243,2025-12-01,10,97,40,6
U02450,C0243,S0243,2026-01-01,5,11,18,2
U02451,C0243,S0243,2026-02-01,8,46,40,14
U02452,C0243,S0243,2026-03-01,3,30,3,1
U02453,C0243,S0243,2026-04-01,3,7,7,3
U02454,C0243,S0243,2026-05-01,11,93,50,15
U02455,C0243,S0243,2026-06-01,3,21,3,5
U02456,C0243,S0243,2026-07-01,10,45,40,19
U02457,C0244,S0244,2025-11-01,10,68,34,18
U02458,C0244,S0244,2025-12-01,5,47,22,2
U02459,C0244,S0244,2026-01-01,11,66,14,4
U02460,C0244,S0244,2026-02-01,10,44,12,19
U02461,C0244,S0244,2026-03-01,0,0,0,0
U02462,C0244,S0244,2026-04-01,8,45,13,15
U02463,C0244,S0244,2026-05-01,7,36,31,13
U02464,C0244,S0244,2026-06-01,6,45,27,12
U02465,C0244,S0244,2026-07-01,3,6,8,1
U02466,C0245,S0245,2025-11-01,18,82,62,18
U02467,C0245,S0245,2025-12-01,26,71,44,7
U02468,C0245,S0245,2026-01-01,15,99,18,25
U02469,C0245,S0245,2026-02-01,19,163,70,20
U02470,C0245,S0245,2026-03-01,26,154,96,10
U02471,C0245,S0245,2026-04-01,34,136,71,24
U02472,C0245,S0245,2026-05-01,34,117,144,19
U02473,C0245,S0245,2026-06-01,2,19,9,1
U02474,C0245,S0245,2026-07-01,24,176,51,47
U02475,C0246,S0246,2025-05-01,13,52,17,15
U02476,C0246,S0246,2025-06-01,16,51,17,6
U02477,C0246,S0246,2025-07-01,30,69,66,59
U02478,C0246,S0246,2025-08-01,8,26,33,11
U02479,C0246,S0246,2025-09-01,22,102,66,38
U02480,C0246,S0246,2025-10-01,29,270,52,11
U02481,C0246,S0246,2025-11-01,33,260,139,35
U02482,C0246,S0246,2025-12-01,19,95,93,31
U02483,C0246,S0246,2026-01-01,2,15,5,3
U02484,C0246,S0246,2026-02-01,4,12,14,5
U02485,C0246,S0246,2026-03-01,9,47,37,14
U02486,C0246,S0246,2026-04-01,33,101,42,53
U02487,C0246,S0246,2026-05-01,19,53,92,11
U02488,C0246,S0246,2026-06-01,12,27,52,3
U02489,C0247,S0247,2025-06-01,10,54,22,11
U02490,C0247,S0247,2025-07-01,11,92,41,15
U02491,C0247,S0247,2025-08-01,5,34,24,3
U02492,C0247,S0247,2025-09-01,0,0,0,0
U02493,C0247,S0247,2025-10-01,8,40,12,14
U02494,C0247,S0247,2025-11-01,3,25,5,1
U02495,C0247,S0247,2025-12-01,1,3,3,1
U02496,C0247,S0247,2026-01-01,6,16,14,3
U02497,C0247,S0247,2026-02-01,5,29,8,5
U02498,C0247,S0247,2026-03-01,8,28,17,2
U02499,C0247,S0247,2026-04-01,10,84,38,17
U02500,C0247,S0247,2026-05-01,5,41,16,3
U02501,C0247,S0247,2026-06-01,3,25,14,1
U02502,C0247,S0247,2026-07-01,6,31,14,8
U02503,C0248,S0248,2025-02-01,20,157,50,27
U02504,C0248,S0248,2025-03-01,0,0,0,0
U02505,C0248,S0248,2025-04-01,20,82,28,8
U02506,C0248,S0248,2025-05-01,10,86,14,10
U02507,C0248,S0248,2025-06-01,13,63,24,26
U02508,C0249,S0249,2025-03-01,0,0,0,0
U02509,C0249,S0249,2025-04-01,10,23,39,4
U02510,C0249,S0249,2025-05-01,11,70,41,8
U02511,C0249,S0249,2025-06-01,11,53,46,3
U02512,C0249,S0249,2025-07-01,7,52,14,1
U02513,C0249,S0249,2025-08-01,6,53,18,8
U02514,C0249,S0249,2025-09-01,4,9,15,1
U02515,C0249,S0249,2025-10-01,0,0,0,0
U02516,C0249,S0249,2025-11-01,4,29,20,7
U02517,C0249,S0249,2025-12-01,11,87,16,14
U02518,C0249,S0249,2026-01-01,11,65,38,6
U02519,C0249,S0249,2026-02-01,8,69,39,8
U02520,C0249,S0249,2026-03-01,11,76,50,17
U02521,C0249,S0249,2026-04-01,11,100,35,9
U02522,C0249,S0249,2026-05-01,4,23,5,7
U02523,C0249,S0249,2026-06-01,5,20,17,1
U02524,C0249,S0249,2026-07-01,4,39,13,1
U02525,C0250,S0250,2025-08-01,14,99,31,7
U02526,C0250,S0250,2025-09-01,8,56,32,6
U02527,C0250,S0250,2025-10-01,10,57,39,9
U02528,C0250,S0250,2025-11-01,15,132,64,23
U02529,C0250,S0250,2025-12-01,22,210,50,20
U02530,C0250,S0250,2026-01-01,22,84,88,21
U02531,C0250,S0250,2026-02-01,29,254,120,50
U02532,C0250,S0250,2026-03-01,20,114,21,22
U02533,C0250,S0250,2026-04-01,31,254,37,38
U02534,C0250,S0250,2026-05-01,34,78,121,55
U02535,C0250,S0250,2026-06-01,20,167,79,26
U02536,C0250,S0250,2026-07-01,13,111,59,6
U02537,C0251,S0251,2025-02-01,1,3,5,1
U02538,C0251,S0251,2025-03-01,2,9,2,1
U02539,C0251,S0251,2025-04-01,4,23,8,7
U02540,C0251,S0251,2025-05-01,4,20,6,2
U02541,C0251,S0251,2025-06-01,2,6,7,3
U02542,C0251,S0251,2025-07-01,2,4,7,4
U02543,C0251,S0251,2025-08-01,4,20,8,3
U02544,C0251,S0251,2025-09-01,1,9,2,1
U02545,C0251,S0251,2025-10-01,1,4,3,0
U02546,C0251,S0251,2025-11-01,3,28,10,1
U02547,C0251,S0251,2025-12-01,1,2,3,1
U02548,C0251,S0251,2026-01-01,1,7,2,1
U02549,C0251,S0251,2026-02-01,2,8,9,3
U02550,C0251,S0251,2026-03-01,3,26,4,1
U02551,C0251,S0251,2026-04-01,4,16,11,2
U02552,C0251,S0251,2026-05-01,0,0,0,0
U02553,C0251,S0251,2026-06-01,3,18,4,4
U02554,C0251,S0251,2026-07-01,2,18,3,1
U02555,C0252,S0252,2025-12-01,28,97,34,33
U02556,C0252,S0252,2026-01-01,9,76,11,2
U02557,C0252,S0252,2026-02-01,22,179,100,14
U02558,C0252,S0252,2026-03-01,35,160,159,34
U02559,C0252,S0252,2026-04-01,35,101,78,44
U02560,C0252,S0252,2026-05-01,0,0,0,0
U02561,C0252,S0252,2026-06-01,31,242,45,58
U02562,C0252,S0252,2026-07-01,1,2,4,1
U02563,C0253,S0253,2026-01-01,6,25,19,11
U02564,C0253,S0253,2026-02-01,17,98,31,11
U02565,C0253,S0253,2026-03-01,34,196,138,66
U02566,C0253,S0253,2026-04-01,31,240,70,58
U02567,C0253,S0253,2026-05-01,25,176,28,11
U02568,C0253,S0253,2026-06-01,9,90,43,8
U02569,C0253,S0253,2026-07-01,19,158,66,26
U02570,C0254,S0254,2026-03-01,1,2,3,2
U02571,C0254,S0254,2026-04-01,10,34,11,14
U02572,C0254,S0254,2026-05-01,10,22,28,10
U02573,C0254,S0254,2026-06-01,1,5,2,2
U02574,C0254,S0254,2026-07-01,4,24,5,6
U02575,C0255,S0255,2025-04-01,15,55,21,4
U02576,C0255,S0255,2025-05-01,13,81,41,22
U02577,C0255,S0255,2025-06-01,10,20,16,19
U02578,C0255,S0255,2025-07-01,9,80,40,16
U02579,C0255,S0255,2025-08-01,2,16,8,1
U02580,C0255,S0255,2025-09-01,12,117,28,13
U02581,C0255,S0255,2025-10-01,31,219,63,10
U02582,C0255,S0255,2025-11-01,22,97,95,17
U02583,C0255,S0255,2025-12-01,27,225,115,53
U02584,C0255,S0255,2026-01-01,24,167,31,9
U02585,C0255,S0255,2026-02-01,13,82,40,11
U02586,C0255,S0255,2026-03-01,16,74,22,17
U02587,C0255,S0255,2026-04-01,18,88,56,16
U02588,C0255,S0255,2026-05-01,25,109,109,44
U02589,C0255,S0255,2026-06-01,25,75,26,31
U02590,C0255,S0255,2026-07-01,26,221,28,37
U02591,C0256,S0256,2026-04-01,21,110,58,33
U02592,C0256,S0256,2026-05-01,14,106,66,13
U02593,C0256,S0256,2026-06-01,24,103,63,17
U02594,C0256,S0256,2026-07-01,10,27,39,12
U02595,C0257,S0257,2025-04-01,32,67,142,41
U02596,C0257,S0257,2025-05-01,15,103,27,24
U02597,C0257,S0257,2025-06-01,10,21,33,5
U02598,C0257,S0257,2025-07-01,15,134,68,7
U02599,C0257,S0257,2025-08-01,27,163,126,20
U02600,C0257,S0257,2025-09-01,29,183,145,55
U02601,C0257,S0257,2025-10-01,21,201,98,30
U02602,C0257,S0257,2025-11-01,19,82,22,5
U02603,C0257,S0257,2025-12-01,20,101,73,22
U02604,C0257,S0257,2026-01-01,13,101,26,17
U02605,C0257,S0257,2026-02-01,27,241,41,52
U02606,C0257,S0257,2026-03-01,13,78,53,11
U02607,C0257,S0257,2026-04-01,10,33,12,5
U02608,C0257,S0257,2026-05-01,13,69,60,4
U02609,C0257,S0257,2026-06-01,18,107,42,11
U02610,C0257,S0257,2026-07-01,9,53,23,12
U02611,C0258,S0258,2025-10-01,5,36,21,10
U02612,C0258,S0258,2025-11-01,6,55,28,2
U02613,C0258,S0258,2025-12-01,7,68,24,12
U02614,C0258,S0258,2026-01-01,6,18,7,9
U02615,C0258,S0258,2026-02-01,5,12,15,1
U02616,C0258,S0258,2026-03-01,5,43,12,4
U02617,C0258,S0258,2026-04-01,6,56,28,4
U02618,C0258,S0258,2026-05-01,6,40,14,5
U02619,C0258,S0258,2026-06-01,5,15,16,6
U02620,C0258,S0258,2026-07-01,9,59,17,11
U02621,C0259,S0259,2025-07-01,3,6,5,5
U02622,C0259,S0259,2025-08-01,4,30,17,5
U02623,C0259,S0259,2025-09-01,5,19,23,9
U02624,C0259,S0259,2025-10-01,4,35,6,6
U02625,C0259,S0259,2025-11-01,1,4,4,0
U02626,C0259,S0259,2025-12-01,3,25,8,3
U02627,C0259,S0259,2026-01-01,1,8,2,2
U02628,C0259,S0259,2026-02-01,4,30,8,1
U02629,C0259,S0259,2026-03-01,2,4,9,3
U02630,C0259,S0259,2026-04-01,2,5,8,1
U02631,C0259,S0259,2026-05-01,2,16,3,2
U02632,C0259,S0259,2026-06-01,2,17,9,3
U02633,C0259,S0259,2026-07-01,3,10,9,6
U02634,C0260,S0260,2025-03-01,23,172,47,19
U02635,C0260,S0260,2025-04-01,21,99,68,37
U02636,C0260,S0260,2025-05-01,9,61,41,2
U02637,C0260,S0260,2025-06-01,11,79,20,8
U02638,C0260,S0260,2025-07-01,18,61,84,27
U02639,C0260,S0260,2025-08-01,28,97,72,22
U02640,C0260,S0260,2025-09-01,26,64,97,7
U02641,C0260,S0260,2025-10-01,9,35,33,9
U02642,C0260,S0260,2025-11-01,19,100,67,10
U02643,C0260,S0260,2025-12-01,11,75,21,17
U02644,C0260,S0260,2026-01-01,24,136,74,26
U02645,C0260,S0260,2026-02-01,32,281,38,28
U02646,C0260,S0260,2026-03-01,12,90,48,21
U02647,C0260,S0260,2026-04-01,22,157,100,20
U02648,C0260,S0260,2026-05-01,13,76,14,14
U02649,C0260,S0260,2026-06-01,13,56,27,6
U02650,C0260,S0260,2026-07-01,15,118,25,29
U02651,C0261,S0261,2025-04-01,9,28,39,10
U02652,C0261,S0261,2025-05-01,3,13,5,3
U02653,C0261,S0261,2025-06-01,10,72,24,8
U02654,C0261,S0261,2025-07-01,8,29,21,14
U02655,C0261,S0261,2025-08-01,2,5,9,4
U02656,C0261,S0261,2025-09-01,8,43,18,12
U02657,C0261,S0261,2025-10-01,7,51,13,3
U02658,C0261,S0261,2025-11-01,9,46,24,12
U02659,C0261,S0261,2025-12-01,6,16,16,12
U02660,C0261,S0261,2026-01-01,11,74,46,14
U02661,C0261,S0261,2026-02-01,8,47,8,4
U02662,C0261,S0261,2026-03-01,4,39,20,8
U02663,C0261,S0261,2026-04-01,11,96,19,4
U02664,C0261,S0261,2026-05-01,10,67,37,14
U02665,C0261,S0261,2026-06-01,9,71,19,14
U02666,C0261,S0261,2026-07-01,5,22,22,10
U02667,C0262,S0262,2025-03-01,3,21,7,4
U02668,C0262,S0262,2025-04-01,5,23,14,3
U02669,C0262,S0262,2025-05-01,8,60,35,7
U02670,C0262,S0262,2025-06-01,8,38,39,15
U02671,C0262,S0262,2025-07-01,6,49,26,12
U02672,C0262,S0262,2025-08-01,11,91,25,20
U02673,C0262,S0262,2025-09-01,4,38,10,4
U02674,C0262,S0262,2025-10-01,5,13,17,10
U02675,C0262,S0262,2025-11-01,4,19,13,8
U02676,C0262,S0262,2025-12-01,5,40,23,1
U02677,C0262,S0262,2026-01-01,1,4,3,1
U02678,C0262,S0262,2026-02-01,4,25,17,7
U02679,C0262,S0262,2026-03-01,3,13,9,3
U02680,C0262,S0262,2026-04-01,11,35,42,16
U02681,C0262,S0262,2026-05-01,11,110,46,10
U02682,C0262,S0262,2026-06-01,5,21,8,7
U02683,C0262,S0262,2026-07-01,0,0,0,0
U02684,C0263,S0263,2025-05-01,2,15,4,3
U02685,C0263,S0263,2025-06-01,3,12,12,2
U02686,C0263,S0263,2025-07-01,2,8,3,2
U02687,C0263,S0263,2025-08-01,5,46,9,3
U02688,C0263,S0263,2025-09-01,2,18,8,1
U02689,C0263,S0263,2025-10-01,4,22,15,7
U02690,C0263,S0263,2025-11-01,3,7,12,5
U02691,C0263,S0263,2025-12-01,3,15,6,5
U02692,C0263,S0263,2026-01-01,5,16,15,6
U02693,C0263,S0263,2026-02-01,1,10,2,1
U02694,C0263,S0263,2026-03-01,1,6,4,1
U02695,C0263,S0263,2026-04-01,2,8,10,4
U02696,C0263,S0263,2026-05-01,4,31,8,4
U02697,C0263,S0263,2026-06-01,3,20,6,2
U02698,C0263,S0263,2026-07-01,4,28,13,8
U02699,C0264,S0264,2025-06-01,25,80,25,16
U02700,C0264,S0264,2025-07-01,17,44,65,31
U02701,C0264,S0264,2025-08-01,12,109,48,16
U02702,C0264,S0264,2025-09-01,29,164,106,28
U02703,C0264,S0264,2025-10-01,26,55,101,12
U02704,C0264,S0264,2025-11-01,16,116,28,9
U02705,C0264,S0264,2025-12-01,21,141,44,21
U02706,C0264,S0264,2026-01-01,11,98,48,18
U02707,C0264,S0264,2026-02-01,18,100,32,4
U02708,C0265,S0265,2025-09-01,15,138,23,12
U02709,C0265,S0265,2025-10-01,24,194,117,21
U02710,C0265,S0265,2025-11-01,23,106,103,36
U02711,C0265,S0265,2025-12-01,10,82,41,17
U02712,C0265,S0265,2026-01-01,26,184,92,42
U02713,C0265,S0265,2026-02-01,31,85,131,27
U02714,C0265,S0265,2026-03-01,32,99,126,50
U02715,C0265,S0265,2026-04-01,10,37,40,19
U02716,C0265,S0265,2026-05-01,26,120,126,9
U02717,C0265,S0265,2026-06-01,28,57,34,7
U02718,C0265,S0265,2026-07-01,35,154,114,57
U02719,C0266,S0266,2025-02-01,24,126,41,47
U02720,C0266,S0266,2025-03-01,36,205,86,64
U02721,C0266,S0266,2025-04-01,23,220,72,34
U02722,C0266,S0266,2025-05-01,42,373,199,47
U02723,C0266,S0266,2025-06-01,77,664,305,130
U02724,C0266,S0266,2025-07-01,73,304,145,142
U02725,C0266,S0266,2025-08-01,41,213,111,70
U02726,C0266,S0266,2025-09-01,38,262,148,33
U02727,C0266,S0266,2025-10-01,71,429,133,18
U02728,C0266,S0266,2025-11-01,80,436,289,111
U02729,C0266,S0266,2025-12-01,34,160,104,32
U02730,C0266,S0266,2026-01-01,22,119,38,18
U02731,C0266,S0266,2026-02-01,53,162,191,61
U02732,C0266,S0266,2026-03-01,77,490,113,136
U02733,C0266,S0266,2026-04-01,0,0,0,0
U02734,C0266,S0266,2026-05-01,74,506,119,123
U02735,C0266,S0266,2026-06-01,57,374,241,80
U02736,C0266,S0266,2026-07-01,62,376,211,103
U02737,C0267,S0267,2025-09-01,78,333,368,143
U02738,C0267,S0267,2025-10-01,49,104,158,21
U02739,C0267,S0267,2025-11-01,38,151,52,16
U02740,C0267,S0267,2025-12-01,69,163,170,129
U02741,C0267,S0267,2026-01-01,48,177,78,63
U02742,C0267,S0267,2026-02-01,66,602,192,62
U02743,C0267,S0267,2026-03-01,38,374,72,28
U02744,C0267,S0267,2026-04-01,35,84,94,48
U02745,C0267,S0267,2026-05-01,56,260,235,28
U02746,C0267,S0267,2026-06-01,83,540,289,107
U02747,C0267,S0267,2026-07-01,10,38,19,12
U02748,C0268,S0268,2025-09-01,9,54,21,2
U02749,C0268,S0268,2025-10-01,4,39,10,6
U02750,C0268,S0268,2025-11-01,10,65,45,8
U02751,C0268,S0268,2025-12-01,7,58,23,3
U02752,C0268,S0268,2026-01-01,5,14,11,4
U02753,C0269,S0269,2025-12-01,33,236,147,47
U02754,C0269,S0269,2026-01-01,47,370,106,57
U02755,C0269,S0269,2026-02-01,30,178,103,35
U02756,C0269,S0269,2026-03-01,49,421,61,23
U02757,C0269,S0269,2026-04-01,75,259,312,113
U02758,C0269,S0269,2026-05-01,54,304,210,25
U02759,C0269,S0269,2026-06-01,72,338,246,60
U02760,C0269,S0269,2026-07-01,49,184,156,90
U02761,C0270,S0270,2025-10-01,5,25,14,2
U02762,C0270,S0270,2025-11-01,1,10,4,1
U02763,C0270,S0270,2025-12-01,6,18,24,10
U02764,C0270,S0270,2026-01-01,6,58,26,2
U02765,C0270,S0270,2026-02-01,4,17,10,3
U02766,C0270,S0270,2026-03-01,8,49,36,2
U02767,C0270,S0270,2026-04-01,7,52,18,2
U02768,C0270,S0270,2026-05-01,3,29,13,1
U02769,C0270,S0270,2026-06-01,10,50,28,14
U02770,C0270,S0270,2026-07-01,4,29,12,7
U02771,C0271,S0271,2025-03-01,5,48,8,6
U02772,C0271,S0271,2025-04-01,5,23,6,8
U02773,C0271,S0271,2025-05-01,9,19,37,5
U02774,C0271,S0271,2025-06-01,8,27,39,7
U02775,C0271,S0271,2025-07-01,5,44,12,8
U02776,C0271,S0271,2025-08-01,3,24,5,6
U02777,C0271,S0271,2025-09-01,5,17,13,8
U02778,C0271,S0271,2025-10-01,4,16,12,5
U02779,C0271,S0271,2025-11-01,6,31,24,5
U02780,C0271,S0271,2025-12-01,9,84,13,8
U02781,C0271,S0271,2026-01-01,5,19,8,4
U02782,C0271,S0271,2026-02-01,5,42,13,9
U02783,C0271,S0271,2026-03-01,5,42,19,3
U02784,C0271,S0271,2026-04-01,10,62,34,4
U02785,C0271,S0271,2026-05-01,10,39,25,19
U02786,C0271,S0271,2026-06-01,11,67,39,10
U02787,C0271,S0271,2026-07-01,4,15,9,4
U02788,C0272,S0272,2025-04-01,21,164,39,15
U02789,C0272,S0272,2025-05-01,11,38,17,12
U02790,C0272,S0272,2025-06-01,18,78,32,25
U02791,C0272,S0272,2025-07-01,28,158,130,20
U02792,C0272,S0272,2025-08-01,21,179,101,26
U02793,C0272,S0272,2025-09-01,0,0,0,0
U02794,C0272,S0272,2025-10-01,25,229,33,47
U02795,C0272,S0272,2025-11-01,0,0,0,0
U02796,C0272,S0272,2025-12-01,20,42,83,27
U02797,C0272,S0272,2026-01-01,17,50,50,8
U02798,C0272,S0272,2026-02-01,17,111,56,12
U02799,C0272,S0272,2026-03-01,25,85,61,24
U02800,C0272,S0272,2026-04-01,24,114,38,32
U02801,C0272,S0272,2026-05-01,25,135,91,43
U02802,C0272,S0272,2026-06-01,22,192,110,20
U02803,C0272,S0272,2026-07-01,15,104,69,13
U02804,C0273,S0273,2025-04-01,4,38,16,6
U02805,C0273,S0273,2025-05-01,3,6,7,3
U02806,C0273,S0273,2025-06-01,4,17,12,7
U02807,C0273,S0273,2025-07-01,3,15,11,4
U02808,C0273,S0273,2025-08-01,2,9,5,2
U02809,C0273,S0273,2025-09-01,1,8,2,0
U02810,C0273,S0273,2025-10-01,2,8,3,4
U02811,C0273,S0273,2025-11-01,0,0,0,0
U02812,C0273,S0273,2025-12-01,4,33,17,1
U02813,C0273,S0273,2026-01-01,5,41,11,9
U02814,C0273,S0273,2026-02-01,2,12,8,2
U02815,C0273,S0273,2026-03-01,4,35,10,5
U02816,C0273,S0273,2026-04-01,2,8,4,2
U02817,C0273,S0273,2026-05-01,2,14,6,1
U02818,C0273,S0273,2026-06-01,3,28,6,6
U02819,C0273,S0273,2026-07-01,4,32,5,6
U02820,C0274,S0274,2025-03-01,10,93,17,4
U02821,C0274,S0274,2025-04-01,4,31,7,1
U02822,C0274,S0274,2025-05-01,6,38,17,5
U02823,C0274,S0274,2025-06-01,3,22,14,3
U02824,C0274,S0274,2025-07-01,9,34,23,18
U02825,C0274,S0274,2025-08-01,10,39,16,5
U02826,C0274,S0274,2025-09-01,8,28,21,6
U02827,C0274,S0274,2025-10-01,6,15,18,8
U02828,C0274,S0274,2025-11-01,5,49,15,8
U02829,C0274,S0274,2025-12-01,10,49,40,3
U02830,C0274,S0274,2026-01-01,9,73,22,2
U02831,C0274,S0274,2026-02-01,4,22,4,6
U02832,C0274,S0274,2026-03-01,8,69,30,11
U02833,C0274,S0274,2026-04-01,3,10,14,6
U02834,C0274,S0274,2026-05-01,10,58,48,15
U02835,C0274,S0274,2026-06-01,3,8,12,5
U02836,C0274,S0274,2026-07-01,11,24,27,22
U02837,C0275,S0275,2025-12-01,12,71,32,6
U02838,C0275,S0275,2026-01-01,23,122,24,8
U02839,C0275,S0275,2026-02-01,20,156,71,37
U02840,C0275,S0275,2026-03-01,13,101,65,12
U02841,C0275,S0275,2026-04-01,0,0,0,0
U02842,C0275,S0275,2026-05-01,25,52,64,15
U02843,C0275,S0275,2026-06-01,9,77,29,15
U02844,C0275,S0275,2026-07-01,33,297,115,12
U02845,C0276,S0276,2026-01-01,9,60,44,8
U02846,C0276,S0276,2026-02-01,5,38,6,6
U02847,C0276,S0276,2026-03-01,10,83,12,6
U02848,C0276,S0276,2026-04-01,7,46,34,3
U02849,C0276,S0276,2026-05-01,3,28,4,1
U02850,C0276,S0276,2026-06-01,11,72,16,17
U02851,C0277,S0277,2026-04-01,9,57,42,3
U02852,C0277,S0277,2026-05-01,11,49,39,5
U02853,C0277,S0277,2026-06-01,5,32,18,9
U02854,C0277,S0277,2026-07-01,2,16,8,2
U02855,C0278,S0278,2025-05-01,10,91,27,9
U02856,C0278,S0278,2025-06-01,8,62,35,6
U02857,C0278,S0278,2025-07-01,7,30,12,6
U02858,C0278,S0278,2025-08-01,7,28,30,9
U02859,C0278,S0278,2025-09-01,10,81,25,5
U02860,C0278,S0278,2025-10-01,0,0,0,0
U02861,C0278,S0278,2025-11-01,8,61,35,15
U02862,C0278,S0278,2025-12-01,3,24,11,6
U02863,C0278,S0278,2026-01-01,3,17,6,4
U02864,C0278,S0278,2026-02-01,8,36,28,9
U02865,C0278,S0278,2026-03-01,7,45,18,12
U02866,C0278,S0278,2026-04-01,11,54,47,8
U02867,C0278,S0278,2026-05-01,4,9,17,8
U02868,C0278,S0278,2026-06-01,5,42,22,6
U02869,C0278,S0278,2026-07-01,6,21,13,12
U02870,C0279,S0279,2025-02-01,12,118,31,21
U02871,C0279,S0279,2025-03-01,24,54,112,27
U02872,C0279,S0279,2025-04-01,32,76,102,29
U02873,C0279,S0279,2025-05-01,21,101,103,28
U02874,C0279,S0279,2025-06-01,10,52,19,15
U02875,C0279,S0279,2025-07-01,31,220,136,21
U02876,C0279,S0279,2025-08-01,10,55,26,16
U02877,C0279,S0279,2025-09-01,27,180,118,10
U02878,C0279,S0279,2025-10-01,16,53,53,25
U02879,C0279,S0279,2025-11-01,11,40,32,20
U02880,C0279,S0279,2025-12-01,18,105,75,25
U02881,C0279,S0279,2026-01-01,3,16,13,1
U02882,C0279,S0279,2026-02-01,16,156,64,23
U02883,C0279,S0279,2026-03-01,10,100,32,12
U02884,C0279,S0279,2026-04-01,18,162,50,13
U02885,C0279,S0279,2026-05-01,11,100,14,21
U02886,C0279,S0279,2026-06-01,28,204,125,48
U02887,C0279,S0279,2026-07-01,26,67,48,17
U02888,C0280,S0280,2025-05-01,16,138,60,20
U02889,C0280,S0280,2025-06-01,20,50,58,22
U02890,C0280,S0280,2025-07-01,33,295,105,10
U02891,C0280,S0280,2025-08-01,13,129,22,11
U02892,C0280,S0280,2025-09-01,20,65,36,24
U02893,C0280,S0280,2025-10-01,1,8,4,2
U02894,C0280,S0280,2025-11-01,8,70,17,3
U02895,C0280,S0280,2025-12-01,22,175,52,19
U02896,C0280,S0280,2026-01-01,17,94,19,9
U02897,C0280,S0280,2026-02-01,11,88,42,13
U02898,C0280,S0280,2026-03-01,29,109,111,8
U02899,C0280,S0280,2026-04-01,22,220,24,38
U02900,C0280,S0280,2026-05-01,34,203,97,12
U02901,C0280,S0280,2026-06-01,13,58,22,24
U02902,C0281,S0281,2025-04-01,9,54,19,14
U02903,C0281,S0281,2025-05-01,7,46,8,3
U02904,C0281,S0281,2025-06-01,7,55,32,9
U02905,C0281,S0281,2025-07-01,9,32,42,14
U02906,C0281,S0281,2025-08-01,8,58,29,15
U02907,C0281,S0281,2025-09-01,6,50,10,7
U02908,C0281,S0281,2025-10-01,3,13,12,3
U02909,C0281,S0281,2025-11-01,6,43,29,4
U02910,C0281,S0281,2025-12-01,11,42,54,18
U02911,C0281,S0281,2026-01-01,6,19,9,11
U02912,C0281,S0281,2026-02-01,9,74,27,11
U02913,C0281,S0281,2026-03-01,3,21,4,4
U02914,C0281,S0281,2026-04-01,11,68,22,7
U02915,C0281,S0281,2026-05-01,8,34,25,8
U02916,C0281,S0281,2026-06-01,0,0,0,0
U02917,C0281,S0281,2026-07-01,7,38,31,13
U02918,C0282,S0282,2026-03-01,4,10,17,4
U02919,C0282,S0282,2026-04-01,3,12,5,1
U02920,C0282,S0282,2026-05-01,3,15,13,5
U02921,C0282,S0282,2026-06-01,2,11,2,2
U02922,C0282,S0282,2026-07-01,2,8,9,3
U02923,C0283,S0283,2026-03-01,4,39,15,7
U02924,C0283,S0283,2026-04-01,9,49,38,7
U02925,C0283,S0283,2026-05-01,9,35,18,13
U02926,C0283,S0283,2026-06-01,10,98,18,14
U02927,C0283,S0283,2026-07-01,6,35,13,11
U02928,C0284,S0284,2025-09-01,24,174,116,43
U02929,C0284,S0284,2025-10-01,13,37,24,16
U02930,C0284,S0284,2025-11-01,21,149,39,23
U02931,C0284,S0284,2025-12-01,9,41,44,8
U02932,C0284,S0284,2026-01-01,24,111,84,41
U02933,C0284,S0284,2026-02-01,33,200,66,43
U02934,C0284,S0284,2026-03-01,8,54,12,5
U02935,C0284,S0284,2026-04-01,22,162,72,34
U02936,C0284,S0284,2026-05-01,19,111,45,13
U02937,C0284,S0284,2026-06-01,13,74,47,25
U02938,C0284,S0284,2026-07-01,31,157,123,18
U02939,C0285,S0285,2025-02-01,9,84,34,4
U02940,C0285,S0285,2025-03-01,8,58,38,7
U02941,C0285,S0285,2025-04-01,11,73,42,10
U02942,C0285,S0285,2025-05-01,3,27,6,6
U02943,C0285,S0285,2025-06-01,3,14,13,3
U02944,C0285,S0285,2025-07-01,11,27,49,13
U02945,C0285,S0285,2025-08-01,11,44,44,15
U02946,C0285,S0285,2025-09-01,7,43,15,7
U02947,C0285,S0285,2025-10-01,9,46,15,3
U02948,C0285,S0285,2025-11-01,4,22,14,5
U02949,C0285,S0285,2025-12-01,9,38,20,16
U02950,C0285,S0285,2026-01-01,3,28,4,4
U02951,C0285,S0285,2026-02-01,8,55,9,6
U02952,C0285,S0285,2026-03-01,4,20,13,1
U02953,C0285,S0285,2026-04-01,10,99,46,8
U02954,C0285,S0285,2026-05-01,3,28,6,5
U02955,C0285,S0285,2026-06-01,9,32,42,10
U02956,C0285,S0285,2026-07-01,0,0,0,0
U02957,C0286,S0286,2026-02-01,11,74,50,17
U02958,C0286,S0286,2026-03-01,22,167,102,15
U02959,C0286,S0286,2026-04-01,32,154,89,12
U02960,C0286,S0286,2026-05-01,18,59,47,12
U02961,C0286,S0286,2026-06-01,12,42,57,19
U02962,C0286,S0286,2026-07-01,8,22,27,11
U02963,C0287,S0287,2026-02-01,5,16,8,6
U02964,C0287,S0287,2026-03-01,3,19,15,4
U02965,C0287,S0287,2026-04-01,5,45,15,4
U02966,C0287,S0287,2026-05-01,11,31,23,10
U02967,C0287,S0287,2026-06-01,3,24,4,4
U02968,C0287,S0287,2026-07-01,11,41,43,10
U02969,C0288,S0288,2026-04-01,18,155,64,10
U02970,C0288,S0288,2026-05-01,10,70,38,3
U02971,C0288,S0288,2026-06-01,13,123,56,4
U02972,C0288,S0288,2026-07-01,16,85,17,17
U02973,C0289,S0289,2025-09-01,24,83,110,36
U02974,C0289,S0289,2025-10-01,18,155,74,19
U02975,C0289,S0289,2025-11-01,15,143,16,11
U02976,C0289,S0289,2025-12-01,13,91,43,19
U02977,C0289,S0289,2026-01-01,18,64,41,12
U02978,C0289,S0289,2026-02-01,29,84,46,48
U02979,C0289,S0289,2026-03-01,26,89,75,32
U02980,C0289,S0289,2026-04-01,14,76,59,4
U02981,C0289,S0289,2026-05-01,19,40,73,28
U02982,C0289,S0289,2026-06-01,10,51,22,17
U02983,C0289,S0289,2026-07-01,0,0,0,0
U02984,C0290,S0290,2026-03-01,5,20,18,8
U02985,C0290,S0290,2026-04-01,0,0,0,0
U02986,C0290,S0290,2026-05-01,11,102,15,15
U02987,C0290,S0290,2026-06-01,11,69,20,22
U02988,C0290,S0290,2026-07-01,8,71,26,13
U02989,C0291,S0291,2025-11-01,26,124,31,15
U02990,C0291,S0291,2025-12-01,10,40,14,13
U02991,C0291,S0291,2026-01-01,25,180,100,16
U02992,C0291,S0291,2026-02-01,28,259,62,25
U02993,C0291,S0291,2026-03-01,22,176,66,12
U02994,C0291,S0291,2026-04-01,35,337,118,11
U02995,C0291,S0291,2026-05-01,22,135,79,19
U02996,C0291,S0291,2026-06-01,28,146,65,17
U02997,C0291,S0291,2026-07-01,14,137,65,23
U02998,C0292,S0292,2025-02-01,16,152,68,8
U02999,C0292,S0292,2025-03-01,24,111,52,9
U03000,C0292,S0292,2025-04-01,17,58,38,33
U03001,C0292,S0292,2025-05-01,26,192,77,14
U03002,C0292,S0292,2025-06-01,22,179,89,41
U03003,C0292,S0292,2025-07-01,14,42,29,22
U03004,C0292,S0292,2025-08-01,25,223,88,22
U03005,C0292,S0292,2025-09-01,10,34,40,17
U03006,C0292,S0292,2025-10-01,30,131,50,16
U03007,C0292,S0292,2025-11-01,15,132,53,30
U03008,C0292,S0292,2025-12-01,14,93,34,15
U03009,C0292,S0292,2026-01-01,22,148,24,7
U03010,C0292,S0292,2026-02-01,8,42,28,7
U03011,C0292,S0292,2026-03-01,12,52,26,3
U03012,C0292,S0292,2026-04-01,29,191,126,21
U03013,C0292,S0292,2026-05-01,2,15,3,3
U03014,C0292,S0292,2026-06-01,17,130,62,33
U03015,C0292,S0292,2026-07-01,31,211,46,13
U03016,C0293,S0293,2025-03-01,9,55,21,13
U03017,C0293,S0293,2025-04-01,33,175,49,20
U03018,C0293,S0293,2025-05-01,34,209,161,25
U03019,C0293,S0293,2025-06-01,12,42,18,5
U03020,C0293,S0293,2025-07-01,24,83,84,25
U03021,C0293,S0293,2025-08-01,22,214,52,19
U03022,C0293,S0293,2025-09-01,26,149,118,40
U03023,C0293,S0293,2025-10-01,10,39,36,11
U03024,C0293,S0293,2025-11-01,35,247,116,47
U03025,C0293,S0293,2025-12-01,30,247,49,23
U03026,C0293,S0293,2026-01-01,23,137,81,35
U03027,C0293,S0293,2026-02-01,25,97,76,28
U03028,C0293,S0293,2026-03-01,17,59,67,21
U03029,C0293,S0293,2026-04-01,11,93,20,11
U03030,C0293,S0293,2026-05-01,11,39,43,7
U03031,C0293,S0293,2026-06-01,15,144,58,25
U03032,C0293,S0293,2026-07-01,13,112,53,22
U03033,C0294,S0294,2026-05-01,11,29,52,13
U03034,C0294,S0294,2026-06-01,3,21,6,2
U03035,C0294,S0294,2026-07-01,7,19,35,3
U03036,C0295,S0295,2026-04-01,34,302,61,7
U03037,C0295,S0295,2026-05-01,13,52,57,11
U03038,C0295,S0295,2026-06-01,11,43,28,21
U03039,C0295,S0295,2026-07-01,25,140,38,38
U03040,C0296,S0296,2026-02-01,8,66,34,13
U03041,C0296,S0296,2026-03-01,9,73,34,17
U03042,C0296,S0296,2026-04-01,8,37,13,11
U03043,C0296,S0296,2026-05-01,3,12,6,3
U03044,C0296,S0296,2026-06-01,6,56,22,7
U03045,C0296,S0296,2026-07-01,3,25,10,5
U03046,C0297,S0297,2025-04-01,11,47,24,20
U03047,C0297,S0297,2025-05-01,3,28,4,3
U03048,C0297,S0297,2025-06-01,10,26,22,10
U03049,C0297,S0297,2025-07-01,7,67,19,2
U03050,C0297,S0297,2025-08-01,7,43,19,3
U03051,C0297,S0297,2025-09-01,10,72,32,7
U03052,C0297,S0297,2025-10-01,9,56,17,8
U03053,C0297,S0297,2025-11-01,7,63,30,9
U03054,C0297,S0297,2025-12-01,5,45,17,1
U03055,C0297,S0297,2026-01-01,9,59,12,13
U03056,C0297,S0297,2026-02-01,7,60,9,12
U03057,C0297,S0297,2026-03-01,8,44,34,15
U03058,C0297,S0297,2026-04-01,8,72,28,5
U03059,C0297,S0297,2026-05-01,4,39,11,7
U03060,C0297,S0297,2026-06-01,11,38,31,14
U03061,C0297,S0297,2026-07-01,8,70,11,5
U03062,C0298,S0298,2025-04-01,10,25,42,3
U03063,C0298,S0298,2025-05-01,0,0,0,0
U03064,C0298,S0298,2025-06-01,30,283,61,42
U03065,C0298,S0298,2025-07-01,28,240,123,44
U03066,C0298,S0298,2025-08-01,0,0,0,0
U03067,C0298,S0298,2025-09-01,32,251,59,37
U03068,C0298,S0298,2025-10-01,24,193,103,22
U03069,C0298,S0298,2025-11-01,21,48,33,38
U03070,C0298,S0298,2025-12-01,13,48,54,26
U03071,C0298,S0298,2026-01-01,0,0,0,0
U03072,C0298,S0298,2026-02-01,0,0,0,0
U03073,C0298,S0298,2026-03-01,25,92,109,6
U03074,C0298,S0298,2026-04-01,12,97,47,17
U03075,C0298,S0298,2026-05-01,9,42,30,4
U03076,C0298,S0298,2026-06-01,35,206,82,58
U03077,C0298,S0298,2026-07-01,32,118,149,28
U03078,C0299,S0299,2025-08-01,25,179,43,15
U03079,C0299,S0299,2025-09-01,30,215,95,39
U03080,C0299,S0299,2025-10-01,0,0,0,0
U03081,C0299,S0299,2025-11-01,27,269,33,48
U03082,C0299,S0299,2025-12-01,9,20,17,6
U03083,C0299,S0299,2026-01-01,34,275,106,28
U03084,C0299,S0299,2026-02-01,22,94,71,40
U03085,C0299,S0299,2026-03-01,19,100,86,17
U03086,C0299,S0299,2026-04-01,11,72,13,3
U03087,C0299,S0299,2026-05-01,31,223,93,25
U03088,C0299,S0299,2026-06-01,29,230,100,21
U03089,C0299,S0299,2026-07-01,29,78,36,12
U03090,C0300,S0300,2026-04-01,3,9,5,4
U03091,C0300,S0300,2026-05-01,9,31,41,4
U03092,C0300,S0300,2026-06-01,3,23,14,5
U03093,C0300,S0300,2026-07-01,8,16,14,12
